OrderID,CustomerID,OrderDate,Category,Product,Quantity,UnitPrice,Discount,Revenue
CA-2016-152156,CG-12520,2016-11-08,Furniture,Bookcases,2,130.98,0.0,261.96
CA-2016-152156,CG-12520,2016-11-08,Furniture,Chairs,3,243.98,0.0,731.94
CA-2016-138688,DV-13045,2016-06-12,Office Supplies,Labels,2,7.31,0.0,14.62
US-2015-108966,SO-20335,2015-10-11,Furniture,Tables,5,191.52,0.45,957.58
US-2015-108966,SO-20335,2015-10-11,Office Supplies,Storage,2,11.18,0.2,22.37
CA-2014-115812,BH-11710,2014-06-09,Furniture,Furnishings,7,6.98,0.0,48.86
CA-2014-115812,BH-11710,2014-06-09,Office Supplies,Art,4,1.82,0.0,7.28
CA-2014-115812,BH-11710,2014-06-09,Technology,Phones,6,151.19,0.2,907.15
CA-2014-115812,BH-11710,2014-06-09,Office Supplies,Binders,3,6.17,0.2,18.5
CA-2014-115812,BH-11710,2014-06-09,Office Supplies,Appliances,5,22.98,0.0,114.9
CA-2014-115812,BH-11710,2014-06-09,Furniture,Tables,9,189.58,0.2,1706.18
CA-2014-115812,BH-11710,2014-06-09,Technology,Phones,4,227.86,0.2,911.42
CA-2017-114412,AA-10480,2017-04-15,Office Supplies,Paper,3,5.18,0.2,15.55
CA-2016-161389,IM-15070,2016-12-05,Office Supplies,Binders,3,135.99,0.2,407.98
US-2015-118983,HP-14815,2015-11-22,Office Supplies,Appliances,5,13.76,0.8,68.81
US-2015-118983,HP-14815,2015-11-22,Office Supplies,Binders,3,0.85,0.8,2.54
CA-2014-105893,PK-19075,2014-11-11,Office Supplies,Storage,6,110.98,0.0,665.88
CA-2014-167164,AG-10270,2014-05-13,Office Supplies,Storage,2,27.75,0.0,55.5
CA-2014-143336,ZD-21925,2014-08-27,Office Supplies,Art,2,4.28,0.0,8.56
CA-2014-143336,ZD-21925,2014-08-27,Technology,Phones,3,71.16,0.2,213.48
CA-2014-143336,ZD-21925,2014-08-27,Office Supplies,Binders,4,5.68,0.2,22.72
CA-2016-137330,KB-16585,2016-12-09,Office Supplies,Art,7,2.78,0.0,19.46
CA-2016-137330,KB-16585,2016-12-09,Office Supplies,Appliances,7,8.62,0.0,60.34
US-2017-156909,SF-20065,2017-07-16,Furniture,Chairs,2,35.69,0.3,71.37
CA-2015-106320,EB-13870,2015-09-25,Furniture,Tables,3,348.21,0.0,1044.63
CA-2016-121755,EH-13945,2016-01-16,Office Supplies,Binders,2,5.82,0.2,11.65
CA-2016-121755,EH-13945,2016-01-16,Technology,Accessories,3,30.19,0.0,90.57
US-2015-150630,TB-21520,2015-09-17,Furniture,Bookcases,7,440.49,0.5,3083.43
US-2015-150630,TB-21520,2015-09-17,Office Supplies,Binders,2,4.81,0.7,9.62
US-2015-150630,TB-21520,2015-09-17,Furniture,Furnishings,3,41.4,0.2,124.2
US-2015-150630,TB-21520,2015-09-17,Office Supplies,Envelopes,2,1.63,0.2,3.26
US-2015-150630,TB-21520,2015-09-17,Office Supplies,Art,6,14.38,0.2,86.3
US-2015-150630,TB-21520,2015-09-17,Office Supplies,Binders,6,1.14,0.7,6.86
US-2015-150630,TB-21520,2015-09-17,Office Supplies,Art,2,7.88,0.2,15.76
CA-2017-107727,MA-17560,2017-10-19,Office Supplies,Paper,3,9.82,0.2,29.47
CA-2016-117590,GH-14485,2016-12-08,Technology,Phones,7,156.79,0.2,1097.54
CA-2016-117590,GH-14485,2016-12-08,Furniture,Furnishings,5,38.18,0.6,190.92
CA-2015-117415,SN-20710,2015-12-27,Office Supplies,Envelopes,9,12.59,0.2,113.33
CA-2015-117415,SN-20710,2015-12-27,Furniture,Bookcases,3,177.47,0.32,532.4
CA-2015-117415,SN-20710,2015-12-27,Furniture,Chairs,3,70.69,0.3,212.06
CA-2015-117415,SN-20710,2015-12-27,Technology,Phones,4,92.79,0.2,371.17
CA-2017-120999,LC-16930,2017-09-10,Technology,Phones,4,36.79,0.2,147.17
CA-2016-101343,RA-19885,2016-07-17,Office Supplies,Storage,2,38.94,0.0,77.88
CA-2017-139619,ES-14080,2017-09-19,Office Supplies,Storage,2,47.81,0.2,95.62
CA-2016-118255,ON-18715,2016-03-11,Technology,Accessories,2,22.99,0.0,45.98
CA-2016-118255,ON-18715,2016-03-11,Office Supplies,Binders,2,8.73,0.0,17.46
CA-2014-146703,PO-18865,2014-10-20,Office Supplies,Storage,4,52.99,0.0,211.96
CA-2016-169194,LH-16900,2016-06-20,Technology,Accessories,3,15.0,0.0,45.0
CA-2016-169194,LH-16900,2016-06-20,Technology,Phones,2,10.9,0.0,21.8
CA-2015-115742,DP-13000,2015-04-18,Office Supplies,Binders,6,6.37,0.0,38.22
CA-2015-115742,DP-13000,2015-04-18,Office Supplies,Labels,6,12.53,0.0,75.18
CA-2015-115742,DP-13000,2015-04-18,Furniture,Furnishings,2,3.08,0.0,6.16
CA-2015-115742,DP-13000,2015-04-18,Furniture,Chairs,1,89.99,0.0,89.99
CA-2016-105816,JM-15265,2016-12-11,Office Supplies,Fasteners,7,2.18,0.0,15.26
CA-2016-105816,JM-15265,2016-12-11,Technology,Phones,5,205.99,0.0,1029.95
CA-2016-111682,TB-21055,2016-06-17,Office Supplies,Storage,6,34.76,0.0,208.56
CA-2016-111682,TB-21055,2016-06-17,Office Supplies,Paper,5,6.48,0.0,32.4
CA-2016-111682,TB-21055,2016-06-17,Furniture,Chairs,5,63.88,0.1,319.41
CA-2016-111682,TB-21055,2016-06-17,Office Supplies,Paper,2,7.28,0.0,14.56
CA-2016-111682,TB-21055,2016-06-17,Technology,Accessories,2,15.0,0.0,30.0
CA-2016-111682,TB-21055,2016-06-17,Office Supplies,Binders,4,12.12,0.2,48.48
CA-2016-111682,TB-21055,2016-06-17,Office Supplies,Art,1,1.68,0.0,1.68
CA-2015-135545,KM-16720,2015-11-24,Technology,Accessories,2,6.99,0.0,13.98
CA-2015-135545,KM-16720,2015-11-24,Office Supplies,Binders,6,4.3,0.2,25.82
CA-2015-135545,KM-16720,2015-11-24,Office Supplies,Paper,3,48.91,0.0,146.73
CA-2015-135545,KM-16720,2015-11-24,Furniture,Furnishings,4,19.94,0.0,79.76
US-2015-164175,PS-18970,2015-04-30,Furniture,Chairs,5,42.62,0.3,213.12
CA-2014-106376,BS-11590,2014-12-05,Office Supplies,Art,8,139.13,0.2,1113.02
CA-2014-106376,BS-11590,2014-12-05,Technology,Phones,4,41.99,0.2,167.97
CA-2016-119823,KD-16270,2016-06-04,Office Supplies,Paper,2,37.94,0.0,75.88
CA-2016-106075,HM-14980,2016-09-18,Office Supplies,Binders,1,4.62,0.2,4.62
CA-2017-114440,TB-21520,2017-09-14,Office Supplies,Paper,3,6.35,0.0,19.05
US-2015-134026,JE-15745,2015-04-26,Furniture,Chairs,8,103.99,0.2,831.94
US-2015-134026,JE-15745,2015-04-26,Furniture,Furnishings,2,48.52,0.2,97.04
US-2015-134026,JE-15745,2015-04-26,Office Supplies,Storage,1,72.78,0.2,72.78
US-2017-118038,KB-16600,2017-12-09,Office Supplies,Binders,3,0.42,0.8,1.25
US-2017-118038,KB-16600,2017-12-09,Furniture,Furnishings,3,3.24,0.6,9.71
US-2017-118038,KB-16600,2017-12-09,Office Supplies,Storage,3,9.08,0.2,27.24
US-2014-147606,JE-15745,2014-11-26,Furniture,Furnishings,5,3.86,0.6,19.3
CA-2016-127208,SC-20770,2016-06-12,Office Supplies,Appliances,1,208.16,0.0,208.16
CA-2016-127208,SC-20770,2016-06-12,Office Supplies,Binders,3,5.58,0.0,16.74
CA-2014-139451,DN-13690,2014-10-12,Office Supplies,Art,5,2.98,0.0,14.9
CA-2014-139451,DN-13690,2014-10-12,Office Supplies,Storage,1,21.39,0.0,21.39
CA-2015-149734,JC-16105,2015-09-03,Office Supplies,Envelopes,7,28.71,0.2,200.98
US-2017-119662,CS-12400,2017-11-13,Office Supplies,Storage,3,76.79,0.2,230.38
CA-2017-140088,PO-18865,2017-05-28,Furniture,Chairs,2,150.98,0.0,301.96
CA-2017-155558,PG-18895,2017-10-26,Technology,Accessories,1,19.99,0.0,19.99
CA-2017-155558,PG-18895,2017-10-26,Office Supplies,Labels,2,3.08,0.0,6.16
CA-2016-159695,GM-14455,2016-04-05,Office Supplies,Storage,7,22.62,0.2,158.37
CA-2016-109806,JS-15685,2016-09-17,Office Supplies,Art,3,6.7,0.0,20.1
CA-2016-109806,JS-15685,2016-09-17,Technology,Phones,2,36.79,0.2,73.58
CA-2016-109806,JS-15685,2016-09-17,Office Supplies,Paper,1,6.48,0.0,6.48
CA-2015-149587,KB-16315,2015-01-31,Office Supplies,Paper,2,6.48,0.0,12.96
CA-2015-149587,KB-16315,2015-01-31,Furniture,Furnishings,3,17.78,0.0,53.34
CA-2015-149587,KB-16315,2015-01-31,Office Supplies,Binders,2,16.48,0.0,32.96
US-2017-109484,RB-19705,2017-11-06,Office Supplies,Binders,1,5.68,0.7,5.68
CA-2017-161018,PN-18775,2017-11-09,Furniture,Furnishings,7,13.79,0.0,96.53
CA-2017-157833,KD-16345,2017-06-17,Office Supplies,Binders,3,17.1,0.2,51.31
CA-2016-149223,ER-13855,2016-09-06,Office Supplies,Appliances,6,12.98,0.0,77.88
CA-2016-158568,RB-19465,2016-08-29,Office Supplies,Paper,7,9.23,0.2,64.62
CA-2016-158568,RB-19465,2016-08-29,Technology,Accessories,3,31.99,0.2,95.98
CA-2016-158568,RB-19465,2016-08-29,Office Supplies,Binders,3,0.6,0.8,1.79
CA-2016-129903,GZ-14470,2016-12-01,Office Supplies,Paper,4,5.98,0.0,23.92
US-2015-156867,LC-16870,2015-11-13,Technology,Accessories,6,39.82,0.2,238.9
US-2015-156867,LC-16870,2015-11-13,Furniture,Furnishings,3,34.12,0.2,102.36
US-2015-156867,LC-16870,2015-11-13,Office Supplies,Binders,3,12.29,0.7,36.88
CA-2017-119004,JM-15250,2017-11-23,Technology,Accessories,8,9.26,0.2,74.11
CA-2017-119004,JM-15250,2017-11-23,Technology,Phones,1,27.99,0.2,27.99
CA-2017-119004,JM-15250,2017-11-23,Office Supplies,Art,1,3.3,0.2,3.3
CA-2015-129476,PA-19060,2015-10-15,Technology,Accessories,5,67.99,0.2,339.96
CA-2017-146780,CV-12805,2017-12-25,Furniture,Furnishings,2,20.98,0.0,41.96
CA-2016-128867,CL-12565,2016-11-03,Office Supplies,Art,2,37.98,0.0,75.96
CA-2016-128867,CL-12565,2016-11-03,Office Supplies,Binders,6,4.54,0.0,27.24
CA-2014-115259,RC-19960,2014-08-25,Office Supplies,Fasteners,14,2.86,0.2,40.1
CA-2014-115259,RC-19960,2014-08-25,Office Supplies,Envelopes,2,2.36,0.2,4.72
CA-2014-115259,RC-19960,2014-08-25,Office Supplies,Paper,3,7.99,0.2,23.98
CA-2014-115259,RC-19960,2014-08-25,Office Supplies,Envelopes,6,21.74,0.2,130.46
CA-2015-110457,DK-13090,2015-03-02,Furniture,Tables,3,262.51,0.0,787.53
US-2015-136476,GG-14650,2015-04-05,Office Supplies,Binders,1,157.79,0.7,157.79
CA-2016-103730,SC-20725,2016-06-12,Furniture,Furnishings,3,15.68,0.0,47.04
CA-2016-103730,SC-20725,2016-06-12,Office Supplies,Binders,4,7.71,0.0,30.84
CA-2016-103730,SC-20725,2016-06-12,Office Supplies,Storage,6,37.76,0.0,226.56
CA-2016-103730,SC-20725,2016-06-12,Office Supplies,Envelopes,9,12.78,0.0,115.02
CA-2016-103730,SC-20725,2016-06-12,Technology,Phones,7,9.72,0.0,68.04
US-2014-152030,AD-10180,2014-12-26,Furniture,Chairs,3,200.19,0.3,600.56
US-2014-134614,PF-19165,2014-09-20,Furniture,Tables,6,102.95,0.5,617.7
US-2017-107272,TS-21610,2017-11-05,Office Supplies,Binders,2,1.19,0.7,2.39
US-2017-107272,TS-21610,2017-11-05,Office Supplies,Storage,7,34.86,0.2,243.99
US-2016-125969,LS-16975,2016-11-06,Furniture,Chairs,2,40.71,0.2,81.42
US-2016-125969,LS-16975,2016-11-06,Furniture,Furnishings,3,79.52,0.0,238.56
US-2017-164147,DW-13585,2017-02-02,Technology,Phones,5,11.99,0.4,59.97
US-2017-164147,DW-13585,2017-02-02,Office Supplies,Paper,2,39.15,0.2,78.3
US-2017-164147,DW-13585,2017-02-02,Office Supplies,Fasteners,9,2.38,0.2,21.46
CA-2016-145583,LC-16885,2016-10-13,Office Supplies,Paper,3,6.68,0.0,20.04
CA-2016-145583,LC-16885,2016-10-13,Office Supplies,Paper,1,35.44,0.0,35.44
CA-2016-145583,LC-16885,2016-10-13,Office Supplies,Art,4,2.88,0.0,11.52
CA-2016-145583,LC-16885,2016-10-13,Office Supplies,Fasteners,2,2.01,0.0,4.02
CA-2016-145583,LC-16885,2016-10-13,Office Supplies,Binders,3,25.39,0.2,76.18
CA-2016-145583,LC-16885,2016-10-13,Office Supplies,Supplies,6,10.98,0.0,65.88
CA-2016-145583,LC-16885,2016-10-13,Furniture,Furnishings,14,3.08,0.0,43.12
CA-2016-110366,JD-15895,2016-09-05,Furniture,Furnishings,2,41.4,0.2,82.8
CA-2017-106180,SH-19975,2017-09-18,Office Supplies,Art,3,2.94,0.0,8.82
CA-2017-106180,SH-19975,2017-09-18,Office Supplies,Envelopes,3,3.62,0.0,10.86
CA-2017-106180,SH-19975,2017-09-18,Office Supplies,Paper,3,47.9,0.0,143.7
CA-2017-155376,SG-20080,2017-12-22,Office Supplies,Appliances,3,279.81,0.0,839.43
CA-2015-110744,HA-14920,2015-09-07,Office Supplies,Storage,7,95.99,0.0,671.93
CA-2014-110072,MG-17680,2014-10-22,Furniture,Furnishings,4,23.47,0.2,93.89
CA-2016-114489,JE-16165,2016-12-05,Technology,Phones,11,34.95,0.0,384.45
CA-2016-114489,JE-16165,2016-12-05,Technology,Phones,3,49.99,0.0,149.97
CA-2016-114489,JE-16165,2016-12-05,Furniture,Chairs,8,243.98,0.0,1951.84
CA-2016-114489,JE-16165,2016-12-05,Office Supplies,Binders,5,34.31,0.0,171.55
CA-2016-158834,TW-21025,2016-03-13,Office Supplies,Appliances,5,31.58,0.2,157.92
CA-2016-158834,TW-21025,2016-03-13,Technology,Phones,2,101.59,0.2,203.18
CA-2015-124919,SP-20650,2015-05-31,Office Supplies,Paper,7,8.34,0.0,58.38
CA-2015-124919,SP-20650,2015-05-31,Office Supplies,Paper,4,26.38,0.0,105.52
CA-2015-124919,SP-20650,2015-05-31,Office Supplies,Storage,6,13.48,0.0,80.88
CA-2015-118948,NK-18490,2015-05-28,Office Supplies,Art,3,2.21,0.0,6.63
CA-2014-104269,DB-13060,2014-03-01,Furniture,Chairs,2,228.78,0.2,457.57
CA-2016-114104,NP-18670,2016-11-20,Office Supplies,Labels,2,7.31,0.0,14.62
CA-2016-114104,NP-18670,2016-11-20,Technology,Phones,7,134.99,0.0,944.93
CA-2016-162733,TT-21070,2016-05-11,Office Supplies,Paper,1,5.98,0.0,5.98
CA-2015-119697,EM-13960,2015-12-28,Technology,Accessories,2,27.19,0.2,54.38
CA-2016-154508,RD-19900,2016-11-16,Office Supplies,Envelopes,5,5.68,0.0,28.4
CA-2016-113817,MJ-17740,2016-11-07,Office Supplies,Binders,2,13.84,0.2,27.68
CA-2014-139892,BM-11140,2014-09-08,Office Supplies,Art,3,3.31,0.2,9.94
CA-2014-139892,BM-11140,2014-09-08,Technology,Machines,8,1019.99,0.4,8159.95
CA-2014-139892,BM-11140,2014-09-08,Office Supplies,Storage,3,91.98,0.2,275.93
CA-2014-139892,BM-11140,2014-09-08,Furniture,Chairs,9,193.34,0.3,1740.06
CA-2014-139892,BM-11140,2014-09-08,Office Supplies,Art,6,5.34,0.2,32.06
CA-2014-139892,BM-11140,2014-09-08,Office Supplies,Appliances,5,35.6,0.8,177.98
CA-2014-139892,BM-11140,2014-09-08,Technology,Phones,3,47.99,0.2,143.98
CA-2014-118962,CS-12130,2014-08-05,Office Supplies,Paper,3,6.98,0.0,20.94
CA-2014-118962,CS-12130,2014-08-05,Office Supplies,Paper,2,55.48,0.0,110.96
CA-2014-118962,CS-12130,2014-08-05,Furniture,Chairs,7,48.59,0.2,340.14
US-2014-100853,JB-15400,2014-09-14,Office Supplies,Appliances,2,26.22,0.8,52.45
US-2014-100853,JB-15400,2014-09-14,Office Supplies,Labels,4,5.04,0.2,20.16
US-2017-152366,SJ-20500,2017-04-21,Office Supplies,Appliances,4,24.32,0.8,97.26
US-2015-101511,JE-15745,2015-11-21,Furniture,Chairs,7,56.69,0.3,396.8
US-2015-101511,JE-15745,2015-11-21,Office Supplies,Supplies,5,3.18,0.2,15.88
CA-2015-137225,JK-15640,2015-12-15,Office Supplies,Art,1,3.28,0.0,3.28
CA-2014-166191,DK-13150,2014-12-05,Office Supplies,Storage,2,12.41,0.2,24.82
CA-2014-166191,DK-13150,2014-12-05,Technology,Accessories,7,58.39,0.2,408.74
CA-2014-158274,RM-19675,2014-11-19,Technology,Phones,4,125.99,0.0,503.96
CA-2014-158274,RM-19675,2014-11-19,Technology,Phones,5,29.99,0.0,149.95
CA-2014-158274,RM-19675,2014-11-19,Technology,Accessories,2,14.5,0.0,29.0
CA-2016-105018,SK-19990,2016-11-28,Office Supplies,Binders,2,3.58,0.0,7.16
CA-2014-123260,FM-14290,2014-08-26,Technology,Accessories,8,22.1,0.0,176.8
CA-2016-157000,AM-10360,2016-07-16,Office Supplies,Storage,3,12.41,0.2,37.22
CA-2016-157000,AM-10360,2016-07-16,Office Supplies,Paper,3,6.67,0.2,20.02
CA-2015-102281,MP-17470,2015-10-12,Furniture,Bookcases,4,224.78,0.2,899.14
CA-2015-102281,MP-17470,2015-10-12,Technology,Phones,6,11.96,0.0,71.76
CA-2015-102281,MP-17470,2015-10-12,Office Supplies,Paper,8,6.48,0.0,51.84
CA-2015-102281,MP-17470,2015-10-12,Furniture,Bookcases,3,208.78,0.2,626.35
CA-2015-102281,MP-17470,2015-10-12,Office Supplies,Art,5,3.98,0.0,19.9
CA-2015-131457,MZ-17515,2015-10-31,Office Supplies,Envelopes,7,2.04,0.0,14.28
CA-2014-140004,CB-12025,2014-03-21,Office Supplies,Art,2,3.7,0.2,7.41
CA-2014-140004,CB-12025,2014-03-21,Office Supplies,Art,3,2.02,0.2,6.05
CA-2017-107720,VM-21685,2017-11-06,Office Supplies,Storage,3,15.42,0.0,46.26
US-2017-124303,FH-14365,2017-07-06,Office Supplies,Binders,2,1.47,0.7,2.95
US-2017-124303,FH-14365,2017-07-06,Office Supplies,Paper,3,5.35,0.2,16.06
CA-2017-105074,MB-17305,2017-06-24,Office Supplies,Paper,3,7.25,0.2,21.74
CA-2014-133690,BS-11755,2014-08-03,Furniture,Tables,2,109.38,0.5,218.75
CA-2014-133690,BS-11755,2014-08-03,Office Supplies,Appliances,1,2.6,0.2,2.6
US-2017-116701,LC-17140,2017-12-17,Office Supplies,Appliances,2,33.14,0.8,66.28
CA-2017-126382,HK-14890,2017-06-03,Furniture,Furnishings,7,5.02,0.2,35.17
CA-2017-108329,LE-16810,2017-12-09,Technology,Phones,4,111.19,0.2,444.77
CA-2017-135860,JH-15985,2017-12-01,Office Supplies,Storage,4,20.98,0.0,83.92
CA-2017-135860,JH-15985,2017-12-01,Technology,Phones,2,65.99,0.0,131.98
CA-2017-135860,JH-15985,2017-12-01,Office Supplies,Binders,4,3.98,0.0,15.92
CA-2017-135860,JH-15985,2017-12-01,Office Supplies,Fasteners,9,5.81,0.0,52.29
CA-2017-135860,JH-15985,2017-12-01,Office Supplies,Storage,1,91.99,0.0,91.99
CA-2015-101007,MS-17980,2015-02-09,Technology,Accessories,2,10.4,0.2,20.8
CA-2015-146262,VW-21775,2015-01-02,Office Supplies,Labels,2,11.84,0.2,23.68
CA-2015-146262,VW-21775,2015-01-02,Furniture,Bookcases,5,90.49,0.5,452.45
CA-2015-146262,VW-21775,2015-01-02,Technology,Phones,3,20.99,0.4,62.98
CA-2015-146262,VW-21775,2015-01-02,Technology,Machines,9,132.0,0.7,1188.0
CA-2015-146262,VW-21775,2015-01-02,Technology,Accessories,2,44.79,0.2,89.58
CA-2016-130162,JH-15910,2016-10-28,Office Supplies,Storage,6,15.51,0.0,93.06
CA-2016-130162,JH-15910,2016-10-28,Technology,Phones,3,100.79,0.2,302.38
CA-2015-169397,JB-15925,2015-12-24,Office Supplies,Fasteners,2,2.79,0.2,5.58
CA-2015-169397,JB-15925,2015-12-24,Office Supplies,Paper,6,3.78,0.2,22.7
CA-2015-169397,JB-15925,2015-12-24,Office Supplies,Binders,4,4.94,0.7,19.78
CA-2015-169397,JB-15925,2015-12-24,Furniture,Furnishings,4,18.18,0.2,72.7
CA-2015-169397,JB-15925,2015-12-24,Technology,Machines,4,120.0,0.7,479.99
CA-2015-169397,JB-15925,2015-12-24,Office Supplies,Art,2,13.58,0.2,27.17
CA-2015-163055,DS-13180,2015-08-09,Office Supplies,Art,1,2.2,0.0,2.2
CA-2015-163055,DS-13180,2015-08-09,Furniture,Tables,5,124.49,0.0,622.45
CA-2015-163055,DS-13180,2015-08-09,Office Supplies,Storage,1,21.98,0.0,21.98
US-2015-145436,VD-21670,2015-02-28,Furniture,Chairs,2,80.78,0.2,161.57
US-2015-145436,VD-21670,2015-02-28,Furniture,Chairs,8,48.71,0.2,389.7
US-2014-156216,EA-14035,2014-09-13,Office Supplies,Binders,7,2.66,0.7,18.65
US-2017-100930,CS-12400,2017-04-07,Furniture,Tables,2,116.93,0.45,233.86
US-2017-100930,CS-12400,2017-04-07,Furniture,Tables,3,206.87,0.45,620.61
US-2017-100930,CS-12400,2017-04-07,Office Supplies,Binders,2,2.66,0.7,5.33
US-2017-100930,CS-12400,2017-04-07,Furniture,Furnishings,3,86.02,0.2,258.07
US-2017-100930,CS-12400,2017-04-07,Technology,Accessories,3,205.99,0.2,617.98
CA-2017-160514,DB-13120,2017-11-12,Office Supplies,Paper,2,5.28,0.0,10.56
CA-2016-157749,KL-16645,2016-06-04,Office Supplies,Paper,5,5.18,0.2,25.92
CA-2016-157749,KL-16645,2016-06-04,Furniture,Furnishings,5,83.94,0.6,419.68
CA-2016-157749,KL-16645,2016-06-04,Furniture,Furnishings,3,3.9,0.6,11.69
CA-2016-157749,KL-16645,2016-06-04,Technology,Phones,2,15.99,0.2,31.98
CA-2016-157749,KL-16645,2016-06-04,Furniture,Tables,5,35.44,0.5,177.22
CA-2016-157749,KL-16645,2016-06-04,Furniture,Furnishings,3,1.35,0.6,4.04
CA-2016-157749,KL-16645,2016-06-04,Office Supplies,Art,2,3.7,0.2,7.41
CA-2014-131926,DW-13480,2014-06-01,Furniture,Chairs,7,285.98,0.0,2001.86
CA-2014-131926,DW-13480,2014-06-01,Office Supplies,Storage,2,83.36,0.0,166.72
CA-2014-131926,DW-13480,2014-06-01,Office Supplies,Paper,6,7.98,0.0,47.88
CA-2014-131926,DW-13480,2014-06-01,Office Supplies,Appliances,5,300.65,0.0,1503.25
CA-2014-131926,DW-13480,2014-06-01,Office Supplies,Paper,4,6.48,0.0,25.92
CA-2016-154739,LH-17155,2016-12-10,Furniture,Chairs,2,160.78,0.2,321.57
CA-2016-145625,KC-16540,2016-09-11,Office Supplies,Paper,1,7.61,0.0,7.61
CA-2016-145625,KC-16540,2016-09-11,Technology,Accessories,13,257.49,0.0,3347.37
CA-2016-146941,DL-13315,2016-12-10,Office Supplies,Storage,6,13.43,0.0,80.58
CA-2016-146941,DL-13315,2016-12-10,Office Supplies,Envelopes,4,90.48,0.0,361.92
US-2015-159982,DR-12880,2015-11-28,Furniture,Furnishings,9,1.35,0.6,12.13
US-2015-159982,DR-12880,2015-11-28,Office Supplies,Storage,2,41.18,0.2,82.37
US-2015-159982,DR-12880,2015-11-28,Office Supplies,Storage,5,10.78,0.2,53.92
US-2015-159982,DR-12880,2015-11-28,Technology,Phones,6,107.98,0.2,647.9
CA-2017-163139,CC-12670,2017-12-01,Technology,Accessories,3,6.79,0.0,20.37
CA-2017-163139,CC-12670,2017-12-01,Office Supplies,Storage,3,73.85,0.0,221.55
CA-2017-163139,CC-12670,2017-12-01,Office Supplies,Binders,5,3.5,0.2,17.52
US-2017-155299,Dl-13600,2017-06-08,Office Supplies,Appliances,2,0.81,0.8,1.62
US-2014-106992,SB-20290,2014-09-19,Technology,Machines,3,1019.99,0.4,3059.98
US-2014-106992,SB-20290,2014-09-19,Technology,Machines,7,359.99,0.4,2519.96
CA-2016-125318,RC-19825,2016-06-06,Technology,Phones,4,82.06,0.2,328.22
CA-2015-155040,AH-10210,2015-11-10,Technology,Accessories,2,39.95,0.0,79.9
CA-2017-136826,CB-12535,2017-06-16,Office Supplies,Art,3,4.67,0.2,14.02
CA-2016-111010,PG-18895,2016-01-22,Office Supplies,Fasteners,6,1.26,0.0,7.56
US-2017-145366,CA-12310,2017-12-09,Office Supplies,Storage,1,37.21,0.2,37.21
US-2017-145366,CA-12310,2017-12-09,Office Supplies,Envelopes,3,19.19,0.2,57.58
CA-2017-163979,KH-16690,2017-12-28,Office Supplies,Storage,4,181.46,0.0,725.84
CA-2015-155334,HA-14920,2015-07-30,Technology,Accessories,7,29.99,0.0,209.93
CA-2015-155334,HA-14920,2015-07-30,Furniture,Furnishings,3,1.76,0.0,5.28
CA-2015-155334,HA-14920,2015-07-30,Office Supplies,Binders,3,3.64,0.2,10.92
CA-2017-118136,BB-10990,2017-09-16,Office Supplies,Paper,2,4.41,0.0,8.82
CA-2017-118136,BB-10990,2017-09-16,Office Supplies,Art,1,5.98,0.0,5.98
CA-2017-132976,AG-10495,2017-10-13,Office Supplies,Paper,2,5.82,0.2,11.65
CA-2017-132976,AG-10495,2017-10-13,Office Supplies,Paper,4,4.54,0.2,18.18
CA-2017-132976,AG-10495,2017-10-13,Office Supplies,Storage,6,9.95,0.2,59.71
CA-2017-132976,AG-10495,2017-10-13,Office Supplies,Labels,3,8.28,0.2,24.84
US-2015-161991,SC-20725,2015-09-26,Office Supplies,Binders,5,0.42,0.8,2.08
US-2015-161991,SC-20725,2015-09-26,Technology,Phones,7,159.2,0.2,1114.4
CA-2015-130890,JO-15280,2015-11-02,Furniture,Tables,5,207.77,0.2,1038.84
CA-2015-130883,TB-21520,2015-09-26,Office Supplies,Paper,5,28.35,0.2,141.76
CA-2015-130883,TB-21520,2015-09-26,Technology,Accessories,5,47.96,0.2,239.8
CA-2015-130883,TB-21520,2015-09-26,Office Supplies,Paper,6,5.18,0.2,31.1
CA-2016-112697,AH-10195,2016-12-18,Office Supplies,Binders,7,36.29,0.7,254.06
CA-2016-112697,AH-10195,2016-12-18,Office Supplies,Appliances,2,97.26,0.2,194.53
CA-2016-112697,AH-10195,2016-12-18,Office Supplies,Supplies,5,192.3,0.2,961.48
CA-2016-110772,NZ-18565,2016-11-20,Office Supplies,Fasteners,7,2.73,0.2,19.1
CA-2016-110772,NZ-18565,2016-11-20,Office Supplies,Labels,8,2.31,0.2,18.5
CA-2016-110772,NZ-18565,2016-11-20,Technology,Accessories,2,127.99,0.2,255.98
CA-2016-110772,NZ-18565,2016-11-20,Furniture,Bookcases,3,28.99,0.5,86.97
CA-2014-111451,KL-16555,2014-12-26,Furniture,Furnishings,8,37.55,0.2,300.42
CA-2014-111451,KL-16555,2014-12-26,Furniture,Chairs,3,76.78,0.2,230.35
CA-2014-111451,KL-16555,2014-12-26,Furniture,Furnishings,3,72.78,0.2,218.35
CA-2014-111451,KL-16555,2014-12-26,Office Supplies,Binders,5,15.72,0.7,78.6
CA-2014-111451,KL-16555,2014-12-26,Office Supplies,Fasteners,3,9.18,0.2,27.55
CA-2016-142545,JD-15895,2016-10-28,Office Supplies,Paper,5,6.48,0.0,32.4
CA-2016-142545,JD-15895,2016-10-28,Office Supplies,Storage,8,135.31,0.0,1082.48
CA-2016-142545,JD-15895,2016-10-28,Office Supplies,Paper,3,18.97,0.0,56.91
CA-2016-142545,JD-15895,2016-10-28,Furniture,Furnishings,4,19.4,0.0,77.6
CA-2016-142545,JD-15895,2016-10-28,Office Supplies,Binders,1,14.28,0.0,14.28
US-2017-152380,JH-15910,2017-11-19,Furniture,Tables,3,73.02,0.5,219.08
CA-2015-144253,AS-10225,2015-05-04,Furniture,Furnishings,2,13.4,0.0,26.8
CA-2014-130960,KB-16600,2014-12-30,Office Supplies,Art,3,3.28,0.0,9.84
CA-2014-111003,CR-12625,2014-06-01,Office Supplies,Binders,3,15.16,0.0,45.48
CA-2014-111003,CR-12625,2014-06-01,Office Supplies,Art,6,48.2,0.0,289.2
CA-2017-126774,SH-20395,2017-04-15,Office Supplies,Art,1,4.89,0.0,4.89
CA-2016-142902,BP-11185,2016-09-12,Furniture,Furnishings,4,3.78,0.2,15.14
CA-2016-142902,BP-11185,2016-09-12,Furniture,Chairs,2,233.38,0.2,466.77
CA-2016-142902,BP-11185,2016-09-12,Furniture,Furnishings,1,15.23,0.2,15.23
CA-2016-142902,BP-11185,2016-09-12,Office Supplies,Labels,3,2.09,0.2,6.26
CA-2014-120887,TS-21205,2014-09-27,Furniture,Furnishings,3,29.18,0.0,87.54
CA-2014-167850,AG-10525,2014-08-09,Technology,Phones,2,89.19,0.2,178.38
CA-2014-167850,AG-10525,2014-08-09,Office Supplies,Paper,3,5.18,0.2,15.55
CA-2014-164259,SP-20860,2014-12-28,Office Supplies,Art,4,24.78,0.2,99.14
CA-2014-164973,NM-18445,2014-11-04,Furniture,Chairs,1,135.88,0.1,135.88
CA-2014-164973,NM-18445,2014-11-04,Technology,Machines,2,1995.99,0.0,3991.98
CA-2014-164973,NM-18445,2014-11-04,Technology,Phones,6,45.99,0.0,275.94
CA-2014-164973,NM-18445,2014-11-04,Technology,Accessories,4,90.0,0.0,360.0
CA-2014-164973,NM-18445,2014-11-04,Office Supplies,Storage,1,43.57,0.0,43.57
CA-2014-156601,FA-14230,2014-09-19,Office Supplies,Fasteners,2,3.58,0.0,7.16
CA-2016-162138,GK-14620,2016-04-23,Office Supplies,Binders,6,41.92,0.2,251.52
CA-2016-162138,GK-14620,2016-04-23,Technology,Accessories,1,99.99,0.0,99.99
CA-2017-153339,DJ-13510,2017-11-03,Furniture,Furnishings,1,15.99,0.2,15.99
US-2016-141544,PO-18850,2016-08-30,Technology,Phones,3,96.97,0.4,290.9
US-2016-141544,PO-18850,2016-08-30,Office Supplies,Storage,2,27.11,0.2,54.22
US-2016-141544,PO-18850,2016-08-30,Furniture,Chairs,4,196.69,0.3,786.74
US-2016-141544,PO-18850,2016-08-30,Office Supplies,Labels,10,10.02,0.2,100.24
US-2016-141544,PO-18850,2016-08-30,Office Supplies,Binders,6,6.29,0.7,37.76
US-2016-150147,JL-15850,2016-04-25,Technology,Phones,2,41.4,0.4,82.8
US-2016-150147,JL-15850,2016-04-25,Office Supplies,Binders,2,10.36,0.7,20.72
US-2016-150147,JL-15850,2016-04-25,Office Supplies,Binders,3,1.63,0.7,4.9
CA-2015-137946,DB-13615,2015-09-01,Office Supplies,Binders,1,4.75,0.2,4.75
CA-2015-137946,DB-13615,2015-09-01,Technology,Copiers,2,479.99,0.2,959.98
CA-2015-137946,DB-13615,2015-09-01,Office Supplies,Binders,4,3.59,0.2,14.37
CA-2014-129924,AC-10420,2014-07-12,Office Supplies,Binders,2,3.86,0.2,7.71
CA-2014-129924,AC-10420,2014-07-12,Furniture,Tables,3,232.78,0.2,698.35
CA-2015-128167,KL-16645,2015-06-22,Office Supplies,Fasteners,4,1.24,0.0,4.96
CA-2014-122336,JD-15895,2014-04-13,Office Supplies,Art,4,4.46,0.2,17.86
CA-2014-122336,JD-15895,2014-04-13,Office Supplies,Binders,10,51.0,0.7,509.97
CA-2014-122336,JD-15895,2014-04-13,Office Supplies,Fasteners,13,2.38,0.2,30.99
CA-2014-122336,JD-15895,2014-04-13,Technology,Phones,12,5.99,0.4,71.93
US-2015-120712,CS-12130,2015-12-20,Office Supplies,Storage,4,22.2,0.2,88.8
CA-2017-169901,CC-12550,2017-06-15,Technology,Phones,3,15.99,0.2,47.98
CA-2017-134306,TD-20995,2017-07-08,Office Supplies,Art,3,2.52,0.0,7.56
CA-2017-134306,TD-20995,2017-07-08,Office Supplies,Paper,2,12.28,0.0,24.56
CA-2017-134306,TD-20995,2017-07-08,Office Supplies,Art,2,6.48,0.0,12.96
CA-2016-129714,AB-10060,2016-09-01,Technology,Accessories,1,6.79,0.0,6.79
CA-2016-129714,AB-10060,2016-09-01,Office Supplies,Paper,2,12.28,0.0,24.56
CA-2016-129714,AB-10060,2016-09-01,Office Supplies,Binders,1,3.05,0.2,3.05
CA-2016-129714,AB-10060,2016-09-01,Office Supplies,Paper,4,12.28,0.0,49.12
CA-2016-129714,AB-10060,2016-09-01,Office Supplies,Binders,4,1088.79,0.2,4355.17
CA-2016-138520,JL-15505,2016-04-08,Furniture,Bookcases,6,64.78,0.2,388.7
CA-2016-138520,JL-15505,2016-04-08,Office Supplies,Envelopes,2,4.13,0.0,8.26
CA-2016-138520,JL-15505,2016-04-08,Office Supplies,Art,4,4.26,0.0,17.04
CA-2016-138520,JL-15505,2016-04-08,Office Supplies,Paper,5,6.88,0.0,34.4
CA-2016-130001,HK-14890,2016-04-23,Office Supplies,Paper,5,7.25,0.2,36.24
CA-2017-155698,VB-21745,2017-03-08,Office Supplies,Appliances,8,80.98,0.0,647.84
CA-2017-155698,VB-21745,2017-03-08,Office Supplies,Labels,2,10.35,0.0,20.7
CA-2017-144904,KW-16435,2017-09-25,Office Supplies,Labels,2,10.35,0.0,20.7
CA-2017-144904,KW-16435,2017-09-25,Furniture,Chairs,3,162.88,0.1,488.65
CA-2017-144904,KW-16435,2017-09-25,Office Supplies,Art,2,2.78,0.0,5.56
CA-2017-144904,KW-16435,2017-09-25,Furniture,Furnishings,8,5.89,0.0,47.12
CA-2014-123344,JD-16060,2014-09-24,Office Supplies,Storage,4,52.99,0.0,211.96
CA-2016-155516,MK-17905,2016-10-21,Office Supplies,Binders,4,5.8,0.0,23.2
CA-2016-155516,MK-17905,2016-10-21,Office Supplies,Supplies,2,3.68,0.0,7.36
CA-2016-155516,MK-17905,2016-10-21,Office Supplies,Storage,7,14.97,0.0,104.79
CA-2016-155516,MK-17905,2016-10-21,Furniture,Bookcases,4,260.98,0.0,1043.92
CA-2017-104745,GT-14755,2017-05-29,Office Supplies,Paper,5,5.18,0.2,25.92
CA-2017-104745,GT-14755,2017-05-29,Office Supplies,Storage,3,17.81,0.2,53.42
US-2014-119137,AG-10900,2014-07-23,Office Supplies,Binders,5,1.63,0.7,8.16
US-2014-119137,AG-10900,2014-07-23,Technology,Accessories,8,127.99,0.2,1023.94
US-2014-119137,AG-10900,2014-07-23,Office Supplies,Art,1,9.24,0.2,9.24
US-2014-119137,AG-10900,2014-07-23,Technology,Accessories,10,47.9,0.2,479.04
US-2016-134656,MM-18280,2016-09-28,Office Supplies,Paper,4,24.78,0.2,99.14
US-2017-134481,AR-10405,2017-08-27,Furniture,Tables,7,212.63,0.3,1488.42
CA-2015-130792,RA-19915,2015-04-28,Office Supplies,Appliances,3,2.88,0.8,8.65
CA-2015-130792,RA-19915,2015-04-28,Office Supplies,Storage,3,7.94,0.2,23.83
CA-2015-130792,RA-19915,2015-04-28,Office Supplies,Binders,4,3.04,0.8,12.18
CA-2016-134775,AS-10285,2016-10-28,Office Supplies,Paper,7,7.28,0.0,50.96
CA-2016-134775,AS-10285,2016-10-28,Office Supplies,Binders,3,16.51,0.2,49.54
CA-2015-125395,LA-16780,2015-06-26,Technology,Accessories,2,20.95,0.0,41.9
US-2015-168935,DO-13435,2015-11-27,Furniture,Tables,3,125.15,0.45,375.46
US-2015-168935,DO-13435,2015-11-27,Technology,Accessories,3,27.99,0.2,83.98
CA-2015-122756,DK-13225,2015-12-03,Technology,Machines,4,120.58,0.7,482.34
CA-2015-122756,DK-13225,2015-12-03,Furniture,Furnishings,1,2.96,0.2,2.96
CA-2014-115973,NG-18430,2014-11-24,Office Supplies,Art,1,2.62,0.2,2.62
CA-2017-101798,MV-18190,2017-12-11,Office Supplies,Binders,4,5.84,0.2,23.36
CA-2017-101798,MV-18190,2017-12-11,Technology,Accessories,2,19.99,0.0,39.98
US-2014-135972,JG-15115,2014-09-21,Technology,Phones,2,123.19,0.2,246.38
US-2014-135972,JG-15115,2014-09-21,Technology,Copiers,3,599.99,0.0,1799.97
US-2014-134971,BP-11095,2014-06-07,Office Supplies,Binders,3,4.15,0.8,12.46
CA-2017-102946,VP-21730,2017-06-30,Office Supplies,Binders,3,25.26,0.2,75.79
CA-2017-165603,SS-20140,2017-10-17,Office Supplies,Storage,2,24.98,0.0,49.96
CA-2017-165603,SS-20140,2017-10-17,Office Supplies,Paper,2,6.48,0.0,12.96
CA-2015-122259,HP-14815,2015-10-31,Office Supplies,Supplies,4,17.53,0.0,70.12
CA-2016-108987,AG-10675,2016-09-08,Office Supplies,Storage,3,11.98,0.2,35.95
CA-2016-108987,AG-10675,2016-09-08,Furniture,Bookcases,4,599.07,0.32,2396.27
CA-2016-108987,AG-10675,2016-09-08,Office Supplies,Storage,4,32.78,0.2,131.14
CA-2016-108987,AG-10675,2016-09-08,Technology,Accessories,2,28.79,0.2,57.58
CA-2014-113166,LF-17185,2014-12-24,Office Supplies,Paper,2,4.78,0.2,9.57
CA-2014-155208,SP-20650,2014-04-16,Office Supplies,Art,6,6.51,0.2,39.07
CA-2017-117933,RF-19840,2017-12-24,Office Supplies,Appliances,3,11.97,0.0,35.91
CA-2017-117457,KH-16510,2017-12-08,Technology,Accessories,5,35.99,0.0,179.95
CA-2017-117457,KH-16510,2017-12-08,Technology,Copiers,3,399.99,0.2,1199.98
CA-2017-117457,KH-16510,2017-12-08,Office Supplies,Paper,5,5.43,0.0,27.15
CA-2017-117457,KH-16510,2017-12-08,Furniture,Tables,7,143.43,0.2,1004.02
CA-2017-117457,KH-16510,2017-12-08,Office Supplies,Paper,1,9.68,0.0,9.68
CA-2017-117457,KH-16510,2017-12-08,Office Supplies,Labels,9,3.15,0.0,28.35
CA-2017-117457,KH-16510,2017-12-08,Office Supplies,Paper,1,55.98,0.0,55.98
CA-2017-117457,KH-16510,2017-12-08,Furniture,Bookcases,13,102.83,0.15,1336.83
CA-2017-117457,KH-16510,2017-12-08,Furniture,Chairs,2,56.78,0.2,113.57
CA-2017-142636,KC-16675,2017-11-03,Office Supplies,Paper,7,19.98,0.0,139.86
CA-2017-142636,KC-16675,2017-11-03,Furniture,Chairs,4,76.78,0.2,307.14
CA-2017-122105,CJ-12010,2017-06-24,Office Supplies,Art,8,11.99,0.0,95.92
CA-2016-148796,PB-19150,2016-04-14,Furniture,Chairs,5,76.76,0.2,383.8
CA-2017-154816,VB-21745,2017-11-06,Office Supplies,Paper,1,5.78,0.0,5.78
CA-2017-110478,SP-20860,2017-03-04,Office Supplies,Art,4,2.33,0.0,9.32
CA-2017-110478,SP-20860,2017-03-04,Office Supplies,Envelopes,1,15.25,0.0,15.25
CA-2014-142048,JE-15745,2014-06-22,Technology,Accessories,6,32.79,0.2,196.75
CA-2017-125388,MP-17965,2017-10-19,Furniture,Furnishings,4,14.14,0.0,56.56
CA-2017-125388,MP-17965,2017-10-19,Office Supplies,Storage,3,10.9,0.0,32.7
CA-2017-155705,NF-18385,2017-08-21,Furniture,Chairs,4,216.6,0.0,866.4
CA-2017-149160,JM-15265,2017-11-23,Furniture,Furnishings,2,14.2,0.0,28.4
CA-2017-149160,JM-15265,2017-11-23,Office Supplies,Binders,8,35.99,0.0,287.92
CA-2014-101476,SD-20485,2014-09-12,Technology,Machines,1,69.99,0.0,69.99
CA-2017-152275,KH-16630,2017-10-01,Office Supplies,Art,6,1.11,0.2,6.67
US-2016-123750,RB-19795,2016-04-15,Office Supplies,Binders,2,94.79,0.7,189.59
US-2016-123750,RB-19795,2016-04-15,Technology,Accessories,7,58.39,0.2,408.74
US-2016-123750,RB-19795,2016-04-15,Technology,Accessories,5,58.39,0.2,291.96
US-2016-123750,RB-19795,2016-04-15,Office Supplies,Storage,2,2.38,0.2,4.77
CA-2016-127369,DB-13060,2016-06-06,Office Supplies,Storage,5,142.86,0.0,714.3
US-2014-150574,MK-18160,2014-12-19,Office Supplies,Binders,2,2.41,0.7,4.81
US-2014-150574,MK-18160,2014-12-19,Technology,Accessories,5,49.56,0.2,247.8
CA-2016-147375,PO-19180,2016-06-12,Technology,Machines,3,335.99,0.3,1007.98
CA-2016-147375,PO-19180,2016-06-12,Office Supplies,Paper,7,44.78,0.2,313.49
CA-2017-130043,BB-11545,2017-09-15,Office Supplies,Paper,8,3.98,0.2,31.87
CA-2017-157252,CV-12805,2017-01-20,Furniture,Chairs,3,69.28,0.1,207.85
CA-2016-115756,PK-19075,2016-09-05,Furniture,Furnishings,1,12.22,0.0,12.22
CA-2016-115756,PK-19075,2016-09-05,Office Supplies,Storage,3,64.98,0.0,194.94
CA-2016-115756,PK-19075,2016-09-05,Office Supplies,Storage,3,23.65,0.0,70.95
CA-2016-115756,PK-19075,2016-09-05,Office Supplies,Paper,4,22.84,0.0,91.36
CA-2016-115756,PK-19075,2016-09-05,Furniture,Chairs,3,80.98,0.0,242.94
CA-2016-115756,PK-19075,2016-09-05,Office Supplies,Labels,7,3.15,0.0,22.05
CA-2017-154214,TB-21595,2017-03-20,Furniture,Furnishings,1,2.91,0.0,2.91
CA-2016-166674,RB-19360,2016-04-01,Office Supplies,Art,3,19.84,0.0,59.52
CA-2016-166674,RB-19360,2016-04-01,Office Supplies,Storage,3,53.98,0.0,161.94
CA-2016-166674,RB-19360,2016-04-01,Office Supplies,Art,6,43.98,0.0,263.88
CA-2016-166674,RB-19360,2016-04-01,Office Supplies,Art,3,10.16,0.0,30.48
CA-2016-166674,RB-19360,2016-04-01,Office Supplies,Art,3,3.28,0.0,9.84
CA-2016-166674,RB-19360,2016-04-01,Technology,Phones,4,8.78,0.0,35.12
CA-2017-147277,EB-13705,2017-10-20,Furniture,Tables,2,142.18,0.4,284.36
CA-2017-147277,EB-13705,2017-10-20,Office Supplies,Storage,2,332.7,0.2,665.41
CA-2016-100153,KH-16630,2016-12-13,Technology,Accessories,4,15.97,0.0,63.88
US-2014-110674,SC-20095,2014-02-12,Furniture,Chairs,2,64.78,0.2,129.57
US-2016-157945,NF-18385,2016-09-26,Furniture,Chairs,3,249.19,0.3,747.56
US-2016-157945,NF-18385,2016-09-26,Office Supplies,Envelopes,2,4.46,0.2,8.93
CA-2015-109638,JH-15985,2015-12-15,Office Supplies,Appliances,4,25.98,0.0,103.92
CA-2015-109638,JH-15985,2015-12-15,Technology,Accessories,9,99.99,0.0,899.91
CA-2015-109638,JH-15985,2015-12-15,Office Supplies,Binders,3,17.1,0.2,51.31
CA-2016-109869,TN-21040,2016-04-22,Furniture,Furnishings,5,4.71,0.2,23.56
CA-2016-109869,TN-21040,2016-04-22,Furniture,Tables,6,212.1,0.5,1272.63
CA-2016-109869,TN-21040,2016-04-22,Office Supplies,Binders,5,5.7,0.7,28.48
CA-2016-109869,TN-21040,2016-04-22,Office Supplies,Supplies,2,92.69,0.2,185.38
CA-2016-109869,TN-21040,2016-04-22,Office Supplies,Appliances,2,39.14,0.2,78.27
US-2015-101399,JS-15940,2015-01-17,Furniture,Furnishings,7,36.39,0.6,254.74
CA-2017-154907,DS-13180,2017-03-31,Furniture,Bookcases,2,102.67,0.32,205.33
US-2016-100419,CC-12670,2016-12-16,Office Supplies,Binders,3,1.6,0.8,4.79
CA-2015-154144,MH-17785,2015-12-20,Office Supplies,Paper,1,55.48,0.0,55.48
CA-2014-144666,JP-15520,2014-11-09,Office Supplies,Storage,3,113.64,0.0,340.92
CA-2014-144666,JP-15520,2014-11-09,Furniture,Bookcases,2,111.33,0.15,222.67
CA-2014-144666,JP-15520,2014-11-09,Technology,Phones,4,175.99,0.2,703.97
CA-2014-144666,JP-15520,2014-11-09,Office Supplies,Storage,6,15.42,0.0,92.52
CA-2014-144666,JP-15520,2014-11-09,Office Supplies,Paper,7,8.95,0.0,62.65
CA-2014-144666,JP-15520,2014-11-09,Office Supplies,Paper,5,18.97,0.0,94.85
CA-2016-103891,KH-16690,2016-07-12,Technology,Phones,6,15.96,0.2,95.76
CA-2016-152632,JE-15475,2016-10-27,Furniture,Furnishings,3,13.4,0.0,40.2
CA-2016-100790,JG-15805,2016-06-26,Office Supplies,Art,5,2.94,0.0,14.7
CA-2016-100790,JG-15805,2016-06-26,Office Supplies,Storage,5,140.85,0.0,704.25
CA-2014-134677,XP-21865,2014-10-06,Technology,Accessories,3,3.03,0.0,9.09
CA-2014-127691,EM-14065,2014-07-22,Office Supplies,Art,2,2.98,0.0,5.96
CA-2014-127691,EM-14065,2014-07-22,Technology,Accessories,2,79.99,0.0,159.98
CA-2017-140963,MT-18070,2017-06-10,Office Supplies,Labels,2,14.8,0.0,29.6
CA-2017-140963,MT-18070,2017-06-10,Furniture,Bookcases,5,102.83,0.15,514.16
CA-2017-140963,MT-18070,2017-06-10,Technology,Phones,5,55.99,0.2,279.96
CA-2014-154627,SA-20830,2014-10-29,Technology,Phones,6,455.99,0.2,2735.95
CA-2014-133753,CW-11905,2014-06-09,Technology,Phones,1,7.99,0.2,7.99
CA-2014-133753,CW-11905,2014-06-09,Technology,Accessories,2,31.99,0.2,63.98
CA-2014-133753,CW-11905,2014-06-09,Office Supplies,Art,2,35.18,0.2,70.37
CA-2014-113362,AJ-10960,2014-09-14,Office Supplies,Storage,5,89.83,0.0,449.15
CA-2014-113362,AJ-10960,2014-09-14,Office Supplies,Envelopes,3,3.69,0.0,11.07
CA-2016-169166,SS-20590,2016-05-09,Technology,Accessories,2,46.99,0.0,93.98
US-2016-120929,RO-19780,2016-03-18,Furniture,Tables,3,63.29,0.4,189.88
CA-2015-134782,MD-17350,2015-12-27,Office Supplies,Envelopes,2,52.71,0.0,105.42
CA-2016-126158,SC-20095,2016-07-25,Office Supplies,Binders,8,14.95,0.2,119.62
CA-2016-126158,SC-20095,2016-07-25,Furniture,Furnishings,4,63.94,0.0,255.76
CA-2016-126158,SC-20095,2016-07-25,Furniture,Chairs,2,120.78,0.2,241.57
CA-2016-126158,SC-20095,2016-07-25,Furniture,Furnishings,9,7.7,0.0,69.3
US-2016-105578,MY-17380,2016-05-30,Office Supplies,Binders,2,11.31,0.7,22.62
US-2016-105578,MY-17380,2016-05-30,Office Supplies,Binders,2,7.48,0.7,14.95
US-2016-105578,MY-17380,2016-05-30,Furniture,Chairs,2,400.78,0.2,801.57
US-2016-105578,MY-17380,2016-05-30,Office Supplies,Binders,3,0.79,0.7,2.38
US-2016-105578,MY-17380,2016-05-30,Office Supplies,Paper,1,32.79,0.2,32.79
CA-2017-134978,EB-13705,2017-11-12,Office Supplies,Binders,5,3.18,0.2,15.92
CA-2015-145352,CM-12385,2015-03-16,Office Supplies,Art,1,2.74,0.0,2.74
CA-2015-145352,CM-12385,2015-03-16,Office Supplies,Art,3,2.78,0.0,8.34
CA-2015-145352,CM-12385,2015-03-16,Office Supplies,Storage,3,15.58,0.0,46.74
CA-2015-145352,CM-12385,2015-03-16,Office Supplies,Binders,5,1270.99,0.0,6354.95
CA-2017-135307,LS-17245,2017-11-26,Furniture,Furnishings,3,42.1,0.0,126.3
CA-2017-135307,LS-17245,2017-11-26,Technology,Accessories,2,19.02,0.0,38.04
CA-2016-106341,LF-17185,2016-10-20,Office Supplies,Art,3,2.38,0.2,7.15
CA-2017-163405,BN-11515,2017-12-21,Office Supplies,Art,3,2.21,0.0,6.63
CA-2017-163405,BN-11515,2017-12-21,Office Supplies,Art,2,2.94,0.0,5.88
CA-2017-127432,AD-10180,2017-01-22,Technology,Copiers,5,599.99,0.0,2999.95
CA-2017-127432,AD-10180,2017-01-22,Office Supplies,Storage,3,17.15,0.0,51.45
CA-2017-127432,AD-10180,2017-01-22,Office Supplies,Paper,2,5.98,0.0,11.96
CA-2017-127432,AD-10180,2017-01-22,Office Supplies,Storage,3,375.34,0.0,1126.02
CA-2015-157812,DB-13210,2015-03-22,Technology,Accessories,1,18.39,0.2,18.39
CA-2015-157812,DB-13210,2015-03-22,Office Supplies,Storage,2,64.78,0.2,129.57
CA-2015-157812,DB-13210,2015-03-22,Office Supplies,Binders,9,1.57,0.8,14.11
CA-2017-145142,MC-17605,2017-01-23,Furniture,Tables,2,105.49,0.0,210.98
US-2016-139486,LH-17155,2016-05-21,Technology,Phones,3,18.39,0.2,55.18
US-2016-139486,LH-17155,2016-05-21,Technology,Accessories,2,33.13,0.0,66.26
CA-2015-158792,BD-11605,2015-12-26,Office Supplies,Fasteners,5,4.44,0.0,22.2
CA-2017-113558,PH-18790,2017-10-21,Furniture,Chairs,3,227.98,0.2,683.95
CA-2017-113558,PH-18790,2017-10-21,Furniture,Furnishings,3,15.23,0.2,45.7
US-2015-138303,MG-18145,2015-09-03,Office Supplies,Storage,3,12.11,0.2,36.34
US-2015-138303,MG-18145,2015-09-03,Office Supplies,Supplies,1,666.25,0.2,666.25
US-2015-138303,MG-18145,2015-09-03,Office Supplies,Envelopes,6,8.75,0.2,52.51
CA-2015-102848,KB-16240,2015-11-07,Furniture,Chairs,1,190.72,0.2,190.72
US-2017-129441,JC-15340,2017-09-07,Furniture,Furnishings,3,15.98,0.0,47.94
CA-2016-168753,RL-19615,2016-05-29,Technology,Phones,5,195.99,0.0,979.95
CA-2016-168753,RL-19615,2016-05-29,Office Supplies,Binders,5,4.55,0.0,22.75
CA-2016-126613,AA-10375,2016-07-10,Office Supplies,Storage,2,8.38,0.2,16.77
US-2017-122637,EP-13915,2017-09-03,Office Supplies,Binders,7,6.09,0.8,42.62
CA-2015-147851,MP-17470,2015-12-03,Office Supplies,Binders,4,2.69,0.2,10.75
CA-2015-134894,DK-12985,2015-12-07,Office Supplies,Appliances,3,50.98,0.0,152.94
CA-2015-134894,DK-12985,2015-12-07,Furniture,Chairs,4,70.98,0.0,283.92
CA-2014-140795,BD-11500,2014-02-01,Technology,Accessories,6,78.15,0.0,468.9
CA-2016-136924,ES-14080,2016-07-14,Technology,Phones,8,47.61,0.2,380.86
US-2015-120161,LM-17065,2015-12-18,Office Supplies,Storage,9,71.86,0.2,646.78
CA-2014-103849,PG-18895,2014-05-11,Technology,Accessories,2,29.06,0.2,58.11
CA-2014-103849,PG-18895,2014-05-11,Technology,Phones,1,100.79,0.2,100.79
CA-2014-103849,PG-18895,2014-05-11,Furniture,Furnishings,4,16.53,0.6,66.11
CA-2017-162929,AS-10135,2017-11-19,Office Supplies,Binders,6,6.88,0.2,41.28
CA-2017-162929,AS-10135,2017-11-19,Office Supplies,Paper,2,6.68,0.0,13.36
CA-2015-113173,DK-13225,2015-11-15,Office Supplies,Storage,9,27.81,0.2,250.27
CA-2015-113173,DK-13225,2015-11-15,Office Supplies,Binders,3,3.79,0.8,11.36
CA-2015-113173,DK-13225,2015-11-15,Office Supplies,Supplies,5,1.74,0.2,8.72
CA-2016-136406,BD-11320,2016-04-15,Furniture,Chairs,2,560.78,0.2,1121.57
CA-2017-112774,RC-19960,2017-09-11,Furniture,Furnishings,1,34.5,0.2,34.5
CA-2017-101945,GT-14710,2017-11-24,Office Supplies,Fasteners,3,3.61,0.2,10.82
CA-2017-100650,DK-13225,2017-06-29,Office Supplies,Storage,2,647.89,0.0,1295.78
CA-2014-155852,AJ-10945,2014-03-03,Office Supplies,Art,4,4.86,0.2,19.46
CA-2016-113243,OT-18730,2016-06-10,Office Supplies,Labels,2,10.35,0.0,20.7
CA-2016-113243,OT-18730,2016-06-10,Furniture,Tables,4,333.92,0.2,1335.68
CA-2016-113243,OT-18730,2016-06-10,Office Supplies,Paper,5,6.48,0.0,32.4
CA-2017-118731,LP-17080,2017-11-20,Furniture,Furnishings,3,14.2,0.0,42.6
CA-2017-118731,LP-17080,2017-11-20,Office Supplies,Binders,7,12.01,0.2,84.06
CA-2014-145576,CA-12775,2014-09-14,Office Supplies,Appliances,5,2.6,0.2,13.0
CA-2014-145576,CA-12775,2014-09-14,Furniture,Furnishings,3,4.38,0.2,13.13
CA-2015-130736,JF-15490,2015-12-07,Office Supplies,Fasteners,2,1.98,0.0,3.96
CA-2015-130736,JF-15490,2015-12-07,Office Supplies,Labels,1,2.61,0.0,2.61
CA-2017-137099,FP-14320,2017-12-07,Technology,Phones,3,124.79,0.2,374.38
CA-2017-156951,EB-13840,2017-10-01,Office Supplies,Paper,8,11.48,0.0,91.84
CA-2017-156951,EB-13840,2017-10-01,Office Supplies,Binders,7,11.58,0.2,81.09
CA-2017-156951,EB-13840,2017-10-01,Office Supplies,Paper,3,6.48,0.0,19.44
CA-2017-156951,EB-13840,2017-10-01,Furniture,Chairs,3,150.38,0.2,451.15
CA-2017-164826,JF-15415,2017-12-28,Office Supplies,Labels,7,10.35,0.0,72.45
CA-2017-164826,JF-15415,2017-12-28,Office Supplies,Fasteners,4,3.49,0.0,13.96
CA-2017-164826,JF-15415,2017-12-28,Office Supplies,Binders,7,4.75,0.2,33.26
CA-2017-164826,JF-15415,2017-12-28,Technology,Phones,3,4.95,0.0,14.85
CA-2016-127250,SF-20200,2016-11-03,Office Supplies,Art,3,2.94,0.0,8.82
CA-2015-149713,TG-21640,2015-09-18,Office Supplies,Paper,14,11.48,0.0,160.72
CA-2015-149713,TG-21640,2015-09-18,Office Supplies,Paper,4,4.98,0.0,19.92
CA-2015-149713,TG-21640,2015-09-18,Office Supplies,Supplies,2,3.65,0.0,7.3
CA-2017-118640,CS-11950,2017-07-20,Office Supplies,Storage,2,34.86,0.2,69.71
CA-2017-118640,CS-11950,2017-07-20,Furniture,Furnishings,1,8.79,0.6,8.79
CA-2015-132906,CC-12145,2015-09-10,Office Supplies,Supplies,4,12.88,0.0,51.52
CA-2017-145233,DV-13465,2017-12-01,Technology,Phones,3,156.79,0.2,470.38
CA-2017-145233,DV-13465,2017-12-01,Technology,Phones,2,52.79,0.2,105.58
CA-2017-145233,DV-13465,2017-12-01,Office Supplies,Appliances,3,10.38,0.2,31.15
CA-2017-145233,DV-13465,2017-12-01,Office Supplies,Binders,7,0.97,0.7,6.78
CA-2017-145233,DV-13465,2017-12-01,Technology,Phones,4,101.59,0.2,406.37
CA-2015-128139,BD-11725,2015-07-03,Furniture,Chairs,1,70.98,0.0,70.98
CA-2015-128139,BD-11725,2015-07-03,Office Supplies,Labels,3,98.31,0.0,294.93
US-2016-156986,ZC-21910,2016-03-20,Technology,Phones,2,42.39,0.2,84.78
US-2016-156986,ZC-21910,2016-03-20,Office Supplies,Paper,4,5.18,0.2,20.74
US-2016-156986,ZC-21910,2016-03-20,Office Supplies,Binders,3,5.61,0.7,16.82
US-2016-156986,ZC-21910,2016-03-20,Office Supplies,Paper,2,5.18,0.2,10.37
CA-2014-135405,MS-17830,2014-01-09,Office Supplies,Art,2,4.67,0.2,9.34
CA-2014-135405,MS-17830,2014-01-09,Technology,Accessories,3,10.4,0.2,31.2
CA-2014-131450,LR-16915,2014-08-08,Office Supplies,Appliances,2,38.06,0.0,76.12
CA-2014-131450,LR-16915,2014-08-08,Technology,Copiers,3,399.99,0.2,1199.98
CA-2014-131450,LR-16915,2014-08-08,Technology,Phones,5,89.19,0.2,445.96
CA-2014-131450,LR-16915,2014-08-08,Furniture,Furnishings,8,40.97,0.0,327.76
CA-2016-120180,TP-21130,2016-07-14,Office Supplies,Supplies,2,5.82,0.2,11.63
US-2016-100720,CK-12205,2016-07-16,Technology,Phones,3,47.99,0.4,143.98
US-2016-100720,CK-12205,2016-07-16,Technology,Phones,4,123.59,0.4,494.38
US-2016-100720,CK-12205,2016-07-16,Office Supplies,Supplies,2,2.92,0.2,5.84
CA-2014-149958,AS-10240,2014-03-15,Office Supplies,Storage,1,142.78,0.2,142.78
CA-2014-149958,AS-10240,2014-03-15,Furniture,Furnishings,3,15.23,0.2,45.7
CA-2014-149958,AS-10240,2014-03-15,Office Supplies,Binders,3,2.41,0.7,7.22
CA-2014-149958,AS-10240,2014-03-15,Office Supplies,Binders,4,10.8,0.7,43.19
CA-2014-149958,AS-10240,2014-03-15,Office Supplies,Paper,3,43.97,0.2,131.9
US-2014-105767,AR-10510,2014-05-23,Office Supplies,Binders,2,1.64,0.7,3.28
US-2014-105767,AR-10510,2014-05-23,Office Supplies,Art,9,2.35,0.2,21.17
US-2014-105767,AR-10510,2014-05-23,Technology,Phones,2,27.59,0.4,55.19
CA-2016-161816,NB-18655,2016-04-28,Technology,Phones,3,123.19,0.2,369.58
CA-2016-161816,NB-18655,2016-04-28,Office Supplies,Labels,4,3.93,0.2,15.71
CA-2016-121223,GD-14590,2016-09-11,Office Supplies,Paper,2,4.22,0.2,8.45
CA-2016-121223,GD-14590,2016-09-11,Technology,Phones,9,80.99,0.4,728.95
CA-2017-138611,CK-12595,2017-11-14,Technology,Phones,10,11.99,0.4,119.94
CA-2017-138611,CK-12595,2017-11-14,Office Supplies,Binders,2,1.82,0.7,3.65
CA-2017-117947,NG-18355,2017-08-18,Furniture,Furnishings,2,20.24,0.0,40.48
CA-2017-117947,NG-18355,2017-08-18,Furniture,Furnishings,2,4.97,0.0,9.94
CA-2017-117947,NG-18355,2017-08-18,Office Supplies,Binders,9,11.94,0.2,107.42
CA-2017-117947,NG-18355,2017-08-18,Technology,Phones,1,37.91,0.0,37.91
CA-2017-117947,NG-18355,2017-08-18,Furniture,Furnishings,3,29.34,0.0,88.02
US-2014-111171,CA-12265,2014-12-26,Office Supplies,Binders,5,1.74,0.8,8.69
CA-2015-138009,SF-20965,2015-11-29,Furniture,Chairs,2,150.98,0.0,301.96
CA-2015-138009,SF-20965,2015-11-29,Office Supplies,Appliances,5,111.04,0.1,555.21
CA-2015-138009,SF-20965,2015-11-29,Office Supplies,Storage,4,130.87,0.0,523.48
CA-2015-138009,SF-20965,2015-11-29,Office Supplies,Art,9,17.98,0.0,161.82
CA-2017-163020,MO-17800,2017-09-15,Furniture,Furnishings,7,5.08,0.0,35.56
CA-2017-153787,AT-10735,2017-05-19,Office Supplies,Appliances,2,48.58,0.0,97.16
CA-2017-133431,LC-17140,2017-12-17,Office Supplies,Binders,5,3.05,0.2,15.24
CA-2017-133431,LC-17140,2017-12-17,Office Supplies,Paper,3,4.41,0.0,13.23
US-2016-135720,FM-14380,2016-12-11,Office Supplies,Storage,3,81.13,0.2,243.38
US-2016-135720,FM-14380,2016-12-11,Technology,Accessories,5,23.96,0.2,119.8
US-2016-135720,FM-14380,2016-12-11,Technology,Phones,4,75.19,0.2,300.77
CA-2017-144694,BD-11605,2017-09-24,Technology,Accessories,3,5.96,0.2,17.88
CA-2017-144694,BD-11605,2017-09-24,Office Supplies,Labels,3,78.65,0.2,235.94
CA-2015-168004,DJ-13420,2015-10-04,Furniture,Chairs,3,130.98,0.0,392.94
US-2016-123470,ME-17725,2016-08-15,Office Supplies,Binders,3,6.29,0.7,18.88
US-2016-123470,ME-17725,2016-08-15,Office Supplies,Appliances,3,40.78,0.2,122.33
CA-2016-115917,RB-19465,2016-05-20,Furniture,Furnishings,5,209.84,0.0,1049.2
CA-2016-115917,RB-19465,2016-05-20,Office Supplies,Binders,4,3.86,0.2,15.42
CA-2016-147067,JD-16150,2016-12-18,Furniture,Furnishings,3,6.28,0.0,18.84
CA-2017-167913,JL-15835,2017-07-30,Office Supplies,Storage,2,165.2,0.0,330.4
CA-2017-167913,JL-15835,2017-07-30,Office Supplies,Labels,7,3.75,0.0,26.25
CA-2017-106103,SC-20305,2017-06-10,Technology,Accessories,4,33.13,0.0,132.52
US-2017-127719,TW-21025,2017-07-21,Office Supplies,Paper,1,6.48,0.0,6.48
CA-2017-126221,CC-12430,2017-12-30,Office Supplies,Appliances,2,104.65,0.0,209.3
CA-2016-103947,BB-10990,2016-04-01,Office Supplies,Fasteners,5,6.31,0.2,31.56
CA-2016-103947,BB-10990,2016-04-01,Office Supplies,Appliances,2,15.07,0.2,30.14
CA-2016-160745,AR-10825,2016-12-11,Furniture,Furnishings,4,3.7,0.0,14.8
CA-2016-160745,AR-10825,2016-12-11,Technology,Phones,3,100.79,0.2,302.38
CA-2016-160745,AR-10825,2016-12-11,Technology,Accessories,4,79.0,0.0,316.0
CA-2016-132661,SR-20740,2016-10-23,Office Supplies,Paper,10,37.94,0.0,379.4
CA-2017-140844,AR-10405,2017-06-19,Office Supplies,Paper,2,48.91,0.0,97.82
CA-2017-140844,AR-10405,2017-06-19,Technology,Accessories,8,12.89,0.0,103.12
CA-2016-137239,CR-12730,2016-08-22,Office Supplies,Appliances,2,56.78,0.2,113.55
CA-2016-137239,CR-12730,2016-08-22,Office Supplies,Binders,2,1.66,0.7,3.32
CA-2016-137239,CR-12730,2016-08-22,Office Supplies,Envelopes,2,67.14,0.2,134.29
US-2016-156097,EH-14125,2016-09-19,Furniture,Chairs,2,350.69,0.3,701.37
US-2016-156097,EH-14125,2016-09-19,Office Supplies,Binders,2,1.15,0.8,2.31
CA-2015-146563,CB-12025,2015-08-24,Office Supplies,Storage,7,142.78,0.2,999.43
CA-2015-146563,CB-12025,2015-08-24,Office Supplies,Storage,14,51.72,0.2,724.08
CA-2015-146563,CB-12025,2015-08-24,Furniture,Tables,5,183.76,0.3,918.78
CA-2015-146563,CB-12025,2015-08-24,Office Supplies,Binders,3,0.91,0.8,2.72
CA-2016-123666,SP-20545,2016-03-26,Office Supplies,Storage,5,91.99,0.0,459.95
CA-2016-143308,RC-19825,2016-11-04,Office Supplies,Fasteners,3,3.58,0.0,10.74
CA-2017-132682,TH-21235,2017-06-08,Office Supplies,Supplies,3,7.92,0.2,23.76
CA-2017-132682,TH-21235,2017-06-08,Office Supplies,Paper,3,28.35,0.2,85.06
CA-2017-132682,TH-21235,2017-06-08,Technology,Phones,3,127.19,0.2,381.58
CA-2014-156314,RP-19390,2014-12-24,Furniture,Furnishings,5,6.07,0.2,30.36
US-2017-106663,MO-17800,2017-06-09,Furniture,Furnishings,3,7.99,0.6,23.98
US-2017-106663,MO-17800,2017-06-09,Furniture,Tables,1,108.92,0.5,108.92
US-2017-106663,MO-17800,2017-06-09,Office Supplies,Paper,8,4.54,0.2,36.35
CA-2017-111178,TD-20995,2017-06-15,Office Supplies,Art,5,3.91,0.2,19.56
CA-2017-130351,RB-19570,2017-12-05,Office Supplies,Appliances,3,20.48,0.0,61.44
CA-2017-130351,RB-19570,2017-12-05,Office Supplies,Paper,5,7.78,0.0,38.9
CA-2017-130351,RB-19570,2017-12-05,Technology,Accessories,3,33.13,0.0,99.39
US-2017-119438,CD-11980,2017-03-18,Office Supplies,Appliances,3,0.9,0.8,2.69
US-2017-119438,CD-11980,2017-03-18,Technology,Accessories,3,9.27,0.2,27.82
US-2017-119438,CD-11980,2017-03-18,Furniture,Furnishings,3,27.51,0.6,82.52
US-2017-119438,CD-11980,2017-03-18,Office Supplies,Binders,3,61.0,0.8,182.99
CA-2016-164511,DJ-13630,2016-11-19,Office Supplies,Binders,3,4.78,0.2,14.35
CA-2016-164511,DJ-13630,2016-11-19,Office Supplies,Storage,2,32.48,0.0,64.96
CA-2016-164511,DJ-13630,2016-11-19,Office Supplies,Storage,4,17.15,0.0,68.6
US-2017-168116,GT-14635,2017-11-04,Technology,Machines,4,2000.0,0.5,7999.98
US-2017-168116,GT-14635,2017-11-04,Office Supplies,Appliances,2,83.72,0.2,167.44
CA-2014-157784,MC-17845,2014-07-05,Technology,Accessories,3,159.99,0.0,479.97
CA-2014-157784,MC-17845,2014-07-05,Office Supplies,Labels,2,7.31,0.0,14.62
CA-2014-157784,MC-17845,2014-07-05,Office Supplies,Paper,3,6.48,0.0,19.44
CA-2017-161480,RA-19285,2017-12-25,Furniture,Bookcases,2,95.99,0.2,191.98
US-2014-117135,NP-18325,2014-06-21,Furniture,Furnishings,1,104.01,0.0,104.01
US-2014-117135,NP-18325,2014-06-21,Technology,Phones,1,284.82,0.0,284.82
US-2014-117135,NP-18325,2014-06-21,Office Supplies,Storage,3,12.28,0.0,36.84
CA-2015-131534,AB-10165,2015-03-28,Technology,Accessories,1,166.24,0.0,166.24
CA-2015-131534,AB-10165,2015-03-28,Office Supplies,Paper,5,6.68,0.0,33.4
CA-2015-119291,JO-15550,2015-05-14,Office Supplies,Art,8,24.78,0.2,198.27
CA-2015-119291,JO-15550,2015-05-14,Office Supplies,Labels,4,11.84,0.2,47.36
CA-2015-119291,JO-15550,2015-05-14,Office Supplies,Envelopes,7,28.71,0.2,200.98
CA-2015-119291,JO-15550,2015-05-14,Office Supplies,Labels,4,24.42,0.2,97.7
CA-2015-119291,JO-15550,2015-05-14,Office Supplies,Art,1,2.7,0.2,2.7
CA-2015-119291,JO-15550,2015-05-14,Office Supplies,Binders,2,9.29,0.7,18.59
CA-2015-119291,JO-15550,2015-05-14,Office Supplies,Binders,3,1.63,0.7,4.9
CA-2017-114552,Dl-13600,2017-09-02,Furniture,Furnishings,3,5.02,0.2,15.07
CA-2016-163755,AS-10285,2016-11-04,Furniture,Furnishings,3,69.96,0.0,209.88
CA-2015-142027,JK-15370,2015-04-09,Furniture,Tables,3,123.3,0.2,369.91
CA-2014-138527,BN-11470,2014-09-12,Office Supplies,Paper,2,5.18,0.2,10.37
CA-2014-138527,BN-11470,2014-09-12,Office Supplies,Appliances,5,33.37,0.2,166.84
CA-2014-138527,BN-11470,2014-09-12,Technology,Accessories,1,15.22,0.2,15.22
CA-2014-112158,DP-13165,2014-12-02,Technology,Accessories,4,29.99,0.0,119.96
CA-2014-112158,DP-13165,2014-12-02,Furniture,Bookcases,5,176.78,0.2,883.92
CA-2014-112158,DP-13165,2014-12-02,Office Supplies,Binders,8,5.84,0.2,46.72
CA-2014-113887,TH-21550,2014-04-05,Office Supplies,Paper,1,55.48,0.0,55.48
CA-2017-146136,AP-10915,2017-09-03,Office Supplies,Envelopes,4,6.11,0.2,24.45
US-2017-100048,RS-19765,2017-05-19,Office Supplies,Appliances,6,46.89,0.0,281.34
US-2017-100048,RS-19765,2017-05-19,Technology,Phones,2,153.99,0.0,307.98
US-2017-100048,RS-19765,2017-05-19,Technology,Accessories,3,99.99,0.0,299.97
CA-2014-153150,Dl-13600,2014-07-01,Office Supplies,Binders,5,3.98,0.2,19.92
CA-2014-130092,SV-20365,2014-01-11,Furniture,Furnishings,2,4.97,0.0,9.94
CA-2017-108910,KC-16540,2017-09-24,Furniture,Furnishings,3,34.35,0.2,103.06
CA-2014-104472,CK-12325,2014-06-02,Office Supplies,Binders,3,19.94,0.2,59.81
CA-2014-104472,CK-12325,2014-06-02,Furniture,Furnishings,6,12.22,0.0,73.32
CA-2016-112942,RD-19810,2016-02-13,Office Supplies,Paper,3,48.94,0.0,146.82
CA-2016-142335,MP-17965,2016-12-15,Furniture,Tables,3,550.98,0.0,1652.94
CA-2016-142335,MP-17965,2016-12-15,Office Supplies,Storage,3,98.79,0.0,296.37
CA-2014-117429,MR-17545,2014-10-07,Furniture,Furnishings,5,25.98,0.2,129.92
CA-2016-114713,SC-20695,2016-07-07,Office Supplies,Supplies,7,6.51,0.2,45.58
CA-2017-144113,JF-15355,2017-09-16,Office Supplies,Envelopes,2,8.78,0.2,17.57
CA-2017-144113,JF-15355,2017-09-16,Technology,Phones,1,55.99,0.2,55.99
US-2016-150861,EG-13900,2016-12-03,Office Supplies,Paper,8,22.84,0.0,182.72
US-2016-150861,EG-13900,2016-12-03,Furniture,Tables,2,200.02,0.4,400.03
US-2016-150861,EG-13900,2016-12-03,Office Supplies,Storage,3,11.21,0.0,33.63
US-2016-150861,EG-13900,2016-12-03,Furniture,Chairs,3,180.88,0.1,542.65
US-2016-150861,EG-13900,2016-12-03,Office Supplies,Labels,2,3.15,0.0,6.3
CA-2017-131954,DS-13030,2017-01-21,Office Supplies,Storage,3,80.98,0.0,242.94
CA-2017-131954,DS-13030,2017-01-21,Technology,Accessories,3,59.99,0.0,179.97
CA-2017-131954,DS-13030,2017-01-21,Office Supplies,Binders,6,16.62,0.2,99.7
CA-2017-131954,DS-13030,2017-01-21,Office Supplies,Binders,4,6.98,0.2,27.94
CA-2017-131954,DS-13030,2017-01-21,Furniture,Bookcases,1,84.98,0.0,84.98
CA-2017-131954,DS-13030,2017-01-21,Office Supplies,Binders,5,3.74,0.2,18.72
CA-2014-132500,GZ-14470,2014-09-08,Technology,Accessories,2,24.99,0.0,49.98
CA-2014-112326,PO-19195,2014-01-04,Office Supplies,Labels,3,3.93,0.2,11.78
CA-2014-112326,PO-19195,2014-01-04,Office Supplies,Storage,3,90.91,0.2,272.74
CA-2014-112326,PO-19195,2014-01-04,Office Supplies,Binders,2,1.77,0.8,3.54
US-2016-146710,SS-20875,2016-08-27,Office Supplies,Supplies,5,10.3,0.2,51.52
US-2016-146710,SS-20875,2016-08-27,Office Supplies,Paper,1,3.53,0.2,3.53
US-2016-146710,SS-20875,2016-08-27,Office Supplies,Paper,1,4.62,0.2,4.62
US-2016-146710,SS-20875,2016-08-27,Office Supplies,Supplies,4,13.79,0.2,55.17
CA-2014-124429,MH-17785,2014-05-27,Furniture,Tables,10,56.71,0.2,567.12
CA-2014-124429,MH-17785,2014-05-27,Office Supplies,Storage,4,89.83,0.0,359.32
CA-2016-150889,PB-19105,2016-03-20,Technology,Phones,1,11.99,0.2,11.99
CA-2017-126074,RF-19735,2017-10-02,Office Supplies,Binders,3,19.35,0.0,58.05
CA-2017-126074,RF-19735,2017-10-02,Furniture,Furnishings,11,14.34,0.0,157.74
CA-2017-126074,RF-19735,2017-10-02,Office Supplies,Art,7,8.14,0.0,56.98
CA-2017-126074,RF-19735,2017-10-02,Office Supplies,Binders,1,2.88,0.0,2.88
CA-2016-110499,YC-21895,2016-04-07,Technology,Copiers,3,399.99,0.2,1199.98
CA-2015-135272,MS-17830,2015-12-07,Furniture,Furnishings,4,19.98,0.0,79.92
CA-2016-140928,NB-18655,2016-09-18,Furniture,Tables,4,95.86,0.45,383.44
CA-2014-106803,DC-13285,2014-12-29,Office Supplies,Storage,2,12.28,0.0,24.56
CA-2014-106803,DC-13285,2014-12-29,Technology,Accessories,4,29.95,0.0,119.8
CA-2017-117240,CP-12340,2017-07-23,Office Supplies,Binders,3,4.38,0.2,13.13
CA-2017-133333,BF-11020,2017-09-18,Office Supplies,Paper,4,5.68,0.0,22.72
CA-2015-112319,AR-10510,2015-08-31,Office Supplies,Paper,9,6.48,0.0,58.32
CA-2017-126046,JC-16105,2017-11-03,Office Supplies,Labels,3,4.13,0.0,12.39
CA-2015-114923,LH-17020,2015-02-08,Technology,Phones,3,35.99,0.4,107.98
CA-2014-162775,CS-12250,2014-01-13,Office Supplies,Envelopes,2,5.68,0.0,11.36
CA-2014-162775,CS-12250,2014-01-13,Office Supplies,Envelopes,3,16.98,0.0,50.94
CA-2014-162775,CS-12250,2014-01-13,Technology,Accessories,6,107.79,0.0,646.74
CA-2014-162775,CS-12250,2014-01-13,Office Supplies,Binders,3,1.88,0.0,5.64
CA-2014-162775,CS-12250,2014-01-13,Office Supplies,Storage,6,95.43,0.0,572.58
CA-2014-106810,AJ-10795,2014-05-14,Furniture,Furnishings,2,155.44,0.2,310.88
CA-2016-157245,LE-16810,2016-05-19,Furniture,Chairs,2,320.98,0.0,641.96
CA-2017-104220,BV-11245,2017-01-30,Office Supplies,Binders,2,9.14,0.0,18.28
CA-2017-104220,BV-11245,2017-01-30,Technology,Phones,3,69.0,0.0,207.0
CA-2017-104220,BV-11245,2017-01-30,Office Supplies,Binders,5,6.47,0.0,32.35
CA-2017-104220,BV-11245,2017-01-30,Office Supplies,Binders,1,7.71,0.0,7.71
CA-2017-104220,BV-11245,2017-01-30,Office Supplies,Art,2,20.15,0.0,40.3
CA-2017-104220,BV-11245,2017-01-30,Furniture,Furnishings,7,4.94,0.0,34.58
CA-2014-165974,DL-12865,2014-06-29,Office Supplies,Art,7,4.68,0.2,32.76
CA-2015-144267,NZ-18565,2015-08-21,Furniture,Chairs,3,181.34,0.2,544.01
CA-2015-144267,NZ-18565,2015-08-21,Office Supplies,Paper,3,19.98,0.0,59.94
CA-2015-144267,NZ-18565,2015-08-21,Office Supplies,Paper,4,5.98,0.0,23.92
CA-2015-144267,NZ-18565,2015-08-21,Office Supplies,Paper,1,4.28,0.0,4.28
US-2015-157014,BM-11785,2015-10-03,Office Supplies,Binders,5,6.41,0.7,32.07
US-2015-157014,BM-11785,2015-10-03,Technology,Accessories,2,12.0,0.2,24.0
US-2015-157014,BM-11785,2015-10-03,Furniture,Bookcases,1,35.49,0.5,35.49
US-2015-157014,BM-11785,2015-10-03,Technology,Accessories,2,23.99,0.2,47.98
CA-2015-154921,EA-14035,2015-05-23,Office Supplies,Envelopes,3,62.23,0.0,186.69
CA-2017-129567,CL-12565,2017-03-17,Office Supplies,Binders,2,8.73,0.2,17.46
CA-2015-154620,LT-17110,2015-12-12,Furniture,Chairs,2,174.46,0.2,348.93
CA-2015-115938,SA-20830,2015-06-26,Office Supplies,Binders,4,35.99,0.0,143.96
CA-2015-115938,SA-20830,2015-06-26,Office Supplies,Storage,1,15.42,0.0,15.42
CA-2015-115938,SA-20830,2015-06-26,Office Supplies,Binders,8,5.38,0.0,43.04
CA-2015-115938,SA-20830,2015-06-26,Furniture,Chairs,3,110.98,0.0,332.94
CA-2016-105256,JK-15730,2016-05-20,Technology,Phones,5,272.79,0.2,1363.96
CA-2014-156433,ES-14020,2014-09-20,Office Supplies,Labels,2,4.98,0.0,9.96
CA-2014-156433,ES-14020,2014-09-20,Office Supplies,Paper,4,5.43,0.0,21.72
CA-2017-151428,RH-19495,2017-09-21,Office Supplies,Binders,7,2.88,0.0,20.16
CA-2015-124653,DB-13120,2015-12-24,Office Supplies,Paper,7,18.97,0.0,132.79
CA-2015-124653,DB-13120,2015-12-24,Office Supplies,Paper,2,6.48,0.0,12.96
CA-2015-124653,DB-13120,2015-12-24,Office Supplies,Labels,7,3.08,0.0,21.56
CA-2015-101910,CD-11920,2015-11-27,Furniture,Chairs,5,56.78,0.2,283.92
CA-2017-105809,HW-14935,2017-02-20,Furniture,Furnishings,1,22.23,0.0,22.23
CA-2017-105809,HW-14935,2017-02-20,Technology,Phones,2,107.98,0.2,215.97
CA-2016-136133,HW-14935,2016-08-18,Office Supplies,Appliances,9,39.48,0.0,355.32
CA-2016-115504,MC-18130,2016-03-12,Office Supplies,Paper,2,6.48,0.0,12.96
CA-2017-135783,GM-14440,2017-04-22,Furniture,Furnishings,2,9.14,0.0,18.28
CA-2014-134313,RA-19915,2014-11-01,Office Supplies,Art,3,14.39,0.2,43.18
CA-2014-134313,RA-19915,2014-11-01,Technology,Phones,4,495.99,0.2,1983.97
CA-2015-140921,AA-10375,2015-02-03,Furniture,Furnishings,2,14.2,0.0,28.4
CA-2015-140921,AA-10375,2015-02-03,Technology,Accessories,3,49.99,0.0,149.97
CA-2014-151995,ZC-21910,2014-10-13,Office Supplies,Art,4,2.88,0.0,11.52
CA-2014-151995,ZC-21910,2014-10-13,Furniture,Tables,5,259.71,0.0,1298.55
CA-2014-151995,ZC-21910,2014-10-13,Office Supplies,Appliances,4,53.48,0.0,213.92
CA-2014-151995,ZC-21910,2014-10-13,Technology,Accessories,2,12.89,0.0,25.78
CA-2017-143686,PJ-19015,2017-05-14,Furniture,Furnishings,2,9.14,0.0,18.28
CA-2017-143686,PJ-19015,2017-05-14,Technology,Accessories,7,199.99,0.0,1399.93
CA-2015-106565,BW-11110,2015-03-20,Office Supplies,Paper,8,6.48,0.0,51.84
CA-2016-149370,DB-13210,2016-09-15,Office Supplies,Paper,1,5.34,0.2,5.34
CA-2014-140858,CA-12775,2014-06-28,Office Supplies,Paper,8,5.18,0.2,41.47
CA-2014-140858,CA-12775,2014-06-28,Office Supplies,Binders,3,1.06,0.7,3.17
CA-2014-140858,CA-12775,2014-06-28,Furniture,Chairs,5,245.69,0.3,1228.46
CA-2014-140858,CA-12775,2014-06-28,Office Supplies,Binders,3,10.36,0.7,31.09
CA-2014-140858,CA-12775,2014-06-28,Office Supplies,Paper,4,83.88,0.2,335.52
CA-2017-101434,TR-21325,2017-06-20,Technology,Accessories,3,79.99,0.0,239.97
CA-2017-101434,TR-21325,2017-06-20,Office Supplies,Labels,2,4.91,0.0,9.82
US-2014-102071,PG-18820,2014-05-09,Technology,Accessories,4,16.95,0.0,67.8
US-2014-102071,PG-18820,2014-05-09,Technology,Accessories,3,55.99,0.0,167.97
CA-2017-126956,GT-14710,2017-08-21,Office Supplies,Fasteners,7,5.0,0.0,35.0
CA-2017-126956,GT-14710,2017-08-21,Office Supplies,Supplies,4,9.31,0.0,37.24
CA-2017-126956,GT-14710,2017-08-21,Office Supplies,Envelopes,2,7.64,0.0,15.28
CA-2017-129462,JE-15745,2017-06-16,Furniture,Chairs,2,150.98,0.0,301.96
CA-2017-129462,JE-15745,2017-06-16,Office Supplies,Appliances,3,60.22,0.0,180.66
CA-2017-129462,JE-15745,2017-06-16,Technology,Phones,2,95.99,0.0,191.98
CA-2017-129462,JE-15745,2017-06-16,Technology,Phones,1,65.99,0.0,65.99
CA-2016-165316,JB-15400,2016-07-23,Office Supplies,Art,2,17.61,0.2,35.22
CA-2016-165316,JB-15400,2016-07-23,Office Supplies,Appliances,2,11.85,0.2,23.7
CA-2016-165316,JB-15400,2016-07-23,Technology,Machines,1,265.48,0.5,265.48
US-2014-115987,LH-17020,2014-09-08,Office Supplies,Binders,4,12.8,0.8,51.18
US-2017-156083,JL-15175,2017-11-04,Office Supplies,Paper,2,4.83,0.2,9.66
US-2016-137547,EB-13705,2016-03-07,Technology,Phones,3,7.02,0.2,21.07
CA-2015-100454,BM-11650,2015-11-20,Office Supplies,Art,3,20.15,0.0,60.45
CA-2015-100454,BM-11650,2015-11-20,Office Supplies,Art,4,2.88,0.0,11.52
CA-2015-100454,BM-11650,2015-11-20,Furniture,Bookcases,4,46.51,0.2,186.05
CA-2016-161669,EM-14095,2016-11-07,Office Supplies,Binders,4,9.36,0.2,37.44
CA-2016-161669,EM-14095,2016-11-07,Office Supplies,Binders,4,6.74,0.2,26.98
CA-2016-161669,EM-14095,2016-11-07,Office Supplies,Supplies,2,5.68,0.0,11.36
CA-2016-161669,EM-14095,2016-11-07,Office Supplies,Labels,2,7.31,0.0,14.62
CA-2015-114300,AF-10885,2015-10-13,Technology,Phones,7,11.96,0.0,83.72
CA-2015-114300,AF-10885,2015-10-13,Furniture,Chairs,3,95.98,0.0,287.94
CA-2017-107503,GA-14725,2017-01-01,Furniture,Furnishings,4,12.22,0.2,48.9
CA-2014-107755,CK-12760,2014-02-07,Technology,Accessories,7,16.48,0.0,115.36
CA-2016-152534,DP-13105,2016-06-20,Office Supplies,Art,2,2.58,0.0,5.16
CA-2016-152534,DP-13105,2016-06-20,Office Supplies,Paper,6,6.48,0.0,38.88
CA-2016-113747,VD-21670,2016-05-28,Office Supplies,Art,6,30.98,0.0,185.88
CA-2016-123274,GT-14710,2016-02-19,Furniture,Furnishings,2,22.23,0.0,44.46
CA-2016-123274,GT-14710,2016-02-19,Office Supplies,Storage,3,80.98,0.0,242.94
CA-2014-125612,BK-11260,2014-08-03,Office Supplies,Paper,2,19.98,0.0,39.96
CA-2014-125612,BK-11260,2014-08-03,Office Supplies,Supplies,10,10.23,0.0,102.3
CA-2014-125612,BK-11260,2014-08-03,Office Supplies,Storage,2,10.68,0.0,21.36
CA-2017-161984,SJ-20125,2017-04-10,Office Supplies,Paper,1,7.61,0.0,7.61
CA-2017-161984,SJ-20125,2017-04-10,Office Supplies,Fasteners,2,3.58,0.0,7.16
CA-2014-133851,CM-12445,2014-06-09,Office Supplies,Supplies,2,3.68,0.0,7.36
CA-2014-133851,CM-12445,2014-06-09,Office Supplies,Art,2,11.55,0.0,23.1
CA-2016-134474,AJ-10795,2016-01-05,Technology,Accessories,6,31.91,0.2,191.47
CA-2016-134474,AJ-10795,2016-01-05,Office Supplies,Art,2,2.62,0.2,5.25
CA-2016-134474,AJ-10795,2016-01-05,Technology,Phones,2,29.59,0.2,59.18
CA-2014-149020,AJ-10780,2014-01-10,Office Supplies,Labels,1,2.89,0.0,2.89
CA-2014-149020,AJ-10780,2014-01-10,Furniture,Furnishings,1,51.94,0.0,51.94
CA-2016-134362,LS-16945,2016-09-29,Office Supplies,Labels,4,3.98,0.2,15.94
CA-2014-136742,GP-14740,2014-04-06,Office Supplies,Binders,6,7.48,0.7,44.91
CA-2016-158099,PK-18910,2016-09-03,Office Supplies,Binders,5,228.29,0.7,1141.47
CA-2016-158099,PK-18910,2016-09-03,Technology,Phones,3,93.59,0.4,280.78
CA-2015-131128,TB-21520,2015-10-19,Office Supplies,Paper,3,11.48,0.0,34.44
CA-2014-148488,SM-20005,2014-12-10,Office Supplies,Paper,2,5.68,0.0,11.36
CA-2014-148488,SM-20005,2014-12-10,Office Supplies,Binders,7,15.19,0.2,106.34
CA-2017-114636,GA-14725,2017-08-25,Office Supplies,Paper,5,38.43,0.2,192.16
CA-2016-116736,CC-12430,2016-01-17,Furniture,Furnishings,3,107.53,0.0,322.59
CA-2016-116736,CC-12430,2016-01-17,Technology,Accessories,1,29.99,0.0,29.99
CA-2016-116736,CC-12430,2016-01-17,Technology,Accessories,3,123.99,0.0,371.97
US-2014-158638,AG-10765,2014-09-17,Office Supplies,Binders,4,1.47,0.7,5.89
CA-2017-111689,HP-14815,2017-11-30,Office Supplies,Binders,3,22.82,0.2,68.47
CA-2017-111689,HP-14815,2017-11-30,Furniture,Chairs,5,248.58,0.1,1242.9
CA-2015-129098,DK-13090,2015-10-09,Office Supplies,Storage,2,15.42,0.0,30.84
US-2017-123463,GZ-14470,2017-12-23,Office Supplies,Art,4,3.37,0.0,13.48
CA-2016-165148,PM-19135,2016-10-22,Furniture,Furnishings,5,6.28,0.0,31.4
CA-2014-134061,LL-16840,2014-04-29,Furniture,Furnishings,2,8.73,0.0,17.46
CA-2015-143602,JS-15595,2015-04-25,Office Supplies,Binders,3,4.65,0.2,13.94
CA-2017-115364,OT-18730,2017-06-26,Office Supplies,Storage,12,6.98,0.0,83.76
CA-2017-150707,EL-13735,2017-10-14,Office Supplies,Binders,7,5.38,0.0,37.66
CA-2014-104976,CK-12760,2014-12-09,Office Supplies,Paper,6,5.78,0.0,34.68
CA-2017-132934,JE-15475,2017-06-20,Technology,Accessories,5,29.99,0.0,149.95
CA-2017-132934,JE-15475,2017-06-20,Office Supplies,Binders,3,17.1,0.2,51.31
CA-2017-133256,TH-21550,2017-06-26,Office Supplies,Paper,1,4.54,0.0,4.54
CA-2017-133256,TH-21550,2017-06-26,Office Supplies,Art,4,3.98,0.0,15.92
CA-2017-133256,TH-21550,2017-06-26,Technology,Phones,8,67.99,0.0,543.92
CA-2016-105494,PC-18745,2016-11-10,Office Supplies,Storage,7,22.26,0.0,155.82
CA-2016-105494,PC-18745,2016-11-10,Office Supplies,Binders,3,23.34,0.2,70.01
CA-2016-140634,HL-15040,2016-10-03,Office Supplies,Envelopes,2,7.82,0.2,15.65
CA-2014-144407,MS-17365,2014-09-09,Office Supplies,Labels,7,14.8,0.0,103.6
CA-2017-160983,GB-14530,2017-10-29,Office Supplies,Paper,8,5.87,0.0,46.96
US-2016-114622,JR-16210,2016-04-10,Office Supplies,Binders,2,4.45,0.7,8.9
CA-2017-150959,TD-20995,2017-11-11,Office Supplies,Labels,5,2.09,0.2,10.44
CA-2017-150959,TD-20995,2017-11-11,Office Supplies,Binders,4,4.58,0.8,18.34
CA-2017-132353,DB-13060,2017-09-15,Technology,Phones,3,107.99,0.2,323.98
CA-2016-130477,LC-17140,2016-04-08,Office Supplies,Paper,3,6.68,0.0,20.04
CA-2016-130477,LC-17140,2016-04-08,Office Supplies,Storage,2,32.48,0.0,64.96
CA-2016-130477,LC-17140,2016-04-08,Office Supplies,Paper,2,6.48,0.0,12.96
CA-2017-143259,PO-18865,2017-12-30,Furniture,Bookcases,4,80.78,0.2,323.14
CA-2017-143259,PO-18865,2017-12-30,Technology,Phones,7,12.99,0.0,90.93
CA-2017-143259,PO-18865,2017-12-30,Office Supplies,Binders,3,17.59,0.2,52.78
CA-2017-137596,BE-11335,2017-09-02,Technology,Phones,4,299.95,0.0,1199.8
CA-2017-137596,BE-11335,2017-09-02,Technology,Accessories,7,275.54,0.0,1928.78
CA-2017-137596,BE-11335,2017-09-02,Office Supplies,Storage,2,176.19,0.0,352.38
CA-2015-133627,SC-20050,2015-05-31,Furniture,Furnishings,6,3.7,0.0,22.2
CA-2017-102519,BM-11650,2017-11-27,Furniture,Furnishings,1,46.94,0.0,46.94
CA-2017-102519,BM-11650,2017-11-27,Technology,Accessories,9,15.97,0.0,143.73
US-2014-141215,KL-16555,2014-06-15,Furniture,Tables,2,49.96,0.3,99.92
US-2014-141215,KL-16555,2014-06-15,Furniture,Chairs,4,199.49,0.3,797.94
US-2014-141215,KL-16555,2014-06-15,Office Supplies,Binders,3,2.86,0.8,8.57
CA-2016-165218,RW-19630,2016-03-05,Office Supplies,Envelopes,3,49.78,0.2,149.35
CA-2016-165218,RW-19630,2016-03-05,Office Supplies,Storage,1,12.99,0.2,12.99
CA-2014-138296,RC-19825,2014-12-05,Office Supplies,Storage,2,12.28,0.0,24.56
CA-2015-111164,SE-20110,2015-04-11,Technology,Accessories,3,28.38,0.0,85.14
CA-2015-111164,SE-20110,2015-04-11,Technology,Phones,1,21.99,0.0,21.99
CA-2015-111164,SE-20110,2015-04-11,Office Supplies,Appliances,5,81.32,0.0,406.6
CA-2016-149797,AH-10075,2016-09-15,Office Supplies,Binders,2,420.78,0.2,841.57
CA-2014-132962,JM-15535,2014-09-13,Office Supplies,Paper,3,5.18,0.2,15.55
CA-2014-132962,JM-15535,2014-09-13,Technology,Accessories,5,50.4,0.2,252.0
CA-2015-115091,JJ-15760,2015-10-05,Office Supplies,Art,4,11.55,0.0,46.2
CA-2015-115091,JJ-15760,2015-10-05,Office Supplies,Appliances,2,14.42,0.0,28.84
CA-2017-144932,AB-10165,2017-04-14,Office Supplies,Art,3,4.86,0.2,14.59
CA-2017-144932,AB-10165,2017-04-14,Office Supplies,Art,3,29.95,0.2,89.86
CA-2017-144932,AB-10165,2017-04-14,Office Supplies,Paper,3,4.62,0.2,13.87
CA-2017-114216,RK-19300,2017-09-02,Office Supplies,Paper,3,4.06,0.2,12.19
CA-2016-140081,CG-12040,2016-06-20,Office Supplies,Paper,8,5.63,0.2,45.06
CA-2016-140081,CG-12040,2016-06-20,Office Supplies,Binders,6,4.95,0.7,29.72
CA-2016-140081,CG-12040,2016-06-20,Office Supplies,Paper,3,5.18,0.2,15.55
CA-2016-140081,CG-12040,2016-06-20,Office Supplies,Appliances,2,223.85,0.2,447.7
US-2017-111745,RA-19885,2017-11-05,Technology,Accessories,1,159.99,0.0,159.99
CA-2015-148250,RP-19270,2015-12-13,Office Supplies,Paper,2,6.48,0.0,12.96
CA-2015-148250,RP-19270,2015-12-13,Office Supplies,Appliances,4,33.62,0.0,134.48
CA-2016-105760,KC-16255,2016-06-19,Office Supplies,Paper,2,8.56,0.0,17.12
CA-2016-142958,RW-19630,2016-12-13,Office Supplies,Binders,2,3.05,0.2,6.1
CA-2016-142958,RW-19630,2016-12-13,Furniture,Tables,4,278.57,0.2,1114.27
CA-2015-120880,JL-15850,2015-05-29,Office Supplies,Paper,5,6.48,0.0,32.4
CA-2015-120880,JL-15850,2015-05-29,Office Supplies,Storage,3,180.19,0.0,540.57
CA-2015-120880,JL-15850,2015-05-29,Office Supplies,Binders,5,33.55,0.2,167.76
US-2015-140200,CA-12775,2015-07-26,Furniture,Tables,3,131.06,0.5,393.16
US-2017-110576,RB-19795,2017-11-28,Furniture,Furnishings,7,73.78,0.2,516.49
US-2017-110576,RB-19795,2017-11-28,Furniture,Furnishings,6,167.87,0.2,1007.23
US-2017-110576,RB-19795,2017-11-28,Furniture,Tables,12,172.11,0.4,2065.32
US-2017-110576,RB-19795,2017-11-28,Office Supplies,Paper,3,5.18,0.2,15.55
US-2017-110576,RB-19795,2017-11-28,Office Supplies,Paper,6,4.22,0.2,25.34
CA-2017-131156,KH-16360,2017-04-03,Furniture,Furnishings,4,6.37,0.2,25.47
CA-2017-136539,GH-14665,2017-12-28,Office Supplies,Art,2,13.58,0.2,27.17
CA-2017-136539,GH-14665,2017-12-28,Furniture,Bookcases,2,39.43,0.32,78.85
CA-2017-119305,SW-20275,2017-11-30,Office Supplies,Storage,5,34.76,0.0,173.8
CA-2017-102414,JA-15970,2017-05-15,Technology,Phones,1,29.59,0.2,29.59
CA-2017-102414,JA-15970,2017-05-15,Office Supplies,Binders,2,2.38,0.7,4.75
CA-2017-102414,JA-15970,2017-05-15,Office Supplies,Paper,3,5.18,0.2,15.55
CA-2015-112571,DL-12925,2015-09-22,Furniture,Furnishings,2,102.3,0.0,204.6
CA-2017-152142,LW-16990,2017-11-14,Furniture,Chairs,2,160.78,0.2,321.57
CA-2015-160059,TB-21190,2015-11-27,Office Supplies,Binders,2,3.12,0.0,6.24
CA-2016-120859,CV-12805,2016-09-01,Office Supplies,Envelopes,2,10.94,0.0,21.88
CA-2014-127488,MS-17365,2014-09-22,Office Supplies,Labels,2,2.3,0.2,4.61
CA-2017-135279,BS-11800,2017-04-09,Office Supplies,Labels,2,4.91,0.0,9.82
CA-2017-135279,BS-11800,2017-04-09,Office Supplies,Art,3,11.99,0.0,35.97
CA-2017-135279,BS-11800,2017-04-09,Office Supplies,Paper,2,6.48,0.0,12.96
CA-2017-135279,BS-11800,2017-04-09,Office Supplies,Paper,4,47.9,0.0,191.6
CA-2017-135279,BS-11800,2017-04-09,Office Supplies,Labels,3,2.88,0.0,8.64
CA-2017-135279,BS-11800,2017-04-09,Office Supplies,Storage,3,167.27,0.0,501.81
CA-2014-115791,DL-13315,2014-01-16,Furniture,Furnishings,6,21.18,0.2,127.1
CA-2014-115791,DL-13315,2014-01-16,Technology,Phones,3,41.4,0.4,124.2
CA-2014-115791,DL-13315,2014-01-16,Office Supplies,Binders,2,9.29,0.7,18.59
CA-2014-115791,DL-13315,2014-01-16,Office Supplies,Labels,3,10.02,0.2,30.07
US-2017-103247,PO-19195,2017-10-05,Technology,Phones,7,22.99,0.0,160.93
US-2017-103247,PO-19195,2017-10-05,Office Supplies,Binders,3,25.26,0.2,75.79
US-2017-100209,TD-20995,2017-07-09,Office Supplies,Binders,2,0.54,0.7,1.08
CA-2017-159366,BW-11110,2017-01-07,Technology,Machines,2,1529.99,0.1,3059.98
CA-2016-145499,RW-19690,2016-05-30,Office Supplies,Binders,2,1.64,0.7,3.28
CA-2015-157035,KB-16600,2015-12-09,Office Supplies,Paper,3,11.34,0.0,34.02
CA-2016-144939,EB-13870,2016-10-03,Furniture,Chairs,6,99.88,0.1,599.29
CA-2014-163419,TZ-21580,2014-11-11,Office Supplies,Art,1,3.39,0.2,3.39
CA-2014-163419,TZ-21580,2014-11-11,Technology,Phones,2,279.99,0.2,559.98
CA-2014-163419,TZ-21580,2014-11-11,Furniture,Chairs,5,120.78,0.2,603.92
CA-2017-100314,AS-10630,2017-09-29,Office Supplies,Labels,2,3.98,0.2,7.97
CA-2017-100314,AS-10630,2017-09-29,Office Supplies,Envelopes,4,6.99,0.2,27.97
CA-2017-100314,AS-10630,2017-09-29,Technology,Machines,3,112.17,0.4,336.51
CA-2015-146829,TS-21340,2015-03-10,Office Supplies,Binders,2,0.56,0.8,1.11
CA-2017-167899,JG-15805,2017-05-21,Furniture,Furnishings,5,104.01,0.0,520.05
CA-2017-167899,JG-15805,2017-05-21,Office Supplies,Art,3,5.99,0.0,17.97
CA-2015-153549,SL-20155,2015-03-29,Furniture,Chairs,5,233.38,0.2,1166.92
CA-2016-110023,TS-21610,2016-09-09,Office Supplies,Binders,2,7.31,0.2,14.62
CA-2016-105585,RF-19735,2016-08-26,Office Supplies,Fasteners,3,3.41,0.0,10.23
CA-2016-105585,RF-19735,2016-08-26,Office Supplies,Paper,5,30.98,0.0,154.9
CA-2014-117639,MW-18235,2014-05-21,Office Supplies,Binders,7,387.99,0.0,2715.93
CA-2014-117639,MW-18235,2014-05-21,Technology,Phones,3,205.99,0.0,617.97
CA-2015-162537,RD-19585,2015-10-28,Office Supplies,Envelopes,1,10.67,0.0,10.67
CA-2015-162537,RD-19585,2015-10-28,Office Supplies,Storage,3,12.21,0.0,36.63
CA-2015-162537,RD-19585,2015-10-28,Furniture,Furnishings,5,4.82,0.0,24.1
CA-2015-162537,RD-19585,2015-10-28,Furniture,Furnishings,7,4.73,0.0,33.11
CA-2016-155488,FM-14290,2016-11-13,Office Supplies,Art,2,22.01,0.0,44.02
CA-2015-124891,RH-19495,2015-07-31,Technology,Accessories,7,329.95,0.0,2309.65
CA-2015-124891,RH-19495,2015-07-31,Furniture,Tables,7,155.83,0.4,1090.78
CA-2015-124891,RH-19495,2015-07-31,Office Supplies,Paper,3,6.48,0.0,19.44
CA-2015-126445,RA-19945,2015-08-27,Office Supplies,Storage,3,161.55,0.0,484.65
CA-2015-111199,JK-15730,2015-11-13,Office Supplies,Paper,3,38.43,0.2,115.3
CA-2015-105312,MT-17815,2015-11-06,Office Supplies,Envelopes,3,2.36,0.2,7.08
CA-2015-105312,MT-17815,2015-11-06,Office Supplies,Binders,3,1.47,0.7,4.4
US-2017-106705,PO-18850,2017-12-26,Office Supplies,Paper,5,8.95,0.0,44.75
CA-2017-135034,AT-10735,2017-08-01,Technology,Phones,2,47.99,0.2,95.98
CA-2014-158540,VG-21790,2014-11-24,Furniture,Furnishings,4,37.93,0.0,151.72
CA-2017-118437,PF-19165,2017-06-17,Furniture,Furnishings,3,51.75,0.0,155.25
CA-2017-118437,PF-19165,2017-06-17,Office Supplies,Storage,1,14.03,0.0,14.03
US-2015-126214,JS-15880,2015-12-21,Furniture,Tables,13,124.49,0.0,1618.37
US-2015-126214,JS-15880,2015-12-21,Technology,Accessories,1,99.6,0.0,99.6
CA-2015-133025,MO-17800,2015-09-17,Office Supplies,Paper,5,6.48,0.0,32.4
CA-2015-108665,KM-16225,2015-07-06,Furniture,Furnishings,2,6.98,0.0,13.96
CA-2015-108665,KM-16225,2015-07-06,Furniture,Furnishings,3,51.94,0.0,155.82
CA-2015-108665,KM-16225,2015-07-06,Technology,Phones,5,24.99,0.0,124.95
CA-2015-108665,KM-16225,2015-07-06,Office Supplies,Storage,5,120.33,0.0,601.65
CA-2015-124450,GT-14710,2015-04-27,Office Supplies,Art,3,7.58,0.0,22.74
CA-2015-124450,GT-14710,2015-04-27,Furniture,Chairs,3,422.51,0.0,1267.53
CA-2015-124450,GT-14710,2015-04-27,Technology,Machines,8,172.49,0.0,1379.92
CA-2015-167269,PB-19150,2015-06-16,Office Supplies,Envelopes,2,3.1,0.2,6.21
CA-2017-106964,HR-14770,2017-12-17,Office Supplies,Binders,2,5.9,0.2,11.81
CA-2016-126529,DE-13255,2016-01-11,Office Supplies,Paper,3,5.18,0.2,15.55
CA-2016-126529,DE-13255,2016-01-11,Office Supplies,Paper,3,21.1,0.2,63.31
CA-2016-126529,DE-13255,2016-01-11,Technology,Phones,2,7.79,0.4,15.59
CA-2014-163552,LA-16780,2014-07-11,Office Supplies,Paper,5,35.44,0.0,177.2
CA-2014-163552,LA-16780,2014-07-11,Technology,Phones,3,65.99,0.0,197.97
CA-2014-163552,LA-16780,2014-07-11,Furniture,Chairs,3,284.98,0.0,854.94
CA-2014-163552,LA-16780,2014-07-11,Furniture,Furnishings,9,13.79,0.0,124.11
CA-2014-163552,LA-16780,2014-07-11,Office Supplies,Labels,5,2.88,0.0,14.4
CA-2016-109820,AG-10390,2016-11-20,Office Supplies,Paper,3,5.23,0.2,15.7
CA-2016-109820,AG-10390,2016-11-20,Office Supplies,Binders,2,1.31,0.7,2.63
CA-2016-109820,AG-10390,2016-11-20,Office Supplies,Binders,3,4.81,0.7,14.43
CA-2016-113061,EL-13735,2016-04-22,Furniture,Furnishings,2,43.31,0.0,86.62
CA-2015-127418,JJ-15445,2015-06-13,Office Supplies,Binders,3,12.21,0.2,36.62
CA-2017-121818,JH-15430,2017-11-20,Office Supplies,Art,7,3.42,0.2,23.97
CA-2017-121818,JH-15430,2017-11-20,Office Supplies,Art,3,9.58,0.2,28.73
CA-2016-127670,RD-19660,2016-03-20,Furniture,Tables,4,174.29,0.0,697.16
CA-2016-102981,MO-17500,2016-09-06,Technology,Accessories,2,15.93,0.0,31.86
CA-2016-102981,MO-17500,2016-09-06,Furniture,Bookcases,3,240.78,0.2,722.35
CA-2017-115651,NS-18640,2017-07-09,Office Supplies,Art,5,1.77,0.2,8.84
CA-2017-115651,NS-18640,2017-07-09,Office Supplies,Appliances,9,6.5,0.8,58.46
CA-2017-152702,SN-20710,2017-10-12,Furniture,Chairs,14,18.19,0.3,254.6
CA-2016-169103,ZC-21910,2016-03-08,Technology,Phones,5,272.79,0.2,1363.96
CA-2016-169103,ZC-21910,2016-03-08,Furniture,Furnishings,3,34.12,0.2,102.36
CA-2014-139192,LC-16885,2014-05-27,Technology,Phones,12,92.79,0.2,1113.5
CA-2014-139192,LC-16885,2014-05-27,Technology,Accessories,1,99.99,0.0,99.99
US-2015-153500,DG-13300,2015-07-03,Furniture,Furnishings,2,84.23,0.2,168.46
US-2015-153500,DG-13300,2015-07-03,Office Supplies,Paper,2,3.36,0.2,6.72
US-2015-153500,DG-13300,2015-07-03,Furniture,Furnishings,9,31.43,0.2,282.89
CA-2015-110667,NF-18595,2015-04-04,Office Supplies,Art,2,5.58,0.0,11.16
CA-2015-110667,NF-18595,2015-04-04,Furniture,Furnishings,2,54.2,0.0,108.4
CA-2015-110667,NF-18595,2015-04-04,Office Supplies,Binders,3,27.45,0.2,82.34
CA-2015-110667,NF-18595,2015-04-04,Office Supplies,Binders,4,2.27,0.2,9.09
CA-2017-167150,BP-11185,2017-12-10,Office Supplies,Binders,4,4.98,0.2,19.94
CA-2017-167150,BP-11185,2017-12-10,Office Supplies,Binders,2,32.78,0.2,65.57
CA-2016-105284,MG-17650,2016-11-24,Office Supplies,Fasteners,3,1.47,0.2,4.42
US-2015-125374,JD-16060,2015-03-23,Furniture,Chairs,2,53.89,0.3,107.77
CA-2015-161263,TS-21160,2015-04-16,Office Supplies,Appliances,3,15.07,0.2,45.22
CA-2015-161263,TS-21160,2015-04-16,Office Supplies,Fasteners,7,1.49,0.2,10.42
CA-2015-161263,TS-21160,2015-04-16,Office Supplies,Art,3,2.62,0.2,7.87
CA-2015-161263,TS-21160,2015-04-16,Technology,Phones,3,39.59,0.4,118.78
CA-2015-161263,TS-21160,2015-04-16,Office Supplies,Fasteners,1,1.45,0.2,1.45
CA-2015-161263,TS-21160,2015-04-16,Office Supplies,Binders,5,11.09,0.7,55.47
CA-2016-157686,BD-11620,2016-10-01,Furniture,Chairs,4,48.71,0.2,194.85
US-2017-139955,CM-12160,2017-09-28,Office Supplies,Supplies,1,1.74,0.2,1.74
US-2015-150161,RB-19795,2015-07-25,Office Supplies,Binders,4,6.29,0.7,25.18
CA-2015-144652,SN-20560,2015-11-20,Office Supplies,Art,7,2.78,0.0,19.46
CA-2016-152814,EH-14005,2016-04-28,Office Supplies,Paper,3,9.82,0.2,29.47
CA-2017-106943,FO-14305,2017-11-14,Office Supplies,Binders,2,4.32,0.2,8.64
CA-2016-134348,MS-17710,2016-11-12,Office Supplies,Binders,5,1.25,0.7,6.27
CA-2016-134348,MS-17710,2016-11-12,Office Supplies,Binders,7,0.62,0.7,4.37
CA-2016-134348,MS-17710,2016-11-12,Technology,Accessories,2,15.99,0.2,31.98
CA-2016-161781,CC-12100,2016-09-29,Office Supplies,Art,7,5.84,0.0,40.88
CA-2017-132521,DW-13540,2017-09-23,Office Supplies,Appliances,2,59.98,0.0,119.96
CA-2017-132521,DW-13540,2017-09-23,Office Supplies,Storage,3,10.48,0.0,31.44
CA-2017-132521,DW-13540,2017-09-23,Office Supplies,Binders,1,6.88,0.2,6.88
CA-2015-110016,BT-11395,2015-11-29,Office Supplies,Paper,4,4.98,0.0,19.92
CA-2015-110016,BT-11395,2015-11-29,Furniture,Chairs,9,122.99,0.0,1106.91
US-2016-143819,KD-16270,2016-03-01,Furniture,Tables,8,104.57,0.4,836.59
US-2016-143819,KD-16270,2016-03-01,Office Supplies,Paper,1,26.38,0.0,26.38
US-2016-143819,KD-16270,2016-03-01,Office Supplies,Storage,2,181.46,0.0,362.92
US-2016-143819,KD-16270,2016-03-01,Technology,Machines,7,699.99,0.0,4899.93
CA-2016-167584,LC-16870,2016-08-12,Office Supplies,Paper,1,6.48,0.0,6.48
CA-2016-166163,CY-12745,2016-08-15,Technology,Phones,3,23.99,0.2,71.98
CA-2016-166163,CY-12745,2016-08-15,Office Supplies,Labels,1,3.15,0.0,3.15
CA-2017-158407,LW-16990,2017-06-04,Furniture,Furnishings,2,15.99,0.2,31.98
CA-2017-158407,LW-16990,2017-06-04,Technology,Phones,2,35.99,0.2,71.98
CA-2015-143490,NP-18325,2015-12-06,Office Supplies,Art,9,13.35,0.0,120.15
CA-2015-143490,NP-18325,2015-12-06,Technology,Phones,2,109.59,0.2,219.18
CA-2015-165085,BT-11485,2015-12-27,Office Supplies,Paper,5,5.78,0.0,28.9
CA-2015-165085,BT-11485,2015-12-27,Office Supplies,Appliances,2,177.98,0.0,355.96
CA-2017-160423,PS-19045,2017-01-21,Office Supplies,Storage,7,49.74,0.2,348.21
CA-2017-160423,PS-19045,2017-01-21,Office Supplies,Binders,7,5.11,0.7,35.78
CA-2014-159338,NS-18640,2014-06-25,Furniture,Tables,5,89.57,0.2,447.84
CA-2016-107216,PV-18985,2016-06-14,Office Supplies,Art,4,1.76,0.0,7.04
CA-2016-107216,PV-18985,2016-06-14,Furniture,Furnishings,3,2.91,0.0,8.73
CA-2016-107216,PV-18985,2016-06-14,Technology,Accessories,1,29.29,0.0,29.29
CA-2016-107216,PV-18985,2016-06-14,Office Supplies,Art,3,2.88,0.0,8.64
US-2017-145863,RP-19390,2017-04-21,Office Supplies,Binders,3,0.9,0.8,2.69
US-2017-145863,RP-19390,2017-04-21,Office Supplies,Binders,3,0.98,0.8,2.93
CA-2016-112340,NM-18520,2016-10-21,Office Supplies,Paper,3,7.64,0.0,22.92
US-2016-110156,EH-13945,2016-11-19,Office Supplies,Storage,6,16.78,0.2,100.7
US-2016-110156,EH-13945,2016-11-19,Furniture,Furnishings,2,1.16,0.6,2.33
US-2016-110156,EH-13945,2016-11-19,Office Supplies,Binders,5,2.16,0.8,10.78
US-2016-110156,EH-13945,2016-11-19,Office Supplies,Fasteners,12,4.86,0.2,58.37
US-2016-110156,EH-13945,2016-11-19,Office Supplies,Envelopes,3,13.66,0.2,40.97
US-2016-110156,EH-13945,2016-11-19,Technology,Phones,5,14.39,0.2,71.96
US-2016-110156,EH-13945,2016-11-19,Office Supplies,Paper,2,5.18,0.2,10.37
US-2016-110156,EH-13945,2016-11-19,Office Supplies,Binders,2,0.6,0.8,1.19
CA-2017-140585,RA-19915,2017-12-18,Office Supplies,Binders,2,23.34,0.2,46.67
CA-2017-140585,RA-19915,2017-12-18,Furniture,Bookcases,1,119.83,0.15,119.83
CA-2017-140585,RA-19915,2017-12-18,Technology,Accessories,2,59.99,0.0,119.98
CA-2016-144855,DL-13495,2016-07-22,Office Supplies,Labels,2,3.15,0.0,6.3
CA-2015-142755,CS-12355,2015-09-04,Office Supplies,Paper,5,55.98,0.0,279.9
CA-2015-142755,CS-12355,2015-09-04,Technology,Accessories,5,123.99,0.0,619.95
CA-2015-142755,CS-12355,2015-09-04,Office Supplies,Paper,2,2.18,0.0,4.36
CA-2015-142755,CS-12355,2015-09-04,Office Supplies,Envelopes,2,7.64,0.0,15.28
US-2014-147627,HL-15040,2014-01-20,Technology,Phones,7,99.99,0.0,699.93
US-2014-147627,HL-15040,2014-01-20,Office Supplies,Art,7,3.28,0.0,22.96
US-2014-147627,HL-15040,2014-01-20,Furniture,Furnishings,4,9.65,0.0,38.6
US-2014-147627,HL-15040,2014-01-20,Office Supplies,Art,3,2.21,0.0,6.63
US-2014-147627,HL-15040,2014-01-20,Office Supplies,Envelopes,3,7.78,0.0,23.34
US-2014-147627,HL-15040,2014-01-20,Furniture,Chairs,3,355.98,0.0,1067.94
CA-2015-105970,PA-19060,2015-03-02,Office Supplies,Art,1,10.16,0.0,10.16
CA-2015-105970,PA-19060,2015-03-02,Office Supplies,Envelopes,6,16.98,0.0,101.88
CA-2016-112102,BD-11605,2016-04-12,Furniture,Tables,4,85.98,0.0,343.92
CA-2016-112102,BD-11605,2016-04-12,Office Supplies,Paper,1,40.99,0.0,40.99
CA-2016-112102,BD-11605,2016-04-12,Office Supplies,Envelopes,5,12.78,0.0,63.9
US-2016-114776,GG-14650,2016-12-06,Office Supplies,Paper,3,6.48,0.0,19.44
US-2016-134908,JS-15940,2016-06-05,Office Supplies,Storage,4,31.15,0.2,124.61
US-2016-134908,JS-15940,2016-06-05,Office Supplies,Labels,3,2.52,0.2,7.56
US-2016-148803,LR-16915,2016-12-11,Office Supplies,Storage,3,28.41,0.2,85.22
CA-2016-152170,FH-14275,2016-11-12,Office Supplies,Envelopes,8,35.94,0.0,287.52
CA-2016-152170,FH-14275,2016-11-12,Office Supplies,Appliances,2,18.84,0.0,37.68
CA-2016-152170,FH-14275,2016-11-12,Office Supplies,Paper,2,9.99,0.0,19.98
CA-2016-152170,FH-14275,2016-11-12,Office Supplies,Art,7,2.94,0.0,20.58
CA-2016-152170,FH-14275,2016-11-12,Office Supplies,Binders,2,8.69,0.0,17.38
CA-2014-146969,AP-10915,2014-09-29,Furniture,Furnishings,2,102.3,0.0,204.6
CA-2014-146969,AP-10915,2014-09-29,Office Supplies,Fasteners,4,2.18,0.0,8.72
CA-2014-146969,AP-10915,2014-09-29,Office Supplies,Paper,1,6.48,0.0,6.48
CA-2014-146969,AP-10915,2014-09-29,Technology,Machines,2,343.16,0.2,686.32
CA-2014-146969,AP-10915,2014-09-29,Office Supplies,Storage,1,62.18,0.0,62.18
CA-2015-112452,NC-18340,2015-04-04,Office Supplies,Appliances,2,322.04,0.1,644.08
CA-2015-112452,NC-18340,2015-04-04,Office Supplies,Fasteners,2,2.92,0.0,5.84
CA-2015-112452,NC-18340,2015-04-04,Office Supplies,Binders,2,6.38,0.0,12.76
CA-2015-112452,NC-18340,2015-04-04,Technology,Phones,1,10.95,0.0,10.95
CA-2015-112452,NC-18340,2015-04-04,Technology,Copiers,2,299.99,0.0,599.98
CA-2015-113971,CB-12535,2015-05-08,Furniture,Furnishings,6,1.39,0.2,8.35
CA-2017-160395,KL-16555,2016-12-31,Office Supplies,Art,2,1.82,0.0,3.64
CA-2017-160395,KL-16555,2016-12-31,Office Supplies,Binders,7,22.82,0.2,159.77
CA-2014-136567,PS-19045,2014-12-20,Office Supplies,Storage,2,61.24,0.0,122.48
CA-2014-136567,PS-19045,2014-12-20,Furniture,Tables,7,320.64,0.0,2244.48
CA-2014-136567,PS-19045,2014-12-20,Office Supplies,Binders,3,20.77,0.0,62.31
CA-2014-136567,PS-19045,2014-12-20,Furniture,Tables,2,227.55,0.0,455.1
CA-2016-149314,GB-14530,2016-07-02,Furniture,Chairs,1,195.18,0.2,195.18
CA-2017-147039,AA-10315,2017-06-29,Office Supplies,Appliances,3,120.98,0.0,362.94
CA-2017-147039,AA-10315,2017-06-29,Office Supplies,Binders,2,5.77,0.0,11.54
CA-2014-126522,LT-16765,2014-09-01,Office Supplies,Art,3,17.98,0.0,53.94
CA-2014-127964,AP-10720,2014-03-03,Technology,Phones,1,9.99,0.0,9.99
CA-2014-127964,AP-10720,2014-03-03,Office Supplies,Binders,3,41.92,0.2,125.76
CA-2014-127964,AP-10720,2014-03-03,Office Supplies,Binders,5,5.06,0.2,25.32
CA-2014-117709,PM-18940,2014-05-04,Office Supplies,Binders,4,11.7,0.0,46.8
CA-2015-125416,KC-16540,2015-11-02,Technology,Accessories,9,49.77,0.0,447.93
CA-2017-145226,DL-13315,2017-12-08,Furniture,Furnishings,2,54.74,0.0,109.48
CA-2017-145226,DL-13315,2017-12-08,Office Supplies,Storage,3,90.98,0.0,272.94
CA-2017-145226,DL-13315,2017-12-08,Office Supplies,Paper,3,6.48,0.0,19.44
CA-2017-145226,DL-13315,2017-12-08,Office Supplies,Storage,4,7.98,0.0,31.92
US-2014-100279,SW-20275,2014-03-10,Office Supplies,Paper,2,11.19,0.0,22.38
CA-2014-158064,AA-10375,2014-04-21,Office Supplies,Binders,5,3.3,0.2,16.52
US-2015-104430,LT-17110,2015-10-22,Office Supplies,Binders,4,1.29,0.8,5.18
CA-2015-132080,DP-13105,2015-08-22,Office Supplies,Binders,6,8.35,0.2,50.11
CA-2016-161207,AB-10060,2016-08-29,Office Supplies,Supplies,3,9.31,0.0,27.93
CA-2014-120243,AT-10435,2014-12-27,Office Supplies,Labels,4,2.89,0.0,11.56
CA-2016-113621,JE-15745,2016-12-01,Furniture,Chairs,2,86.25,0.0,172.5
CA-2016-113621,JE-15745,2016-12-01,Technology,Phones,3,59.99,0.0,179.97
CA-2016-168081,CA-12055,2016-04-24,Technology,Accessories,3,86.23,0.2,258.7
CA-2014-128146,DB-13060,2014-06-21,Technology,Phones,7,188.99,0.0,1322.93
CA-2014-128146,DB-13060,2014-06-21,Office Supplies,Art,2,1.88,0.0,3.76
CA-2017-138779,RB-19570,2017-01-14,Office Supplies,Envelopes,1,21.74,0.2,21.74
CA-2017-138779,RB-19570,2017-01-14,Technology,Phones,5,1.58,0.2,7.92
CA-2014-127131,HR-14830,2014-11-24,Office Supplies,Binders,7,1.73,0.2,12.1
CA-2014-127131,HR-14830,2014-11-24,Office Supplies,Storage,6,80.98,0.0,485.88
CA-2014-127131,HR-14830,2014-11-24,Office Supplies,Paper,4,6.48,0.0,25.92
CA-2014-127131,HR-14830,2014-11-24,Office Supplies,Storage,2,98.79,0.0,197.58
CA-2017-117212,BT-11530,2017-02-26,Office Supplies,Appliances,4,20.48,0.0,81.92
CA-2017-117212,BT-11530,2017-02-26,Technology,Phones,8,111.19,0.2,889.54
CA-2017-117212,BT-11530,2017-02-26,Furniture,Chairs,3,297.41,0.2,892.22
CA-2017-117212,BT-11530,2017-02-26,Office Supplies,Paper,4,55.98,0.0,223.92
CA-2017-117212,BT-11530,2017-02-26,Office Supplies,Paper,4,5.78,0.0,23.12
US-2015-130519,NG-18355,2015-09-15,Office Supplies,Paper,3,5.18,0.2,15.55
US-2015-130519,NG-18355,2015-09-15,Furniture,Furnishings,4,3.93,0.2,15.71
US-2015-130519,NG-18355,2015-09-15,Office Supplies,Storage,2,12.34,0.2,24.67
US-2015-130519,NG-18355,2015-09-15,Furniture,Furnishings,1,55.97,0.2,55.97
CA-2016-130946,ZC-21910,2016-04-08,Technology,Accessories,9,47.99,0.2,431.93
CA-2016-130946,ZC-21910,2016-04-08,Furniture,Chairs,4,24.0,0.3,95.98
CA-2016-130946,ZC-21910,2016-04-08,Office Supplies,Binders,4,272.2,0.8,1088.79
CA-2016-114727,LS-16945,2016-07-18,Furniture,Chairs,3,181.34,0.2,544.01
CA-2016-114727,LS-16945,2016-07-18,Office Supplies,Binders,3,0.62,0.7,1.87
CA-2016-114727,LS-16945,2016-07-18,Furniture,Chairs,3,284.78,0.2,854.35
CA-2016-114727,LS-16945,2016-07-18,Office Supplies,Storage,2,296.78,0.2,593.57
CA-2016-114727,LS-16945,2016-07-18,Office Supplies,Storage,3,112.68,0.2,338.04
CA-2017-133235,LH-16750,2017-08-01,Technology,Phones,5,54.39,0.2,271.96
CA-2016-137050,SW-20755,2016-07-14,Office Supplies,Storage,1,11.21,0.0,11.21
CA-2016-137050,SW-20755,2016-07-14,Office Supplies,Binders,3,3.05,0.2,9.14
CA-2016-137050,SW-20755,2016-07-14,Office Supplies,Fasteners,7,2.01,0.0,14.07
CA-2016-137050,SW-20755,2016-07-14,Office Supplies,Art,7,5.98,0.0,41.86
CA-2016-137050,SW-20755,2016-07-14,Office Supplies,Binders,2,4.27,0.2,8.54
CA-2016-137050,SW-20755,2016-07-14,Furniture,Bookcases,4,144.78,0.2,579.14
US-2017-118087,SP-20620,2017-09-09,Furniture,Chairs,2,70.69,0.3,141.37
US-2017-118087,SP-20620,2017-09-09,Office Supplies,Binders,2,1.52,0.7,3.04
US-2017-118087,SP-20620,2017-09-09,Office Supplies,Binders,1,4.5,0.7,4.5
US-2017-118087,SP-20620,2017-09-09,Office Supplies,Art,1,4.67,0.2,4.67
US-2017-118087,SP-20620,2017-09-09,Technology,Accessories,3,31.96,0.2,95.88
US-2017-118087,SP-20620,2017-09-09,Furniture,Furnishings,2,8.51,0.2,17.02
US-2017-118087,SP-20620,2017-09-09,Technology,Accessories,3,86.23,0.2,258.7
US-2017-118087,SP-20620,2017-09-09,Technology,Phones,7,275.99,0.4,1931.96
CA-2014-110184,BF-11170,2014-07-12,Office Supplies,Storage,9,27.75,0.0,249.75
CA-2014-110184,BF-11170,2014-07-12,Technology,Phones,8,31.99,0.2,255.94
CA-2016-126004,BM-11140,2016-12-04,Furniture,Furnishings,3,37.93,0.0,113.79
CA-2016-126004,BM-11140,2016-12-04,Technology,Accessories,1,78.15,0.0,78.15
CA-2016-126004,BM-11140,2016-12-04,Office Supplies,Binders,1,1.73,0.2,1.73
CA-2016-126004,BM-11140,2016-12-04,Office Supplies,Paper,4,10.14,0.0,40.56
CA-2016-126004,BM-11140,2016-12-04,Office Supplies,Storage,3,60.98,0.0,182.94
CA-2016-126004,BM-11140,2016-12-04,Office Supplies,Storage,2,96.93,0.0,193.86
CA-2017-100013,ZC-21910,2017-11-06,Office Supplies,Envelopes,2,7.64,0.0,15.28
CA-2017-100013,ZC-21910,2017-11-06,Furniture,Furnishings,1,8.73,0.0,8.73
CA-2017-100013,ZC-21910,2017-11-06,Office Supplies,Art,2,2.84,0.0,5.68
CA-2015-132570,KT-16480,2015-10-31,Office Supplies,Art,2,1.39,0.0,2.78
CA-2015-132570,KT-16480,2015-10-31,Office Supplies,Envelopes,2,39.98,0.0,79.96
CA-2016-153682,BG-11695,2016-05-30,Technology,Copiers,2,419.99,0.4,839.99
CA-2016-144344,PG-18820,2016-10-28,Furniture,Furnishings,3,15.98,0.2,47.95
CA-2016-144344,PG-18820,2016-10-28,Office Supplies,Binders,5,7.48,0.7,37.42
CA-2016-144344,PG-18820,2016-10-28,Furniture,Furnishings,2,31.98,0.2,63.97
CA-2016-144344,PG-18820,2016-10-28,Furniture,Furnishings,3,55.02,0.2,165.05
CA-2014-127012,GM-14680,2014-08-11,Furniture,Furnishings,1,12.35,0.0,12.35
CA-2014-127012,GM-14680,2014-08-11,Office Supplies,Art,1,40.97,0.0,40.97
CA-2014-127012,GM-14680,2014-08-11,Office Supplies,Fasteners,2,11.48,0.0,22.96
CA-2016-128727,MO-17800,2016-08-29,Technology,Phones,4,5.5,0.0,22.0
US-2016-162859,PG-18820,2016-02-15,Office Supplies,Binders,3,132.78,0.2,398.35
US-2016-162859,PG-18820,2016-02-15,Office Supplies,Fasteners,4,2.18,0.0,8.72
CA-2017-133641,EJ-14155,2017-05-14,Office Supplies,Envelopes,9,5.41,0.0,48.69
CA-2014-168494,NP-18700,2014-12-12,Furniture,Tables,6,127.45,0.2,764.69
CA-2014-168494,NP-18700,2014-12-12,Furniture,Tables,12,300.9,0.2,3610.85
CA-2014-168494,NP-18700,2014-12-12,Furniture,Bookcases,3,84.99,0.15,254.97
CA-2017-115602,DJ-13630,2017-12-18,Office Supplies,Art,6,6.47,0.0,38.82
CA-2017-115602,DJ-13630,2017-12-18,Furniture,Chairs,9,126.88,0.1,1141.94
CA-2017-115602,DJ-13630,2017-12-18,Office Supplies,Appliances,13,131.12,0.0,1704.56
CA-2017-115602,DJ-13630,2017-12-18,Office Supplies,Art,2,1.6,0.0,3.2
CA-2015-154956,IM-15070,2015-07-04,Technology,Phones,4,274.99,0.0,1099.96
CA-2017-144638,MH-18115,2017-03-10,Office Supplies,Art,2,2.62,0.2,5.25
CA-2017-144638,MH-18115,2017-03-10,Technology,Phones,3,11.97,0.4,35.91
CA-2017-144638,MH-18115,2017-03-10,Furniture,Furnishings,1,6.7,0.2,6.7
CA-2017-144638,MH-18115,2017-03-10,Furniture,Furnishings,2,21.94,0.2,43.87
US-2016-168620,RB-19795,2016-12-24,Office Supplies,Binders,3,9.29,0.7,27.88
US-2016-168620,RB-19795,2016-12-24,Office Supplies,Storage,3,180.02,0.2,540.05
US-2016-168620,RB-19795,2016-12-24,Technology,Accessories,8,31.96,0.2,255.68
CA-2017-117079,JR-15700,2017-10-23,Technology,Phones,3,287.96,0.2,863.88
US-2016-144393,SM-20950,2016-10-28,Office Supplies,Binders,4,4.4,0.7,17.62
CA-2017-105053,CS-12355,2017-07-07,Office Supplies,Binders,3,5.82,0.2,17.47
CA-2016-155992,CC-12220,2016-10-01,Technology,Phones,2,34.95,0.0,69.9
CA-2016-155992,CC-12220,2016-10-01,Furniture,Furnishings,5,8.37,0.0,41.85
CA-2017-110380,PF-19225,2017-09-02,Office Supplies,Art,3,2.19,0.0,6.57
US-2014-167738,JC-16105,2014-12-24,Office Supplies,Storage,1,142.86,0.0,142.86
US-2014-167738,JC-16105,2014-12-24,Furniture,Chairs,6,48.71,0.2,292.27
CA-2017-121412,BG-11695,2017-09-23,Furniture,Furnishings,3,9.78,0.2,29.33
CA-2017-100426,DC-12850,2017-06-04,Office Supplies,Paper,2,6.24,0.0,12.48
US-2016-103646,SP-20545,2016-04-21,Office Supplies,Storage,4,25.58,0.2,102.34
US-2016-103646,SP-20545,2016-04-21,Office Supplies,Appliances,3,16.26,0.8,48.79
US-2016-103646,SP-20545,2016-04-21,Office Supplies,Binders,8,5.61,0.8,44.85
CA-2016-119186,MS-17710,2016-05-26,Office Supplies,Paper,2,5.18,0.2,10.37
CA-2016-119186,MS-17710,2016-05-26,Furniture,Chairs,5,77.69,0.3,388.43
CA-2016-119186,MS-17710,2016-05-26,Office Supplies,Paper,3,4.78,0.2,14.35
CA-2016-119186,MS-17710,2016-05-26,Technology,Accessories,1,63.99,0.2,63.99
CA-2016-148698,BD-11770,2016-05-02,Office Supplies,Art,3,28.78,0.2,86.35
CA-2014-163293,KC-16255,2014-09-08,Technology,Accessories,3,10.99,0.0,32.97
CA-2014-163293,KC-16255,2014-09-08,Technology,Accessories,4,20.97,0.0,83.88
CA-2016-160815,TR-21325,2016-09-05,Technology,Phones,3,92.8,0.0,278.4
CA-2017-122154,SA-20830,2017-04-09,Office Supplies,Labels,3,5.04,0.2,15.12
CA-2017-122154,SA-20830,2017-04-09,Office Supplies,Binders,1,17.43,0.7,17.43
CA-2017-122154,SA-20830,2017-04-09,Office Supplies,Paper,3,83.88,0.2,251.64
US-2015-149692,KW-16435,2015-12-06,Office Supplies,Binders,7,0.4,0.8,2.77
CA-2016-119445,GM-14500,2016-06-26,Office Supplies,Storage,5,2.98,0.0,14.9
CA-2015-124268,AD-10180,2015-07-04,Office Supplies,Art,3,5.16,0.0,15.48
CA-2016-154711,TB-21355,2016-11-22,Furniture,Furnishings,2,19.94,0.0,39.88
CA-2016-154711,TB-21355,2016-11-22,Office Supplies,Binders,4,3.05,0.2,12.19
CA-2016-154711,TB-21355,2016-11-22,Office Supplies,Art,3,6.94,0.0,20.82
CA-2016-163384,CC-12430,2016-11-10,Office Supplies,Binders,4,3.3,0.2,13.22
CA-2016-163384,CC-12430,2016-11-10,Office Supplies,Paper,5,6.48,0.0,32.4
CA-2015-101707,PF-19165,2015-08-27,Office Supplies,Supplies,3,10.98,0.0,32.94
CA-2015-101707,PF-19165,2015-08-27,Office Supplies,Paper,5,22.84,0.0,114.2
CA-2015-101707,PF-19165,2015-08-27,Office Supplies,Labels,1,3.08,0.0,3.08
CA-2015-138898,JH-16180,2015-05-25,Office Supplies,Appliances,13,65.06,0.2,845.73
CA-2017-115427,EB-13975,2017-12-30,Office Supplies,Binders,2,6.95,0.2,13.9
CA-2017-115427,EB-13975,2017-12-30,Office Supplies,Binders,2,10.36,0.2,20.72
CA-2016-134425,QJ-19255,2016-12-08,Technology,Phones,5,22.99,0.0,114.95
CA-2015-121391,AA-10315,2015-10-04,Office Supplies,Storage,2,13.48,0.0,26.96
CA-2016-137043,LC-17140,2016-12-23,Furniture,Furnishings,6,95.46,0.0,572.76
CA-2016-137043,LC-17140,2016-12-23,Furniture,Furnishings,3,95.46,0.0,286.38
CA-2015-115847,TC-21535,2015-09-19,Furniture,Bookcases,2,30.98,0.0,61.96
US-2017-126179,CS-12460,2017-07-03,Furniture,Furnishings,1,23.99,0.0,23.99
US-2017-126179,CS-12460,2017-07-03,Technology,Phones,3,95.99,0.0,287.97
CA-2016-101966,BM-11785,2016-07-14,Technology,Phones,7,59.99,0.2,419.94
CA-2016-141397,RC-19825,2016-06-20,Office Supplies,Paper,7,6.68,0.0,46.76
CA-2016-141397,RC-19825,2016-06-20,Office Supplies,Binders,3,5.9,0.2,17.71
CA-2016-141397,RC-19825,2016-06-20,Office Supplies,Appliances,2,10.89,0.0,21.78
CA-2016-141397,RC-19825,2016-06-20,Office Supplies,Storage,3,53.98,0.0,161.94
CA-2016-141397,RC-19825,2016-06-20,Furniture,Chairs,2,80.78,0.2,161.57
CA-2016-141082,FM-14380,2016-12-09,Office Supplies,Labels,1,3.69,0.0,3.69
CA-2016-141082,FM-14380,2016-12-09,Office Supplies,Labels,4,30.53,0.0,122.12
US-2016-134488,PK-19075,2016-09-24,Furniture,Chairs,2,77.69,0.3,155.37
CA-2016-145919,HG-14965,2016-12-18,Office Supplies,Paper,6,6.48,0.0,38.88
CA-2016-145919,HG-14965,2016-12-18,Furniture,Furnishings,8,22.98,0.0,183.84
CA-2016-145919,HG-14965,2016-12-18,Office Supplies,Supplies,5,115.86,0.0,579.3
CA-2017-157651,HA-14920,2017-12-10,Technology,Accessories,1,14.2,0.2,14.2
CA-2014-160773,LW-16825,2014-07-01,Technology,Phones,2,287.96,0.2,575.92
CA-2014-160773,LW-16825,2014-07-01,Office Supplies,Binders,6,0.86,0.7,5.18
CA-2017-167703,MC-17575,2017-02-03,Office Supplies,Binders,3,1.74,0.7,5.23
CA-2017-167703,MC-17575,2017-02-03,Office Supplies,Storage,2,142.78,0.2,285.55
CA-2017-121804,LP-17095,2017-03-03,Office Supplies,Appliances,5,14.56,0.0,72.8
CA-2017-162635,EB-14170,2017-10-09,Office Supplies,Paper,4,2.7,0.2,10.82
CA-2014-107153,GZ-14545,2014-09-28,Office Supplies,Storage,3,15.42,0.0,46.26
US-2014-117058,LE-16810,2014-05-27,Office Supplies,Binders,6,2.91,0.8,17.46
CA-2015-120439,AD-10180,2015-06-14,Furniture,Furnishings,6,8.51,0.2,51.07
CA-2016-128258,CP-12085,2016-03-30,Office Supplies,Paper,1,11.34,0.0,11.34
CA-2017-106033,FG-14260,2017-10-15,Office Supplies,Art,4,21.98,0.0,87.92
CA-2016-142762,LD-17005,2016-05-23,Furniture,Furnishings,3,12.35,0.0,37.05
CA-2017-127705,AB-10255,2017-06-02,Technology,Phones,1,2.97,0.4,2.97
CA-2017-127705,AB-10255,2017-06-02,Office Supplies,Storage,2,13.72,0.2,27.44
CA-2014-122567,MN-17935,2014-02-16,Office Supplies,Binders,3,0.36,0.8,1.08
CA-2014-122567,MN-17935,2014-02-16,Office Supplies,Appliances,2,3.98,0.8,7.96
CA-2014-121664,HP-14815,2014-05-06,Office Supplies,Binders,8,17.59,0.2,140.74
CA-2016-122133,JR-15670,2016-05-16,Office Supplies,Storage,4,138.14,0.0,552.56
US-2017-123281,JF-15190,2017-04-02,Furniture,Furnishings,3,8.37,0.0,25.11
CA-2017-100524,CM-12115,2017-03-31,Furniture,Furnishings,2,14.89,0.0,29.78
CA-2017-100524,CM-12115,2017-03-31,Technology,Phones,3,225.86,0.0,677.58
CA-2017-100524,CM-12115,2017-03-31,Office Supplies,Paper,8,9.38,0.0,75.04
CA-2017-113481,AS-10045,2017-01-02,Technology,Machines,2,347.85,0.5,695.7
CA-2017-113481,AS-10045,2017-01-02,Office Supplies,Binders,5,3.13,0.7,15.66
CA-2017-113481,AS-10045,2017-01-02,Office Supplies,Binders,6,4.81,0.7,28.85
CA-2015-131758,KB-16315,2015-05-28,Office Supplies,Art,3,15.94,0.0,47.82
CA-2015-131758,KB-16315,2015-05-28,Office Supplies,Labels,5,2.61,0.0,13.05
CA-2014-118339,BN-11515,2014-03-17,Office Supplies,Appliances,2,46.89,0.0,93.78
CA-2014-118339,BN-11515,2014-03-17,Office Supplies,Paper,7,6.74,0.0,47.18
CA-2014-118339,BN-11515,2014-03-17,Office Supplies,Art,6,3.28,0.0,19.68
CA-2014-118339,BN-11515,2014-03-17,Office Supplies,Binders,10,5.34,0.0,53.4
CA-2014-118339,BN-11515,2014-03-17,Office Supplies,Binders,6,5.98,0.0,35.88
CA-2014-153976,BP-11290,2014-10-03,Furniture,Chairs,3,86.09,0.3,258.28
CA-2016-162901,AS-10045,2016-03-28,Office Supplies,Storage,2,15.7,0.0,31.4
CA-2017-162978,LW-16990,2017-05-04,Technology,Phones,5,36.79,0.2,183.96
CA-2017-162978,LW-16990,2017-05-04,Office Supplies,Paper,3,5.87,0.0,17.61
CA-2017-162978,LW-16990,2017-05-04,Furniture,Tables,1,300.9,0.2,300.9
US-2014-160444,DC-12850,2014-07-05,Office Supplies,Storage,3,73.59,0.2,220.78
US-2014-160444,DC-12850,2014-07-05,Office Supplies,Storage,11,25.58,0.2,281.42
CA-2016-145247,ND-18370,2016-05-05,Office Supplies,Paper,3,26.38,0.0,79.14
CA-2017-160045,LB-16735,2017-04-26,Furniture,Furnishings,1,1.99,0.6,1.99
US-2014-151925,KT-16465,2014-09-26,Furniture,Chairs,2,72.78,0.2,145.57
CA-2017-125199,HM-14860,2017-10-19,Office Supplies,Art,7,17.61,0.2,123.26
CA-2017-125199,HM-14860,2017-10-19,Office Supplies,Paper,4,5.92,0.2,23.68
CA-2017-125199,HM-14860,2017-10-19,Technology,Phones,4,77.39,0.4,309.58
US-2017-155425,AB-10600,2017-11-10,Office Supplies,Binders,14,2.74,0.7,38.39
US-2017-155425,AB-10600,2017-11-10,Technology,Machines,2,48.0,0.7,95.99
US-2017-155425,AB-10600,2017-11-10,Technology,Accessories,6,39.99,0.2,239.95
US-2017-155425,AB-10600,2017-11-10,Technology,Phones,2,100.79,0.2,201.58
US-2017-155425,AB-10600,2017-11-10,Furniture,Chairs,4,224.78,0.2,899.14
CA-2017-133249,SZ-20035,2017-07-08,Furniture,Furnishings,5,29.18,0.0,145.9
US-2015-103471,JR-15670,2015-12-24,Furniture,Bookcases,7,84.29,0.7,590.06
US-2015-103471,JR-15670,2015-12-24,Office Supplies,Art,3,4.68,0.2,14.04
CA-2017-136672,MG-17890,2017-03-07,Technology,Accessories,3,16.36,0.0,49.08
US-2014-157021,KM-16720,2014-04-01,Office Supplies,Labels,2,14.8,0.0,29.6
US-2014-157021,KM-16720,2014-04-01,Office Supplies,Binders,4,4.27,0.2,17.09
CA-2015-120362,CA-12265,2015-09-14,Furniture,Tables,5,182.55,0.0,912.75
CA-2014-126361,VD-21670,2014-08-04,Office Supplies,Appliances,3,363.25,0.0,1089.75
CA-2014-126361,VD-21670,2014-08-04,Office Supplies,Paper,8,55.98,0.0,447.84
CA-2014-126361,VD-21670,2014-08-04,Office Supplies,Art,5,3.28,0.0,16.4
CA-2014-126361,VD-21670,2014-08-04,Technology,Phones,5,79.99,0.2,399.96
CA-2014-126361,VD-21670,2014-08-04,Office Supplies,Storage,5,31.78,0.0,158.9
CA-2014-126361,VD-21670,2014-08-04,Office Supplies,Binders,1,13.18,0.2,13.18
US-2016-100566,JK-16120,2016-09-03,Furniture,Furnishings,3,27.98,0.6,83.95
US-2016-108504,PP-18955,2016-02-05,Office Supplies,Storage,1,80.98,0.0,80.98
US-2016-108504,PP-18955,2016-02-05,Office Supplies,Paper,9,38.76,0.0,348.84
US-2016-108504,PP-18955,2016-02-05,Office Supplies,Fasteners,5,1.89,0.0,9.45
US-2016-108504,PP-18955,2016-02-05,Furniture,Furnishings,3,6.28,0.0,18.84
US-2016-108504,PP-18955,2016-02-05,Furniture,Bookcases,2,119.99,0.0,239.98
US-2016-108504,PP-18955,2016-02-05,Office Supplies,Envelopes,2,83.98,0.0,167.96
US-2016-108504,PP-18955,2016-02-05,Technology,Phones,3,34.95,0.0,104.85
US-2016-108504,PP-18955,2016-02-05,Technology,Phones,3,161.61,0.0,484.83
US-2016-108504,PP-18955,2016-02-05,Office Supplies,Paper,3,40.99,0.0,122.97
US-2016-108504,PP-18955,2016-02-05,Office Supplies,Storage,3,51.48,0.0,154.44
US-2016-108504,PP-18955,2016-02-05,Office Supplies,Paper,7,48.91,0.0,342.37
CA-2017-124828,YS-21880,2017-07-03,Office Supplies,Art,3,3.18,0.2,9.55
US-2017-117247,CK-12760,2017-10-09,Furniture,Tables,5,130.49,0.5,652.45
US-2017-117247,CK-12760,2017-10-09,Furniture,Tables,3,22.22,0.5,66.64
CA-2016-124485,NC-18340,2016-11-24,Office Supplies,Binders,4,4.3,0.2,17.22
CA-2016-124485,NC-18340,2016-11-24,Office Supplies,Paper,2,5.78,0.0,11.56
CA-2016-124485,NC-18340,2016-11-24,Technology,Accessories,4,22.1,0.0,88.4
CA-2016-124485,NC-18340,2016-11-24,Office Supplies,Paper,1,6.48,0.0,6.48
CA-2016-159212,KM-16375,2016-11-01,Technology,Phones,2,10.9,0.0,21.8
CA-2016-159212,KM-16375,2016-11-01,Office Supplies,Envelopes,3,83.93,0.0,251.79
US-2016-161396,GM-14455,2016-04-19,Furniture,Tables,2,102.59,0.4,205.18
US-2016-161396,GM-14455,2016-04-19,Office Supplies,Paper,5,83.88,0.2,419.4
US-2014-118486,SD-20485,2014-04-06,Office Supplies,Supplies,1,10.3,0.2,10.3
US-2014-118486,SD-20485,2014-04-06,Furniture,Tables,3,51.59,0.4,154.76
US-2014-118486,SD-20485,2014-04-06,Technology,Accessories,2,58.39,0.2,116.78
CA-2016-130407,KD-16270,2016-09-02,Office Supplies,Art,2,37.74,0.0,75.48
CA-2016-130407,KD-16270,2016-09-02,Furniture,Furnishings,2,19.99,0.0,39.98
US-2016-122245,AB-10105,2016-09-25,Furniture,Tables,3,131.06,0.5,393.16
CA-2017-105144,SZ-20035,2017-11-04,Office Supplies,Labels,2,11.84,0.2,23.68
CA-2016-136329,JD-15895,2016-07-09,Furniture,Chairs,2,204.0,0.1,408.01
CA-2016-136329,JD-15895,2016-07-09,Furniture,Furnishings,4,41.32,0.0,165.28
CA-2014-146640,HA-14905,2014-06-30,Office Supplies,Binders,7,47.82,0.2,334.77
CA-2017-115994,BT-11305,2017-01-28,Technology,Accessories,3,79.99,0.0,239.97
CA-2017-115994,BT-11305,2017-01-28,Furniture,Furnishings,3,12.58,0.0,37.74
CA-2015-126697,SV-20815,2015-09-21,Technology,Phones,7,135.19,0.2,946.34
CA-2015-126697,SV-20815,2015-09-21,Technology,Accessories,3,50.4,0.2,151.2
CA-2015-126697,SV-20815,2015-09-21,Furniture,Furnishings,4,1.23,0.6,4.93
CA-2015-124800,RW-19540,2015-09-26,Office Supplies,Paper,4,21.57,0.2,86.27
CA-2015-124800,RW-19540,2015-09-26,Office Supplies,Binders,2,36.29,0.7,72.59
CA-2015-124800,RW-19540,2015-09-26,Office Supplies,Appliances,2,30.34,0.2,60.67
CA-2015-124800,RW-19540,2015-09-26,Office Supplies,Binders,9,8.56,0.7,77.03
CA-2015-124800,RW-19540,2015-09-26,Office Supplies,Storage,6,19.98,0.2,119.9
CA-2015-124800,RW-19540,2015-09-26,Technology,Phones,5,52.79,0.2,263.96
CA-2015-124800,RW-19540,2015-09-26,Office Supplies,Storage,4,90.91,0.2,363.65
US-2015-164448,DK-12835,2015-10-31,Office Supplies,Binders,2,4.86,0.2,9.73
US-2015-164448,DK-12835,2015-10-31,Office Supplies,Envelopes,5,2.95,0.0,14.75
US-2015-164448,DK-12835,2015-10-31,Office Supplies,Binders,5,5.96,0.2,29.8
US-2015-164448,DK-12835,2015-10-31,Office Supplies,Labels,14,30.53,0.0,427.42
CA-2017-122700,LT-17110,2017-11-26,Technology,Phones,8,27.59,0.4,220.75
CA-2014-120768,IM-15070,2014-12-19,Office Supplies,Binders,6,25.46,0.0,152.76
CA-2014-120768,IM-15070,2014-12-19,Office Supplies,Supplies,1,7.27,0.0,7.27
CA-2014-120768,IM-15070,2014-12-19,Furniture,Chairs,14,129.99,0.0,1819.86
US-2016-153129,FP-14320,2016-12-26,Office Supplies,Paper,5,6.78,0.0,33.9
CA-2017-106852,ST-20530,2017-06-20,Office Supplies,Paper,6,5.18,0.2,31.1
CA-2017-106852,ST-20530,2017-06-20,Office Supplies,Art,2,2.62,0.2,5.25
CA-2015-139731,JE-15745,2015-10-15,Technology,Accessories,3,87.96,0.2,263.88
CA-2015-139731,JE-15745,2015-10-15,Furniture,Chairs,5,490.69,0.3,2453.43
CA-2017-122735,BD-11320,2017-04-12,Office Supplies,Binders,5,5.94,0.0,29.7
CA-2017-122735,BD-11320,2017-04-12,Office Supplies,Paper,4,9.99,0.0,39.96
CA-2017-128160,MM-17920,2017-12-19,Office Supplies,Binders,2,18.34,0.2,36.67
CA-2017-117695,PW-19030,2017-08-05,Office Supplies,Paper,2,6.88,0.0,13.76
CA-2015-166135,SC-20440,2015-10-01,Office Supplies,Storage,4,34.86,0.2,139.42
CA-2016-133725,KL-16645,2016-05-23,Technology,Phones,9,219.99,0.2,1979.93
CA-2017-102337,SD-20485,2017-06-13,Office Supplies,Storage,4,41.18,0.2,164.74
CA-2017-102337,SD-20485,2017-06-13,Furniture,Chairs,7,67.19,0.3,470.3
CA-2017-102337,SD-20485,2017-06-13,Technology,Phones,2,23.99,0.2,47.98
US-2014-112564,TS-21160,2014-04-23,Office Supplies,Binders,3,0.83,0.7,2.5
CA-2015-145821,JB-15400,2015-05-01,Technology,Phones,3,29.58,0.2,88.75
US-2015-160150,TS-21085,2015-07-19,Office Supplies,Binders,1,2.02,0.7,2.02
CA-2016-133711,MC-17425,2016-11-26,Office Supplies,Paper,7,10.14,0.0,70.98
CA-2016-133711,MC-17425,2016-11-26,Office Supplies,Binders,3,30.56,0.0,91.68
CA-2016-133711,MC-17425,2016-11-26,Office Supplies,Binders,5,6.75,0.0,33.75
CA-2016-133711,MC-17425,2016-11-26,Technology,Machines,8,380.0,0.0,3040.0
CA-2017-148474,ME-17320,2017-06-12,Office Supplies,Binders,3,30.4,0.0,91.2
CA-2017-148474,ME-17320,2017-06-12,Furniture,Tables,3,150.98,0.0,452.94
CA-2015-111297,SC-20440,2015-08-17,Office Supplies,Binders,9,5.8,0.0,52.2
CA-2016-123722,NH-18610,2016-09-25,Office Supplies,Labels,4,3.98,0.2,15.94
CA-2014-155271,AA-10480,2014-05-04,Furniture,Furnishings,2,13.73,0.0,27.46
CA-2015-119907,LC-17140,2015-12-01,Office Supplies,Binders,2,27.71,0.2,55.42
US-2016-128902,MB-18085,2016-03-11,Furniture,Tables,2,122.0,0.3,244.01
CA-2016-152289,LC-16930,2016-08-26,Technology,Accessories,2,79.99,0.2,159.98
CA-2016-152289,LC-16930,2016-08-26,Furniture,Chairs,6,170.79,0.3,1024.72
US-2016-104794,KD-16495,2016-12-16,Office Supplies,Fasteners,2,1.84,0.0,3.68
CA-2014-151708,MB-17305,2014-08-08,Furniture,Furnishings,4,30.34,0.2,121.38
CA-2014-151708,MB-17305,2014-08-08,Technology,Accessories,3,31.99,0.2,95.98
CA-2015-100769,TH-21550,2015-05-16,Technology,Accessories,4,63.99,0.2,255.97
CA-2017-139199,DK-12835,2017-12-09,Furniture,Chairs,3,290.98,0.0,872.94
CA-2017-139199,DK-12835,2017-12-09,Office Supplies,Binders,2,20.77,0.0,41.54
CA-2017-139199,DK-12835,2017-12-09,Office Supplies,Paper,2,6.48,0.0,12.96
US-2015-161466,ON-18715,2015-09-24,Office Supplies,Art,2,3.42,0.2,6.85
CA-2017-164959,KN-16390,2017-07-11,Office Supplies,Labels,3,2.89,0.0,8.67
US-2015-105676,NM-18520,2015-12-01,Furniture,Furnishings,4,1.67,0.6,6.69
CA-2016-113138,NP-18685,2016-11-19,Office Supplies,Art,6,2.88,0.0,17.28
CA-2016-113138,NP-18685,2016-11-19,Office Supplies,Binders,3,5.9,0.2,17.71
US-2017-104955,CG-12040,2017-03-19,Office Supplies,Labels,7,4.13,0.0,28.91
CA-2016-121958,CS-12505,2016-11-13,Office Supplies,Supplies,7,7.45,0.2,52.14
CA-2017-121468,KD-16345,2017-11-19,Technology,Phones,4,7.99,0.2,31.97
US-2016-108455,MK-18160,2016-12-02,Office Supplies,Paper,4,6.48,0.0,25.92
US-2016-108455,MK-18160,2016-12-02,Office Supplies,Paper,7,5.78,0.0,40.46
US-2016-108455,MK-18160,2016-12-02,Office Supplies,Storage,3,11.29,0.0,33.87
CA-2017-101210,DW-13540,2017-08-25,Office Supplies,Art,2,4.86,0.2,9.73
CA-2017-101210,DW-13540,2017-08-25,Office Supplies,Paper,1,3.42,0.2,3.42
US-2016-108098,CP-12340,2016-10-14,Technology,Accessories,3,59.0,0.0,177.0
CA-2014-119032,MS-17770,2014-11-27,Office Supplies,Fasteners,2,1.88,0.0,3.76
CA-2015-140410,CM-12655,2015-11-03,Technology,Phones,7,173.26,0.2,1212.85
CA-2015-140410,CM-12655,2015-11-03,Technology,Accessories,3,29.99,0.0,89.97
CA-2015-140410,CM-12655,2015-11-03,Furniture,Furnishings,3,14.2,0.0,42.6
CA-2014-136280,Co-12640,2014-11-29,Office Supplies,Labels,2,2.52,0.2,5.04
CA-2017-151911,DL-13495,2017-04-30,Office Supplies,Envelopes,4,15.74,0.0,62.96
CA-2017-166436,TS-21370,2017-11-24,Office Supplies,Paper,1,5.88,0.0,5.88
CA-2017-166436,TS-21370,2017-11-24,Furniture,Chairs,6,162.88,0.1,977.29
CA-2017-139661,JW-15220,2017-10-30,Furniture,Furnishings,2,4.82,0.0,9.64
CA-2014-123925,RF-19840,2014-12-17,Office Supplies,Art,3,13.35,0.0,40.05
CA-2017-152485,JD-15790,2017-09-04,Office Supplies,Art,7,1.46,0.2,10.19
CA-2017-152485,JD-15790,2017-09-04,Office Supplies,Storage,1,16.78,0.2,16.78
CA-2017-152485,JD-15790,2017-09-04,Office Supplies,Art,5,2.62,0.2,13.12
CA-2016-141586,NK-18490,2016-10-17,Office Supplies,Binders,5,3.63,0.2,18.16
CA-2017-130386,NG-18430,2017-11-12,Office Supplies,Paper,3,5.35,0.2,16.06
CA-2017-130386,NG-18430,2017-11-12,Office Supplies,Paper,9,24.78,0.2,223.06
CA-2017-130386,NG-18430,2017-11-12,Office Supplies,Storage,3,180.02,0.2,540.05
CA-2016-100468,AT-10435,2016-11-24,Technology,Phones,2,16.76,0.2,33.52
CA-2016-100468,AT-10435,2016-11-24,Furniture,Furnishings,2,4.97,0.0,9.94
CA-2015-153388,PC-19000,2015-08-01,Office Supplies,Art,4,1.68,0.0,6.72
CA-2015-153388,PC-19000,2015-08-01,Furniture,Tables,6,167.5,0.2,1004.98
CA-2017-154935,AR-10540,2017-12-24,Office Supplies,Binders,3,5.96,0.2,17.88
CA-2016-134208,CS-12505,2016-09-17,Technology,Machines,4,99.0,0.0,396.0
CA-2017-108294,LS-16975,2017-12-10,Office Supplies,Binders,3,11.5,0.0,34.5
CA-2017-103611,JM-15535,2017-09-12,Furniture,Furnishings,2,4.18,0.0,8.36
CA-2017-100384,NH-18610,2017-06-24,Office Supplies,Art,8,48.2,0.0,385.6
CA-2017-100384,NH-18610,2017-06-24,Office Supplies,Art,9,3.98,0.0,35.82
CA-2017-112809,RA-19915,2017-08-18,Office Supplies,Storage,3,66.69,0.2,200.06
CA-2017-112809,RA-19915,2017-08-18,Office Supplies,Binders,5,4.28,0.8,21.38
CA-2017-112809,RA-19915,2017-08-18,Office Supplies,Binders,4,1.69,0.8,6.74
US-2017-160759,AI-10855,2017-12-11,Furniture,Chairs,1,63.69,0.3,63.69
CA-2017-148446,MC-17845,2017-12-10,Furniture,Tables,4,417.4,0.0,1669.6
CA-2014-111059,TB-21400,2014-02-03,Office Supplies,Binders,2,41.92,0.2,83.84
CA-2014-111059,TB-21400,2014-02-03,Office Supplies,Binders,3,4.42,0.2,13.27
CA-2017-116204,VW-21775,2017-02-11,Office Supplies,Binders,7,3.05,0.2,21.34
CA-2017-109946,PL-18925,2017-04-16,Office Supplies,Art,5,3.3,0.2,16.52
CA-2015-144806,GH-14425,2015-12-06,Furniture,Furnishings,6,34.35,0.2,206.11
CA-2015-144806,GH-14425,2015-12-06,Office Supplies,Paper,5,3.98,0.2,19.92
CA-2015-144806,GH-14425,2015-12-06,Office Supplies,Paper,8,24.78,0.2,198.27
CA-2015-144806,GH-14425,2015-12-06,Office Supplies,Storage,6,41.18,0.2,247.1
CA-2015-144806,GH-14425,2015-12-06,Office Supplies,Art,6,14.38,0.2,86.3
CA-2016-122392,CJ-12010,2016-07-22,Office Supplies,Art,2,2.08,0.2,4.16
CA-2016-122392,CJ-12010,2016-07-22,Furniture,Furnishings,2,5.82,0.2,11.65
CA-2015-148432,MC-18130,2015-11-07,Office Supplies,Fasteners,7,3.74,0.0,26.18
CA-2015-148432,MC-18130,2015-11-07,Office Supplies,Paper,2,3.65,0.0,7.3
CA-2015-103793,BV-11245,2015-03-26,Office Supplies,Paper,3,24.78,0.2,74.35
CA-2017-159884,JF-15490,2017-08-31,Office Supplies,Storage,1,10.74,0.2,10.74
CA-2017-159884,JF-15490,2017-08-31,Office Supplies,Fasteners,3,2.79,0.2,8.38
CA-2016-139885,EB-13840,2016-12-04,Office Supplies,Storage,6,35.48,0.0,212.88
CA-2017-124086,MP-18175,2017-02-10,Furniture,Bookcases,2,101.99,0.15,203.98
CA-2016-112389,JM-15655,2016-10-29,Office Supplies,Storage,3,13.58,0.0,40.74
CA-2016-112389,JM-15655,2016-10-29,Office Supplies,Appliances,3,3.89,0.0,11.67
CA-2017-121888,CL-11890,2017-09-15,Technology,Phones,1,39.99,0.0,39.99
CA-2017-121888,CL-11890,2017-09-15,Office Supplies,Art,2,8.14,0.0,16.28
CA-2017-121888,CL-11890,2017-09-15,Furniture,Bookcases,3,260.98,0.0,782.94
CA-2017-121888,CL-11890,2017-09-15,Office Supplies,Binders,7,34.64,0.0,242.48
CA-2014-166884,CK-12205,2014-03-11,Furniture,Furnishings,5,1.66,0.2,8.32
CA-2014-166884,CK-12205,2014-03-11,Office Supplies,Fasteners,6,1.74,0.2,10.46
CA-2014-107181,DB-13270,2014-02-04,Office Supplies,Binders,3,27.63,0.2,82.9
CA-2014-107181,DB-13270,2014-02-04,Office Supplies,Paper,4,8.56,0.0,34.24
CA-2014-150245,PC-18745,2014-12-31,Furniture,Bookcases,7,224.78,0.2,1573.49
CA-2015-111395,VB-21745,2015-11-23,Office Supplies,Paper,4,83.88,0.2,335.52
CA-2015-111395,VB-21745,2015-11-23,Office Supplies,Binders,2,11.96,0.8,23.91
CA-2015-111395,VB-21745,2015-11-23,Office Supplies,Storage,2,13.53,0.2,27.06
CA-2014-134278,EP-13915,2014-07-06,Technology,Copiers,1,559.99,0.2,559.99
US-2017-124926,ME-17320,2017-11-13,Office Supplies,Appliances,6,1.55,0.8,9.32
CA-2016-159345,IG-15085,2016-06-17,Office Supplies,Paper,2,55.98,0.0,111.96
CA-2014-130274,JS-15940,2014-05-03,Office Supplies,Labels,7,3.08,0.0,21.56
CA-2017-158386,BO-11425,2017-10-16,Office Supplies,Binders,5,24.95,0.0,124.75
CA-2015-111507,VW-21775,2015-02-06,Office Supplies,Art,3,1.76,0.0,5.28
CA-2017-120761,AB-10150,2017-09-04,Technology,Accessories,4,22.99,0.0,91.96
CA-2016-109176,JW-16075,2016-05-09,Office Supplies,Envelopes,1,9.34,0.2,9.34
CA-2016-109176,JW-16075,2016-05-09,Office Supplies,Art,5,15.87,0.2,79.36
CA-2015-112116,JE-15475,2015-03-16,Furniture,Tables,2,85.98,0.0,171.96
CA-2016-126809,EB-13750,2016-04-09,Office Supplies,Binders,9,3.93,0.2,35.35
CA-2014-105172,PK-18910,2014-04-04,Office Supplies,Labels,6,3.15,0.0,18.9
CA-2017-107293,CS-12400,2017-09-05,Office Supplies,Art,1,2.78,0.0,2.78
US-2017-102890,SG-20470,2017-06-30,Furniture,Tables,5,208.93,0.4,1044.63
CA-2015-158554,CM-12190,2015-11-09,Office Supplies,Paper,3,3.78,0.2,11.35
CA-2014-116239,CL-12565,2014-03-04,Office Supplies,Storage,5,70.98,0.0,354.9
CA-2015-132101,JO-15550,2015-03-19,Technology,Phones,3,151.19,0.2,453.58
CA-2015-129112,AW-10840,2015-11-29,Technology,Accessories,3,7.16,0.2,21.48
CA-2015-129112,AW-10840,2015-11-29,Office Supplies,Binders,4,2.2,0.8,8.78
US-2017-152002,DV-13465,2017-06-11,Office Supplies,Paper,3,40.99,0.0,122.97
CA-2017-165029,AH-10075,2017-11-26,Office Supplies,Art,3,4.28,0.0,12.84
US-2014-157385,SC-20095,2014-11-23,Furniture,Chairs,5,120.78,0.2,603.92
US-2014-157385,SC-20095,2014-11-23,Office Supplies,Envelopes,3,7.28,0.0,21.84
US-2014-157385,SC-20095,2014-11-23,Technology,Accessories,1,29.99,0.0,29.99
US-2014-157385,SC-20095,2014-11-23,Furniture,Chairs,2,190.72,0.2,381.44
CA-2014-101602,MC-18100,2014-12-15,Technology,Phones,3,13.56,0.2,40.68
CA-2014-101602,MC-18100,2014-12-15,Furniture,Chairs,5,152.66,0.3,763.28
CA-2016-109057,TT-21460,2016-04-22,Office Supplies,Storage,2,11.98,0.2,23.95
CA-2016-154403,AP-10720,2016-05-23,Office Supplies,Paper,1,4.98,0.0,4.98
CA-2016-102456,DL-12865,2016-02-27,Office Supplies,Appliances,3,56.96,0.0,170.88
CA-2015-131338,NP-18325,2015-08-09,Technology,Phones,2,153.99,0.0,307.98
CA-2015-131338,NP-18325,2015-08-09,Furniture,Tables,9,42.53,0.4,382.81
CA-2015-131338,NP-18325,2015-08-09,Office Supplies,Storage,2,20.98,0.0,41.96
CA-2015-131338,NP-18325,2015-08-09,Office Supplies,Binders,2,608.78,0.2,1217.57
CA-2015-131338,NP-18325,2015-08-09,Furniture,Furnishings,3,15.68,0.0,47.04
CA-2015-131338,NP-18325,2015-08-09,Furniture,Furnishings,2,3.08,0.0,6.16
CA-2015-131338,NP-18325,2015-08-09,Technology,Phones,5,195.99,0.0,979.95
CA-2015-131338,NP-18325,2015-08-09,Office Supplies,Paper,3,47.9,0.0,143.7
CA-2015-131338,NP-18325,2015-08-09,Office Supplies,Fasteners,3,3.55,0.0,10.65
CA-2015-131338,NP-18325,2015-08-09,Technology,Accessories,4,61.95,0.0,247.8
CA-2016-109911,VG-21805,2016-05-12,Office Supplies,Art,4,2.74,0.0,10.96
US-2016-132423,MY-18295,2016-04-15,Office Supplies,Art,7,4.78,0.2,33.49
US-2016-132423,MY-18295,2016-04-15,Office Supplies,Fasteners,5,1.61,0.2,8.04
CA-2015-122826,RD-19480,2015-06-23,Technology,Phones,4,50.39,0.2,201.57
CA-2014-117317,JF-15490,2014-10-19,Office Supplies,Paper,3,4.48,0.0,13.44
CA-2015-118423,DP-13390,2015-03-24,Furniture,Bookcases,3,119.69,0.3,359.06
CA-2017-149181,MD-17350,2017-05-08,Furniture,Chairs,2,24.0,0.3,47.99
CA-2017-132234,MY-17380,2017-10-16,Furniture,Furnishings,13,42.1,0.0,547.3
CA-2017-158876,AB-10150,2017-11-19,Office Supplies,Paper,4,4.22,0.2,16.9
CA-2017-158876,AB-10150,2017-11-19,Office Supplies,Supplies,1,6.67,0.2,6.67
CA-2017-158876,AB-10150,2017-11-19,Office Supplies,Art,4,24.78,0.2,99.14
CA-2017-158876,AB-10150,2017-11-19,Furniture,Furnishings,2,8.0,0.6,15.99
CA-2016-164672,GB-14530,2016-05-08,Furniture,Furnishings,2,105.98,0.0,211.96
US-2016-132857,CA-12775,2016-12-11,Office Supplies,Art,3,2.22,0.2,6.67
CA-2017-116645,ME-17725,2017-11-30,Office Supplies,Art,6,25.99,0.0,155.94
US-2016-115819,JO-15280,2016-04-19,Technology,Phones,5,7.99,0.2,39.96
US-2016-115819,JO-15280,2016-04-19,Office Supplies,Art,3,1.82,0.0,5.46
US-2016-115819,JO-15280,2016-04-19,Office Supplies,Art,5,14.64,0.0,73.2
US-2016-115819,JO-15280,2016-04-19,Office Supplies,Binders,1,5.84,0.2,5.84
US-2016-115819,JO-15280,2016-04-19,Office Supplies,Paper,4,5.68,0.0,22.72
US-2016-115819,JO-15280,2016-04-19,Office Supplies,Binders,3,3.11,0.2,9.34
CA-2014-156349,ML-17395,2014-05-26,Furniture,Bookcases,2,145.33,0.15,290.67
CA-2014-156349,ML-17395,2014-05-26,Technology,Phones,2,100.79,0.2,201.58
CA-2014-156349,ML-17395,2014-05-26,Technology,Phones,2,41.99,0.2,83.98
CA-2017-138380,YS-21880,2017-12-21,Office Supplies,Storage,7,142.86,0.0,1000.02
US-2016-113509,PL-18925,2016-03-15,Technology,Accessories,3,27.99,0.2,83.98
CA-2015-130022,JK-16120,2015-08-10,Office Supplies,Labels,1,3.75,0.0,3.75
CA-2015-130022,JK-16120,2015-08-10,Office Supplies,Labels,4,10.35,0.0,41.4
CA-2015-130022,JK-16120,2015-08-10,Office Supplies,Art,3,9.93,0.0,29.79
US-2016-118780,PN-18775,2016-09-10,Office Supplies,Storage,2,29.74,0.0,59.48
US-2016-118780,PN-18775,2016-09-10,Office Supplies,Paper,1,6.69,0.0,6.69
CA-2017-108560,JC-15385,2017-07-08,Furniture,Furnishings,2,99.23,0.0,198.46
CA-2017-108560,JC-15385,2017-07-08,Office Supplies,Labels,8,98.31,0.0,786.48
CA-2017-108560,JC-15385,2017-07-08,Office Supplies,Binders,2,11.58,0.2,23.17
CA-2017-108560,JC-15385,2017-07-08,Technology,Accessories,2,25.0,0.0,50.0
CA-2015-157084,JG-15160,2015-12-19,Technology,Phones,5,135.19,0.2,675.96
CA-2015-157084,JG-15160,2015-12-19,Technology,Accessories,3,421.95,0.0,1265.85
CA-2015-164539,PO-19180,2015-11-16,Office Supplies,Appliances,5,104.65,0.0,523.25
CA-2015-143119,MC-17275,2015-09-24,Furniture,Chairs,6,86.25,0.0,517.5
CA-2017-101049,AS-10240,2017-06-21,Furniture,Furnishings,5,3.58,0.2,17.92
CA-2017-101049,AS-10240,2017-06-21,Office Supplies,Binders,6,6.88,0.7,41.26
CA-2016-106530,CL-12565,2016-05-08,Office Supplies,Storage,3,335.35,0.2,1006.06
CA-2016-106530,CL-12565,2016-05-08,Office Supplies,Paper,2,5.34,0.2,10.69
CA-2016-106530,CL-12565,2016-05-08,Office Supplies,Paper,2,5.18,0.2,10.37
CA-2016-106530,CL-12565,2016-05-08,Office Supplies,Storage,2,12.56,0.2,25.12
CA-2016-106530,CL-12565,2016-05-08,Technology,Accessories,2,29.06,0.2,58.11
CA-2014-168984,NW-18400,2014-11-26,Office Supplies,Paper,3,5.18,0.2,15.55
CA-2014-168984,NW-18400,2014-11-26,Office Supplies,Storage,5,133.82,0.2,669.08
CA-2014-168984,NW-18400,2014-11-26,Technology,Phones,4,109.58,0.2,438.34
CA-2016-157266,TB-21280,2016-05-26,Office Supplies,Paper,3,6.48,0.0,19.44
CA-2016-157266,TB-21280,2016-05-26,Office Supplies,Binders,2,4.82,0.0,9.64
CA-2016-157266,TB-21280,2016-05-26,Office Supplies,Paper,2,6.35,0.0,12.7
CA-2016-157266,TB-21280,2016-05-26,Furniture,Furnishings,3,13.79,0.0,41.37
US-2014-134712,BS-11380,2014-11-29,Office Supplies,Fasteners,2,6.31,0.2,12.62
CA-2015-111829,FH-14365,2015-03-19,Office Supplies,Storage,3,415.88,0.0,1247.64
CA-2015-111829,FH-14365,2015-03-19,Technology,Copiers,7,449.99,0.0,3149.93
CA-2015-111829,FH-14365,2015-03-19,Office Supplies,Paper,2,104.85,0.0,209.7
CA-2015-105221,VM-21685,2015-11-01,Technology,Accessories,2,17.68,0.2,35.36
CA-2015-105221,VM-21685,2015-11-01,Office Supplies,Fasteners,2,1.58,0.2,3.17
CA-2015-120341,SF-20200,2015-09-26,Office Supplies,Binders,6,20.18,0.7,121.1
CA-2015-120341,SF-20200,2015-09-26,Technology,Phones,1,45.89,0.4,45.89
CA-2014-135699,HH-15010,2014-08-29,Office Supplies,Paper,2,54.96,0.0,109.92
CA-2014-135699,HH-15010,2014-08-29,Office Supplies,Paper,2,6.68,0.0,13.36
US-2017-132444,CD-12280,2017-11-18,Office Supplies,Storage,6,28.28,0.0,169.68
US-2017-132444,CD-12280,2017-11-18,Technology,Accessories,4,33.13,0.0,132.52
US-2017-132444,CD-12280,2017-11-18,Office Supplies,Fasteners,2,1.48,0.0,2.96
US-2017-132444,CD-12280,2017-11-18,Office Supplies,Binders,2,4.22,0.2,8.45
US-2017-132444,CD-12280,2017-11-18,Office Supplies,Storage,3,31.98,0.0,95.94
CA-2014-127159,HL-15040,2014-05-12,Furniture,Furnishings,7,4.97,0.0,34.79
CA-2017-161809,TH-21100,2017-01-20,Technology,Phones,3,53.59,0.2,160.78
CA-2017-127285,MM-18055,2017-10-30,Office Supplies,Binders,3,29.58,0.2,88.75
CA-2017-127285,MM-18055,2017-10-30,Office Supplies,Binders,2,6.95,0.2,13.9
CA-2017-144526,QJ-19255,2017-04-30,Technology,Phones,5,135.52,0.4,677.58
CA-2017-144526,QJ-19255,2017-04-30,Office Supplies,Binders,3,4.63,0.7,13.9
CA-2016-128531,NS-18505,2016-11-24,Office Supplies,Storage,5,8.38,0.2,41.92
CA-2016-128531,NS-18505,2016-11-24,Technology,Accessories,3,99.19,0.2,297.58
CA-2016-128531,NS-18505,2016-11-24,Office Supplies,Fasteners,3,1.45,0.2,4.34
CA-2016-128531,NS-18505,2016-11-24,Technology,Accessories,2,47.5,0.2,94.99
CA-2016-128531,NS-18505,2016-11-24,Office Supplies,Paper,3,24.78,0.2,74.35
CA-2016-128531,NS-18505,2016-11-24,Office Supplies,Art,3,4.68,0.2,14.04
US-2015-157154,MM-17920,2015-01-10,Furniture,Tables,4,254.53,0.4,1018.1
CA-2017-159457,RD-19480,2017-10-19,Technology,Phones,3,5.56,0.2,16.68
CA-2016-107615,RB-19645,2016-03-22,Technology,Accessories,2,29.29,0.0,58.58
CA-2017-111647,RD-19585,2017-07-03,Technology,Phones,4,41.99,0.2,167.97
CA-2015-150560,SW-20455,2015-12-11,Office Supplies,Labels,2,98.31,0.0,196.62
CA-2015-143077,SF-20965,2015-09-17,Furniture,Furnishings,2,10.97,0.6,21.94
CA-2015-143077,SF-20965,2015-09-17,Office Supplies,Binders,3,2.2,0.8,6.59
CA-2016-122728,EB-13930,2016-05-18,Office Supplies,Storage,3,34.76,0.0,104.28
CA-2016-122728,EB-13930,2016-05-18,Office Supplies,Paper,3,5.98,0.0,17.94
CA-2014-122882,SB-20290,2014-09-07,Office Supplies,Storage,1,64.78,0.2,64.78
CA-2014-122882,SB-20290,2014-09-07,Technology,Phones,3,10.79,0.4,32.38
CA-2014-122882,SB-20290,2014-09-07,Furniture,Furnishings,2,21.18,0.2,42.37
CA-2014-122882,SB-20290,2014-09-07,Technology,Machines,4,99.88,0.7,399.54
US-2016-101497,PS-18760,2016-09-29,Office Supplies,Paper,1,18.97,0.0,18.97
CA-2016-147585,CB-12535,2016-11-07,Furniture,Furnishings,3,4.94,0.0,14.82
CA-2017-149489,DK-12835,2017-04-24,Office Supplies,Appliances,2,49.64,0.2,99.28
CA-2017-149489,DK-12835,2017-04-24,Office Supplies,Binders,2,0.59,0.7,1.19
CA-2017-149489,DK-12835,2017-04-24,Office Supplies,Binders,2,3.76,0.7,7.52
CA-2017-143798,AW-10840,2017-12-10,Office Supplies,Paper,2,5.18,0.2,10.37
CA-2017-143798,AW-10840,2017-12-10,Furniture,Furnishings,2,155.44,0.2,310.88
CA-2014-142839,TS-21610,2014-08-16,Furniture,Tables,6,142.18,0.4,853.09
CA-2017-129833,HF-14995,2017-12-09,Office Supplies,Paper,5,6.69,0.0,33.45
CA-2017-129833,HF-14995,2017-12-09,Office Supplies,Binders,5,2.08,0.0,10.4
US-2016-154361,HZ-14950,2016-03-14,Furniture,Furnishings,5,4.38,0.2,21.88
US-2016-158708,AB-10255,2016-06-26,Technology,Accessories,2,6.81,0.2,13.62
CA-2015-156335,PO-19195,2015-09-25,Technology,Accessories,4,15.99,0.0,63.96
CA-2015-156335,PO-19195,2015-09-25,Office Supplies,Binders,3,4.82,0.0,14.46
CA-2015-156335,PO-19195,2015-09-25,Technology,Phones,2,52.49,0.0,104.98
CA-2015-148376,AG-10900,2015-12-27,Office Supplies,Appliances,2,53.48,0.0,106.96
CA-2015-148376,AG-10900,2015-12-27,Office Supplies,Labels,7,3.08,0.0,21.56
CA-2014-135657,SC-20725,2014-06-03,Furniture,Tables,6,85.98,0.0,515.88
CA-2015-114069,ND-18370,2015-07-13,Office Supplies,Binders,2,5.9,0.2,11.81
CA-2015-114069,ND-18370,2015-07-13,Furniture,Chairs,9,214.56,0.1,1931.04
CA-2015-114069,ND-18370,2015-07-13,Office Supplies,Paper,2,4.98,0.0,9.96
CA-2014-139857,CD-12790,2014-02-02,Office Supplies,Fasteners,5,2.47,0.0,12.35
CA-2016-106306,PG-18820,2016-03-08,Office Supplies,Binders,3,3.23,0.7,9.7
CA-2015-100545,IM-15070,2015-11-22,Office Supplies,Binders,2,5.8,0.7,11.61
CA-2017-123491,JK-15205,2017-10-30,Office Supplies,Labels,6,7.31,0.0,43.86
CA-2017-123491,JK-15205,2017-10-30,Technology,Phones,2,74.24,0.2,148.48
CA-2017-123491,JK-15205,2017-10-30,Office Supplies,Paper,2,3.71,0.0,7.42
CA-2017-123491,JK-15205,2017-10-30,Furniture,Chairs,1,71.99,0.2,71.99
CA-2017-123491,JK-15205,2017-10-30,Office Supplies,Art,5,3.98,0.0,19.9
CA-2017-123491,JK-15205,2017-10-30,Office Supplies,Appliances,14,121.58,0.0,1702.12
CA-2015-145401,JP-15520,2015-01-30,Office Supplies,Paper,6,2.38,0.2,14.3
US-2017-124968,MM-18055,2017-09-08,Furniture,Tables,7,109.38,0.5,765.62
CA-2017-104003,DC-13285,2017-10-07,Furniture,Bookcases,2,153.83,0.15,307.67
CA-2016-154788,JL-15835,2016-04-30,Office Supplies,Binders,2,3.86,0.2,7.71
CA-2016-169943,BN-11515,2016-05-19,Office Supplies,Appliances,5,48.58,0.0,242.9
CA-2016-169943,BN-11515,2016-05-19,Office Supplies,Storage,5,90.98,0.0,454.9
CA-2016-169943,BN-11515,2016-05-19,Furniture,Furnishings,4,8.98,0.0,35.92
CA-2016-169943,BN-11515,2016-05-19,Furniture,Furnishings,8,4.97,0.0,39.76
CA-2016-169943,BN-11515,2016-05-19,Office Supplies,Binders,4,11.94,0.2,47.74
US-2015-123218,KD-16345,2015-12-20,Technology,Phones,2,79.99,0.2,159.98
US-2015-123218,KD-16345,2015-12-20,Technology,Accessories,4,63.99,0.2,255.97
US-2015-123218,KD-16345,2015-12-20,Furniture,Bookcases,3,119.69,0.3,359.06
CA-2015-127453,JK-15370,2015-12-19,Office Supplies,Appliances,3,144.78,0.2,434.35
CA-2015-127453,JK-15370,2015-12-19,Office Supplies,Appliances,2,1.78,0.2,3.55
CA-2015-127453,JK-15370,2015-12-19,Office Supplies,Appliances,4,22.21,0.2,88.83
US-2017-164056,FM-14215,2017-04-29,Furniture,Tables,5,209.67,0.4,1048.35
CA-2016-106894,CA-12265,2016-02-07,Technology,Accessories,4,25.0,0.0,100.0
CA-2016-106894,CA-12265,2016-02-07,Office Supplies,Labels,3,2.61,0.0,7.83
CA-2014-125136,KD-16495,2014-09-28,Office Supplies,Paper,8,12.03,0.2,96.26
CA-2014-125136,KD-16495,2014-09-28,Office Supplies,Paper,2,5.34,0.2,10.69
US-2016-131149,LH-17155,2016-07-10,Office Supplies,Storage,3,112.68,0.2,338.04
US-2016-131149,LH-17155,2016-07-10,Office Supplies,Art,4,38.56,0.2,154.24
CA-2017-101483,AG-10675,2017-07-29,Office Supplies,Appliances,2,17.42,0.2,34.85
CA-2017-101483,AG-10675,2017-07-29,Technology,Phones,5,4.4,0.2,22.0
CA-2017-101483,AG-10675,2017-07-29,Office Supplies,Art,3,1.46,0.2,4.37
CA-2015-130204,DB-13120,2015-09-03,Office Supplies,Storage,3,10.48,0.0,31.44
CA-2015-130204,DB-13120,2015-09-03,Technology,Accessories,2,8.95,0.0,17.9
CA-2015-130204,DB-13120,2015-09-03,Technology,Accessories,5,25.89,0.0,129.45
CA-2014-110527,ED-13885,2014-08-09,Office Supplies,Labels,8,2.61,0.0,20.88
CA-2017-152807,MC-18100,2017-10-30,Office Supplies,Paper,4,5.18,0.2,20.74
CA-2017-152807,MC-18100,2017-10-30,Furniture,Furnishings,2,3.58,0.2,7.17
CA-2017-152807,MC-18100,2017-10-30,Office Supplies,Storage,2,5.58,0.2,11.17
CA-2017-152807,MC-18100,2017-10-30,Technology,Accessories,7,63.2,0.2,442.4
CA-2014-133270,BM-11785,2014-06-06,Office Supplies,Art,2,6.68,0.0,13.36
CA-2016-155670,EM-14065,2016-08-13,Office Supplies,Binders,8,1.4,0.7,11.23
CA-2016-155670,EM-14065,2016-08-13,Office Supplies,Paper,3,3.42,0.2,10.27
US-2014-157406,DA-13450,2014-04-25,Office Supplies,Paper,2,5.18,0.2,10.37
US-2014-157406,DA-13450,2014-04-25,Office Supplies,Art,3,2.08,0.2,6.24
CA-2015-139094,MO-17800,2015-11-22,Furniture,Tables,2,103.48,0.3,206.96
CA-2017-168837,JW-15955,2017-10-14,Furniture,Furnishings,2,4.73,0.0,9.46
CA-2017-116715,VW-21775,2017-12-02,Office Supplies,Storage,9,62.18,0.0,559.62
CA-2017-116715,VW-21775,2017-12-02,Office Supplies,Paper,2,54.96,0.0,109.92
CA-2017-116715,VW-21775,2017-12-02,Office Supplies,Paper,2,4.28,0.0,8.56
CA-2015-135622,TT-21460,2015-12-08,Office Supplies,Paper,11,32.79,0.2,360.71
CA-2015-135622,TT-21460,2015-12-08,Technology,Phones,6,286.4,0.2,1718.4
US-2015-107349,SL-20155,2015-07-13,Office Supplies,Binders,6,6.93,0.8,41.57
CA-2014-139017,RM-19375,2014-05-11,Technology,Accessories,2,23.43,0.2,46.86
CA-2014-141817,MB-18085,2014-01-05,Office Supplies,Art,3,6.51,0.2,19.54
CA-2015-130785,AG-10900,2015-09-05,Furniture,Bookcases,4,102.83,0.15,411.33
CA-2015-130785,AG-10900,2015-09-05,Office Supplies,Binders,6,4.79,0.2,28.75
CA-2015-130785,AG-10900,2015-09-05,Furniture,Bookcases,3,97.73,0.15,293.2
CA-2016-110254,ML-17755,2016-08-04,Office Supplies,Supplies,2,17.53,0.0,35.06
CA-2016-110254,ML-17755,2016-08-04,Office Supplies,Labels,1,4.13,0.0,4.13
CA-2016-110254,ML-17755,2016-08-04,Furniture,Furnishings,9,12.2,0.0,109.8
CA-2016-110254,ML-17755,2016-08-04,Office Supplies,Labels,2,4.91,0.0,9.82
US-2014-158057,CC-12685,2014-03-22,Office Supplies,Binders,4,1.91,0.7,7.64
US-2014-158057,CC-12685,2014-03-22,Office Supplies,Binders,5,10.29,0.7,51.46
CA-2017-146024,SC-20770,2017-03-02,Office Supplies,Supplies,4,1.74,0.2,6.98
CA-2017-146024,SC-20770,2017-03-02,Office Supplies,Binders,7,1.75,0.8,12.22
CA-2016-129686,GG-14650,2016-11-27,Office Supplies,Storage,2,48.99,0.2,97.98
CA-2016-129686,GG-14650,2016-11-27,Technology,Accessories,6,10.4,0.2,62.4
CA-2014-118976,MY-18295,2014-04-28,Office Supplies,Binders,2,10.43,0.0,20.86
CA-2014-118976,MY-18295,2014-04-28,Office Supplies,Storage,9,55.29,0.0,497.61
CA-2014-118976,MY-18295,2014-04-28,Office Supplies,Art,2,2.67,0.0,5.34
CA-2014-118976,MY-18295,2014-04-28,Office Supplies,Labels,1,3.15,0.0,3.15
CA-2015-105347,DP-13000,2015-11-24,Office Supplies,Paper,9,40.99,0.0,368.91
CA-2015-105347,DP-13000,2015-11-24,Office Supplies,Art,5,2.94,0.0,14.7
CA-2016-124667,BD-11770,2016-11-11,Technology,Accessories,3,19.99,0.0,59.97
CA-2016-124667,BD-11770,2016-11-11,Office Supplies,Storage,1,83.36,0.0,83.36
CA-2015-111094,CB-12535,2015-07-09,Office Supplies,Paper,2,3.29,0.0,6.58
CA-2015-111094,CB-12535,2015-07-09,Office Supplies,Binders,3,40.98,0.0,122.94
CA-2017-166317,JE-15610,2017-09-22,Office Supplies,Paper,4,54.96,0.0,219.84
CA-2017-166317,JE-15610,2017-09-22,Technology,Accessories,6,16.36,0.0,98.16
CA-2017-166317,JE-15610,2017-09-22,Office Supplies,Binders,8,4.13,0.0,33.04
CA-2017-166317,JE-15610,2017-09-22,Technology,Phones,3,28.99,0.0,86.97
CA-2015-154326,RP-19855,2015-02-15,Technology,Phones,3,44.99,0.0,134.97
CA-2015-154326,RP-19855,2015-02-15,Technology,Phones,2,349.99,0.0,699.98
CA-2015-154326,RP-19855,2015-02-15,Technology,Accessories,5,27.99,0.0,139.95
CA-2014-102008,RA-19915,2014-09-30,Office Supplies,Paper,1,48.94,0.0,48.94
CA-2014-120474,RP-19390,2014-12-01,Furniture,Chairs,8,350.98,0.0,2807.84
CA-2014-120474,RP-19390,2014-12-01,Office Supplies,Art,4,11.66,0.0,46.64
CA-2014-104773,TB-21175,2014-12-08,Office Supplies,Storage,2,30.21,0.2,60.42
CA-2016-140774,BE-11455,2016-09-05,Office Supplies,Art,3,35.98,0.0,107.94
US-2017-139465,MR-17545,2017-08-27,Office Supplies,Storage,8,7.98,0.0,63.84
US-2017-139465,MR-17545,2017-08-27,Technology,Phones,3,115.99,0.0,347.97
US-2017-139465,MR-17545,2017-08-27,Office Supplies,Binders,6,6.17,0.2,37.01
CA-2016-100965,RM-19375,2016-07-07,Furniture,Furnishings,5,43.13,0.0,215.65
CA-2016-121034,JF-15565,2016-08-08,Office Supplies,Fasteners,4,2.79,0.2,11.17
CA-2016-121034,JF-15565,2016-08-08,Office Supplies,Paper,3,17.98,0.2,53.95
CA-2016-149461,AS-10135,2016-11-13,Furniture,Furnishings,1,4.18,0.0,4.18
CA-2017-158379,JA-15970,2017-09-22,Office Supplies,Binders,1,5.61,0.7,5.61
CA-2017-158379,JA-15970,2017-09-22,Office Supplies,Supplies,7,666.25,0.2,4663.74
CA-2017-158379,JA-15970,2017-09-22,Technology,Accessories,2,39.99,0.2,79.98
US-2016-116729,GK-14620,2016-12-25,Technology,Phones,7,367.99,0.2,2575.94
US-2016-116729,GK-14620,2016-12-25,Office Supplies,Paper,7,6.48,0.0,45.36
US-2016-116729,GK-14620,2016-12-25,Technology,Accessories,7,36.32,0.0,254.24
CA-2016-164938,PB-19210,2016-02-11,Technology,Phones,7,9.99,0.0,69.93
CA-2016-165484,HK-14890,2016-10-23,Furniture,Furnishings,7,2.31,0.6,16.16
CA-2016-165484,HK-14890,2016-10-23,Office Supplies,Paper,3,18.27,0.2,54.82
CA-2014-132612,FO-14305,2014-06-09,Furniture,Tables,7,205.9,0.0,1441.3
US-2017-161193,BT-11680,2017-11-20,Furniture,Furnishings,5,15.52,0.2,77.6
US-2017-161193,BT-11680,2017-11-20,Furniture,Furnishings,2,2.33,0.2,4.66
CA-2015-131597,SP-20620,2015-09-14,Furniture,Tables,3,56.71,0.2,170.14
CA-2015-164833,LL-16840,2015-06-04,Office Supplies,Labels,2,3.69,0.0,7.38
CA-2015-164833,LL-16840,2015-06-04,Office Supplies,Art,2,4.63,0.0,9.26
CA-2015-125423,MC-17575,2015-12-13,Office Supplies,Labels,2,4.98,0.0,9.96
US-2014-130379,JL-15235,2014-05-25,Office Supplies,Appliances,2,37.8,0.8,75.6
US-2014-130379,JL-15235,2014-05-25,Furniture,Furnishings,2,14.66,0.6,29.32
CA-2016-168956,EA-14035,2016-02-16,Office Supplies,Appliances,6,15.34,0.8,92.06
CA-2016-168956,EA-14035,2016-02-16,Office Supplies,Fasteners,4,1.74,0.2,6.98
CA-2016-168956,EA-14035,2016-02-16,Furniture,Chairs,3,20.99,0.3,62.96
CA-2016-168956,EA-14035,2016-02-16,Office Supplies,Paper,1,5.18,0.2,5.18
CA-2016-167507,SA-20830,2016-12-22,Office Supplies,Binders,10,3.13,0.7,31.32
CA-2016-167507,SA-20830,2016-12-22,Furniture,Furnishings,4,2.96,0.2,11.84
CA-2016-167507,SA-20830,2016-12-22,Furniture,Furnishings,1,22.78,0.2,22.78
CA-2016-109344,CH-12070,2016-02-08,Technology,Phones,3,375.99,0.2,1127.98
US-2015-140851,ND-18460,2015-07-13,Office Supplies,Paper,6,6.48,0.0,38.88
CA-2014-103373,BS-11755,2014-05-18,Technology,Phones,2,389.9,0.4,779.8
CA-2017-145884,SL-20155,2017-10-21,Technology,Phones,8,179.99,0.0,1439.92
CA-2017-145884,SL-20155,2017-10-21,Furniture,Tables,1,262.11,0.0,262.11
CA-2015-131422,GB-14530,2015-11-05,Furniture,Chairs,3,69.0,0.2,207.0
CA-2017-162691,AS-10045,2017-08-01,Technology,Machines,3,479.99,0.4,1439.98
CA-2017-162691,AS-10045,2017-08-01,Office Supplies,Paper,7,5.18,0.2,36.29
CA-2014-141278,RM-19375,2014-06-21,Office Supplies,Art,5,4.28,0.0,21.4
CA-2017-122693,NH-18610,2017-02-19,Office Supplies,Appliances,7,177.98,0.0,1245.86
CA-2014-117345,BF-10975,2014-08-01,Office Supplies,Labels,3,5.85,0.2,17.54
CA-2014-117345,BF-10975,2014-08-01,Furniture,Furnishings,4,11.03,0.2,44.13
CA-2014-117345,BF-10975,2014-08-01,Office Supplies,Appliances,1,62.92,0.2,62.92
CA-2014-117345,BF-10975,2014-08-01,Office Supplies,Paper,2,39.15,0.2,78.3
CA-2016-157763,KH-16330,2016-07-18,Furniture,Chairs,1,140.81,0.0,140.81
CA-2015-135391,FA-14230,2015-02-09,Office Supplies,Labels,4,10.02,0.2,40.1
CA-2015-135391,FA-14230,2015-02-09,Furniture,Furnishings,2,20.39,0.6,40.78
US-2017-113852,GW-14605,2017-07-29,Technology,Accessories,3,30.19,0.0,90.57
US-2017-158512,DA-13450,2017-01-12,Office Supplies,Paper,6,6.68,0.0,40.08
US-2017-158512,DA-13450,2017-01-12,Furniture,Furnishings,2,18.84,0.0,37.68
CA-2017-128370,FH-14275,2017-09-10,Furniture,Chairs,3,120.78,0.2,362.35
CA-2017-128370,FH-14275,2017-09-10,Office Supplies,Binders,2,3.59,0.2,7.18
CA-2015-160472,RK-19300,2015-07-20,Office Supplies,Storage,1,34.76,0.0,34.76
CA-2015-160472,RK-19300,2015-07-20,Technology,Accessories,5,166.24,0.0,831.2
CA-2015-160472,RK-19300,2015-07-20,Office Supplies,Paper,5,5.28,0.0,26.4
CA-2015-160472,RK-19300,2015-07-20,Office Supplies,Envelopes,7,15.25,0.0,106.75
CA-2015-160472,RK-19300,2015-07-20,Office Supplies,Paper,2,48.91,0.0,97.82
CA-2015-160472,RK-19300,2015-07-20,Office Supplies,Storage,5,28.28,0.0,141.4
CA-2014-114643,FM-14215,2014-06-13,Office Supplies,Art,3,4.84,0.0,14.52
US-2017-158218,AC-10420,2017-05-12,Office Supplies,Storage,5,25.58,0.2,127.92
US-2017-158218,AC-10420,2017-05-12,Office Supplies,Binders,4,8.56,0.8,34.24
CA-2015-121608,JB-15400,2015-09-03,Office Supplies,Appliances,2,68.81,0.0,137.62
CA-2015-121608,JB-15400,2015-09-03,Technology,Phones,1,100.49,0.0,100.49
US-2017-121251,GM-14440,2017-03-26,Furniture,Bookcases,2,128.78,0.2,257.57
US-2017-121251,GM-14440,2017-03-26,Technology,Phones,4,29.99,0.0,119.96
CA-2014-151078,RF-19840,2014-11-12,Office Supplies,Storage,4,12.41,0.2,49.63
US-2016-100839,NC-18625,2016-10-13,Furniture,Tables,5,145.49,0.5,727.45
US-2016-100839,NC-18625,2016-10-13,Furniture,Furnishings,3,8.32,0.2,24.96
US-2017-116659,NG-18355,2017-11-12,Technology,Phones,3,123.59,0.4,370.78
CA-2017-118857,AH-10075,2017-04-15,Furniture,Furnishings,5,39.29,0.0,196.45
CA-2015-127110,CH-12070,2015-06-25,Office Supplies,Paper,6,5.18,0.2,31.1
CA-2015-127110,CH-12070,2015-06-25,Office Supplies,Storage,2,39.13,0.2,78.26
CA-2016-148201,CC-12145,2016-08-26,Office Supplies,Paper,1,6.48,0.0,6.48
CA-2014-116932,ME-18010,2014-07-21,Office Supplies,Art,5,19.84,0.0,99.2
CA-2014-116932,ME-18010,2014-07-21,Furniture,Chairs,2,400.78,0.2,801.57
CA-2014-116932,ME-18010,2014-07-21,Furniture,Tables,1,272.85,0.2,272.85
CA-2017-142888,BP-11230,2017-11-21,Furniture,Tables,1,70.98,0.0,70.98
CA-2014-147914,MP-17470,2014-06-04,Office Supplies,Paper,2,8.11,0.2,16.22
US-2016-112977,CJ-12010,2016-03-10,Furniture,Bookcases,1,176.78,0.2,176.78
CA-2017-112039,JC-15775,2017-03-25,Technology,Phones,3,156.79,0.2,470.38
CA-2017-118885,JG-15160,2017-12-29,Furniture,Chairs,4,98.39,0.2,393.57
CA-2017-118885,JG-15160,2017-12-29,Technology,Phones,3,100.79,0.2,302.38
US-2017-166611,CK-12760,2017-03-28,Office Supplies,Binders,9,7.64,0.7,68.74
CA-2015-109512,LF-17185,2015-03-05,Office Supplies,Envelopes,3,9.78,0.0,29.34
CA-2015-109512,LF-17185,2015-03-05,Furniture,Chairs,7,54.8,0.1,383.61
CA-2015-109512,LF-17185,2015-03-05,Office Supplies,Storage,4,140.85,0.0,563.4
CA-2016-118570,CC-12430,2016-11-13,Office Supplies,Paper,7,31.01,0.2,217.06
CA-2017-154718,DL-12865,2017-01-19,Office Supplies,Labels,2,3.0,0.2,6.0
CA-2016-147578,PG-18895,2016-04-22,Furniture,Furnishings,3,10.52,0.0,31.56
CA-2014-140165,EH-14005,2014-05-13,Office Supplies,Fasteners,2,3.55,0.2,7.1
CA-2014-140165,EH-14005,2014-05-13,Office Supplies,Binders,8,49.79,0.7,398.35
CA-2014-142587,TB-21520,2014-10-21,Office Supplies,Appliances,4,30.45,0.2,121.79
CA-2014-142587,TB-21520,2014-10-21,Furniture,Tables,3,136.53,0.4,409.59
CA-2014-157623,DK-13225,2014-03-14,Office Supplies,Paper,2,5.28,0.0,10.56
CA-2014-157623,DK-13225,2014-03-14,Office Supplies,Art,1,3.38,0.0,3.38
CA-2017-145310,JP-15520,2017-12-22,Office Supplies,Envelopes,1,7.82,0.2,7.82
CA-2016-100083,CD-11980,2016-11-24,Office Supplies,Paper,1,24.78,0.2,24.78
US-2017-108063,AS-10090,2017-12-02,Office Supplies,Art,3,11.55,0.0,34.65
CA-2015-109197,JO-15280,2015-12-31,Office Supplies,Binders,2,243.99,0.2,487.98
CA-2017-141789,AC-10450,2017-10-03,Office Supplies,Binders,2,896.99,0.0,1793.98
CA-2014-169775,RA-19945,2014-08-29,Office Supplies,Envelopes,2,14.9,0.2,29.81
CA-2014-169775,RA-19945,2014-08-29,Office Supplies,Binders,4,126.29,0.7,505.18
CA-2014-169775,RA-19945,2014-08-29,Furniture,Tables,3,58.02,0.45,174.06
CA-2016-140543,Co-12640,2016-06-29,Office Supplies,Storage,6,31.98,0.0,191.88
CA-2016-151141,DW-13480,2016-08-20,Technology,Phones,2,7.39,0.0,14.78
CA-2017-167094,DK-12835,2017-10-21,Office Supplies,Paper,1,5.18,0.2,5.18
CA-2017-167094,DK-12835,2017-10-21,Furniture,Chairs,2,239.24,0.2,478.48
CA-2017-167094,DK-12835,2017-10-21,Technology,Accessories,2,14.2,0.2,28.4
CA-2017-154410,MD-17860,2017-10-21,Office Supplies,Storage,8,113.64,0.0,909.12
US-2016-150567,RP-19855,2016-05-17,Office Supplies,Binders,2,1.48,0.7,2.95
US-2016-150567,RP-19855,2016-05-17,Office Supplies,Binders,6,4.5,0.7,27.02
CA-2015-157959,RW-19540,2015-02-03,Furniture,Furnishings,4,34.23,0.0,136.92
CA-2017-105886,DB-13660,2017-12-18,Furniture,Furnishings,2,9.48,0.0,18.96
CA-2016-105963,SC-20770,2016-11-15,Technology,Accessories,3,33.13,0.0,99.39
CA-2017-121503,FH-14275,2017-07-03,Office Supplies,Paper,7,39.13,0.2,273.9
CA-2017-121503,FH-14275,2017-07-03,Technology,Machines,3,199.04,0.4,597.13
CA-2014-103366,EH-13990,2014-01-15,Technology,Accessories,5,29.99,0.0,149.95
CA-2017-124597,AS-10630,2017-04-30,Office Supplies,Labels,2,2.3,0.2,4.61
CA-2017-124597,AS-10630,2017-04-30,Office Supplies,Art,3,5.18,0.2,15.53
CA-2017-124597,AS-10630,2017-04-30,Office Supplies,Labels,3,3.98,0.2,11.95
CA-2015-105634,HA-14905,2015-11-08,Office Supplies,Art,5,2.33,0.0,11.65
CA-2015-123673,CH-12070,2015-10-30,Technology,Phones,2,149.95,0.0,299.9
US-2017-111423,EH-13765,2017-08-17,Office Supplies,Binders,5,179.18,0.2,895.92
US-2017-111423,EH-13765,2017-08-17,Furniture,Chairs,2,231.28,0.1,462.56
CA-2015-125178,MZ-17515,2015-10-03,Office Supplies,Storage,2,7.5,0.2,15.01
CA-2016-156685,SC-20230,2016-07-08,Technology,Phones,9,95.96,0.2,863.64
CA-2016-156685,SC-20230,2016-07-08,Office Supplies,Art,3,15.87,0.2,47.62
CA-2017-126865,NP-18325,2017-12-05,Office Supplies,Paper,3,30.98,0.0,92.94
CA-2017-102834,LW-16990,2017-03-09,Technology,Accessories,2,99.99,0.0,199.98
US-2016-139710,GM-14680,2016-06-09,Technology,Phones,3,59.16,0.2,177.48
CA-2017-121538,RH-19495,2017-11-28,Office Supplies,Paper,2,44.38,0.2,88.77
US-2017-101539,VM-21685,2017-03-16,Office Supplies,Paper,1,6.48,0.0,6.48
US-2017-101539,VM-21685,2017-03-16,Office Supplies,Storage,1,46.51,0.0,46.51
US-2017-101539,VM-21685,2017-03-16,Technology,Phones,3,219.99,0.2,659.98
CA-2016-152121,CC-12670,2016-11-27,Technology,Phones,1,271.99,0.2,271.99
CA-2017-161200,SV-20365,2017-08-06,Furniture,Bookcases,3,48.58,0.0,145.74
CA-2017-161200,SV-20365,2017-08-06,Furniture,Furnishings,5,3.08,0.0,15.4
CA-2017-101245,LW-16990,2017-11-27,Office Supplies,Paper,5,48.91,0.0,244.55
CA-2017-101245,LW-16990,2017-11-27,Technology,Accessories,8,20.77,0.0,166.16
CA-2015-141768,NP-18685,2015-05-25,Furniture,Furnishings,3,4.91,0.0,14.73
CA-2016-112109,JE-15715,2016-07-08,Office Supplies,Binders,2,9.98,0.7,19.97
CA-2016-112109,JE-15715,2016-07-08,Office Supplies,Storage,7,4.78,0.2,33.49
CA-2016-112109,JE-15715,2016-07-08,Office Supplies,Binders,4,2.18,0.7,8.74
CA-2016-112109,JE-15715,2016-07-08,Furniture,Chairs,3,220.96,0.2,662.88
CA-2017-144064,CP-12085,2017-08-29,Office Supplies,Labels,4,11.84,0.2,47.36
CA-2017-144064,CP-12085,2017-08-29,Office Supplies,Storage,2,13.72,0.2,27.44
CA-2017-144064,CP-12085,2017-08-29,Office Supplies,Binders,9,0.36,0.8,3.24
CA-2016-108581,EA-14035,2016-06-20,Technology,Accessories,4,23.99,0.2,95.97
CA-2016-108581,EA-14035,2016-06-20,Office Supplies,Paper,2,5.18,0.2,10.37
CA-2017-157987,AC-10615,2017-09-02,Office Supplies,Art,2,11.55,0.0,23.1
CA-2017-157987,AC-10615,2017-09-02,Furniture,Furnishings,2,5.77,0.0,11.54
CA-2017-157987,AC-10615,2017-09-02,Furniture,Tables,1,254.53,0.4,254.53
CA-2017-157987,AC-10615,2017-09-02,Office Supplies,Appliances,1,12.98,0.0,12.98
CA-2017-157987,AC-10615,2017-09-02,Office Supplies,Binders,8,3.3,0.2,26.43
CA-2017-157987,AC-10615,2017-09-02,Technology,Phones,3,65.99,0.0,197.97
CA-2017-157987,AC-10615,2017-09-02,Office Supplies,Labels,6,3.15,0.0,18.9
CA-2017-157987,AC-10615,2017-09-02,Furniture,Chairs,5,256.48,0.1,1282.41
CA-2017-157987,AC-10615,2017-09-02,Office Supplies,Art,3,1.64,0.0,4.92
CA-2017-157987,AC-10615,2017-09-02,Technology,Accessories,2,119.0,0.0,238.0
CA-2017-157987,AC-10615,2017-09-02,Technology,Accessories,3,55.99,0.0,167.97
CA-2017-157987,AC-10615,2017-09-02,Office Supplies,Paper,4,4.28,0.0,17.12
CA-2017-110905,RW-19690,2017-09-10,Office Supplies,Binders,3,5.4,0.0,16.2
CA-2017-110905,RW-19690,2017-09-10,Office Supplies,Appliances,3,11.33,0.0,33.99
CA-2017-110905,RW-19690,2017-09-10,Technology,Accessories,5,59.37,0.0,296.85
CA-2017-110905,RW-19690,2017-09-10,Technology,Accessories,6,18.8,0.0,112.8
CA-2017-110905,RW-19690,2017-09-10,Office Supplies,Binders,3,4.57,0.0,13.71
CA-2017-110905,RW-19690,2017-09-10,Office Supplies,Paper,5,4.98,0.0,24.9
CA-2017-110905,RW-19690,2017-09-10,Office Supplies,Storage,3,95.43,0.0,286.29
CA-2017-110905,RW-19690,2017-09-10,Office Supplies,Appliances,2,12.09,0.0,24.18
CA-2017-165841,DB-13210,2017-12-21,Technology,Phones,3,93.99,0.0,281.97
CA-2017-165841,DB-13210,2017-12-21,Office Supplies,Supplies,5,13.9,0.0,69.5
CA-2017-165841,DB-13210,2017-12-21,Office Supplies,Paper,3,55.48,0.0,166.44
CA-2017-117485,BD-11320,2017-09-23,Technology,Accessories,4,72.99,0.0,291.96
CA-2017-140242,ML-17755,2017-05-06,Office Supplies,Art,3,2.14,0.2,6.41
CA-2017-140242,ML-17755,2017-05-06,Technology,Accessories,7,58.39,0.2,408.74
CA-2014-148950,JD-16015,2014-12-14,Office Supplies,Binders,4,1.28,0.8,5.1
CA-2014-148950,JD-16015,2014-12-14,Office Supplies,Fasteners,2,1.45,0.2,2.9
CA-2014-148950,JD-16015,2014-12-14,Technology,Accessories,3,11.67,0.2,35.02
CA-2014-110408,AS-10225,2014-10-18,Office Supplies,Storage,3,91.99,0.0,275.97
CA-2014-110408,AS-10225,2014-10-18,Technology,Phones,5,278.99,0.0,1394.95
CA-2014-110408,AS-10225,2014-10-18,Furniture,Chairs,6,90.98,0.0,545.88
CA-2015-109939,AA-10375,2015-05-08,Office Supplies,Art,2,2.62,0.2,5.25
CA-2016-112669,KT-16465,2016-04-14,Furniture,Chairs,4,233.38,0.2,933.54
CA-2016-112669,KT-16465,2016-04-14,Office Supplies,Storage,4,10.74,0.2,42.98
CA-2015-119592,MM-18280,2015-12-14,Office Supplies,Binders,2,1.88,0.0,3.76
CA-2014-122749,NG-18430,2014-12-03,Technology,Phones,4,119.99,0.0,479.96
CA-2014-164721,LW-16825,2014-11-25,Office Supplies,Appliances,6,53.48,0.0,320.88
CA-2014-164721,LW-16825,2014-11-25,Furniture,Furnishings,3,7.96,0.0,23.88
CA-2014-164721,LW-16825,2014-11-25,Office Supplies,Paper,4,6.69,0.0,26.76
CA-2016-147417,CB-12415,2016-07-25,Technology,Copiers,4,359.99,0.4,1439.98
CA-2015-127509,AS-10090,2015-11-09,Office Supplies,Binders,3,5.74,0.0,17.22
CA-2015-127509,AS-10090,2015-11-09,Furniture,Tables,7,146.34,0.0,1024.38
CA-2015-127509,AS-10090,2015-11-09,Office Supplies,Envelopes,3,8.74,0.0,26.22
CA-2015-127509,AS-10090,2015-11-09,Office Supplies,Paper,3,5.78,0.0,17.34
CA-2017-111374,CB-12415,2017-02-24,Office Supplies,Binders,4,1.24,0.7,4.96
CA-2017-133648,ML-17755,2017-06-25,Office Supplies,Labels,6,11.84,0.2,71.04
CA-2017-133648,ML-17755,2017-06-25,Office Supplies,Art,2,2.67,0.2,5.34
CA-2017-133648,ML-17755,2017-06-25,Office Supplies,Fasteners,3,3.77,0.2,11.3
US-2017-147221,JS-16030,2017-12-02,Office Supplies,Appliances,5,58.92,0.8,294.62
US-2017-147221,JS-16030,2017-12-02,Furniture,Furnishings,4,2.19,0.6,8.75
CA-2014-131905,ND-18460,2014-02-06,Office Supplies,Labels,4,3.75,0.0,15.0
CA-2014-131905,ND-18460,2014-02-06,Technology,Phones,1,161.61,0.0,161.61
CA-2014-131905,ND-18460,2014-02-06,Technology,Phones,5,28.99,0.0,144.95
CA-2017-166128,LW-17215,2017-04-11,Technology,Accessories,5,39.99,0.0,199.95
CA-2017-166128,LW-17215,2017-04-11,Office Supplies,Art,7,5.98,0.0,41.86
CA-2017-163510,JW-15955,2017-12-25,Office Supplies,Storage,3,31.98,0.0,95.94
CA-2017-163510,JW-15955,2017-12-25,Furniture,Chairs,5,60.89,0.0,304.45
US-2017-143028,SC-20050,2017-04-11,Office Supplies,Binders,3,3.79,0.8,11.36
CA-2014-111150,RW-19630,2014-12-31,Office Supplies,Art,7,4.24,0.0,29.68
CA-2014-111150,RW-19630,2014-12-31,Technology,Accessories,7,6.79,0.0,47.53
CA-2017-165386,CM-12190,2017-08-03,Furniture,Bookcases,2,91.69,0.3,183.37
CA-2014-116407,JF-15190,2014-11-15,Office Supplies,Art,3,1.41,0.2,4.22
CA-2014-116407,JF-15190,2014-11-15,Office Supplies,Appliances,2,166.53,0.2,333.06
CA-2014-116407,JF-15190,2014-11-15,Office Supplies,Paper,4,6.22,0.2,24.9
CA-2015-155761,SC-20800,2015-12-11,Technology,Accessories,2,79.99,0.2,159.98
CA-2015-155761,SC-20800,2015-12-11,Office Supplies,Storage,3,15.45,0.2,46.34
CA-2016-145905,AM-10705,2016-09-18,Furniture,Chairs,1,350.98,0.0,350.98
CA-2016-145905,AM-10705,2016-09-18,Office Supplies,Paper,2,6.54,0.0,13.08
CA-2016-145905,AM-10705,2016-09-18,Office Supplies,Storage,4,225.02,0.0,900.08
CA-2015-113110,BK-11260,2015-03-19,Office Supplies,Binders,2,8.78,0.2,17.57
CA-2015-113110,BK-11260,2015-03-19,Office Supplies,Labels,2,7.31,0.0,14.62
CA-2015-113110,BK-11260,2015-03-19,Office Supplies,Supplies,4,8.34,0.0,33.36
CA-2015-113110,BK-11260,2015-03-19,Office Supplies,Paper,6,6.69,0.0,40.14
CA-2016-168354,RH-19510,2016-09-19,Office Supplies,Storage,9,178.47,0.0,1606.23
CA-2016-168354,RH-19510,2016-09-19,Office Supplies,Paper,3,5.68,0.0,17.04
CA-2016-168354,RH-19510,2016-09-19,Office Supplies,Binders,3,16.51,0.0,49.53
CA-2016-168354,RH-19510,2016-09-19,Furniture,Chairs,4,218.08,0.0,872.32
US-2017-111241,GM-14500,2017-08-20,Office Supplies,Binders,5,47.82,0.2,239.12
CA-2015-114237,MC-17275,2015-03-13,Furniture,Bookcases,2,70.98,0.0,141.96
CA-2016-113516,VM-21685,2016-09-08,Office Supplies,Binders,2,16.51,0.2,33.02
CA-2016-113516,VM-21685,2016-09-08,Office Supplies,Binders,4,16.78,0.2,67.14
CA-2015-117961,GP-14740,2015-11-26,Office Supplies,Binders,3,4.91,0.0,14.73
CA-2015-117961,GP-14740,2015-11-26,Office Supplies,Storage,5,20.98,0.0,104.9
CA-2015-117961,GP-14740,2015-11-26,Office Supplies,Binders,4,15.26,0.0,61.04
CA-2015-117961,GP-14740,2015-11-26,Office Supplies,Paper,3,3.65,0.0,10.95
CA-2016-128923,GB-14530,2016-12-09,Office Supplies,Paper,2,4.7,0.2,9.39
CA-2016-128923,GB-14530,2016-12-09,Office Supplies,Art,1,9.33,0.2,9.33
CA-2017-162481,CT-11995,2017-09-25,Office Supplies,Binders,2,4.13,0.0,8.26
CA-2017-162481,CT-11995,2017-09-25,Furniture,Chairs,3,89.99,0.0,269.97
CA-2015-119214,CW-11905,2015-01-23,Office Supplies,Paper,3,9.68,0.0,29.04
CA-2015-119214,CW-11905,2015-01-23,Office Supplies,Labels,2,7.31,0.0,14.62
CA-2015-122287,SN-20560,2015-06-18,Office Supplies,Paper,3,3.98,0.2,11.95
CA-2015-122287,SN-20560,2015-06-18,Office Supplies,Binders,7,0.65,0.7,4.54
CA-2015-122287,SN-20560,2015-06-18,Office Supplies,Binders,2,4.58,0.7,9.16
CA-2015-122287,SN-20560,2015-06-18,Furniture,Furnishings,5,15.07,0.2,75.36
CA-2015-104493,EB-13705,2015-10-02,Office Supplies,Binders,6,9.58,0.2,57.5
US-2017-158946,JW-15220,2017-11-18,Office Supplies,Art,7,5.55,0.2,38.86
CA-2014-129168,KB-16585,2014-08-17,Office Supplies,Paper,3,5.18,0.2,15.55
CA-2016-131835,MC-17590,2016-07-17,Office Supplies,Appliances,2,81.32,0.0,162.64
CA-2016-131835,MC-17590,2016-07-17,Technology,Phones,3,199.0,0.0,597.0
CA-2016-131835,MC-17590,2016-07-17,Office Supplies,Paper,1,55.48,0.0,55.48
CA-2015-142237,CK-12595,2015-07-11,Furniture,Furnishings,7,41.4,0.2,289.8
CA-2015-142237,CK-12595,2015-07-11,Office Supplies,Binders,3,0.83,0.7,2.5
CA-2015-142237,CK-12595,2015-07-11,Office Supplies,Binders,4,1.62,0.7,6.48
CA-2015-142237,CK-12595,2015-07-11,Furniture,Chairs,8,42.69,0.3,341.49
CA-2015-142237,CK-12595,2015-07-11,Office Supplies,Art,5,2.22,0.2,11.12
CA-2015-142237,CK-12595,2015-07-11,Furniture,Furnishings,6,4.22,0.2,25.34
CA-2016-136434,RD-19480,2016-12-01,Furniture,Furnishings,3,5.77,0.0,17.31
CA-2017-120376,TP-21130,2017-12-22,Technology,Accessories,5,39.99,0.0,199.95
CA-2017-120376,TP-21130,2017-12-22,Furniture,Chairs,7,226.67,0.0,1586.69
CA-2017-120376,TP-21130,2017-12-22,Technology,Accessories,1,84.99,0.0,84.99
CA-2017-120376,TP-21130,2017-12-22,Furniture,Tables,2,205.9,0.0,411.8
CA-2014-106439,GG-14650,2014-10-31,Office Supplies,Fasteners,3,3.78,0.0,11.34
CA-2014-106439,GG-14650,2014-10-31,Office Supplies,Storage,5,16.06,0.0,80.3
CA-2014-106439,GG-14650,2014-10-31,Office Supplies,Binders,2,7.98,0.2,15.97
CA-2014-106439,GG-14650,2014-10-31,Office Supplies,Paper,13,4.98,0.0,64.74
CA-2014-106439,GG-14650,2014-10-31,Office Supplies,Binders,3,6.43,0.2,19.3
CA-2014-106439,GG-14650,2014-10-31,Office Supplies,Storage,4,101.41,0.0,405.64
CA-2014-106439,GG-14650,2014-10-31,Furniture,Chairs,3,48.78,0.2,146.35
CA-2014-106439,GG-14650,2014-10-31,Technology,Accessories,9,27.99,0.0,251.91
CA-2014-106439,GG-14650,2014-10-31,Office Supplies,Art,3,4.13,0.0,12.39
CA-2015-133452,ZC-21910,2015-04-13,Technology,Accessories,4,49.99,0.0,199.96
CA-2015-133452,ZC-21910,2015-04-13,Furniture,Tables,3,236.94,0.2,710.83
CA-2016-146521,CC-12610,2016-07-21,Office Supplies,Binders,1,1.94,0.7,1.94
US-2017-110996,KA-16525,2017-11-20,Furniture,Chairs,5,56.78,0.2,283.92
CA-2016-129693,TC-20980,2016-11-26,Office Supplies,Binders,2,3.66,0.2,7.31
CA-2017-122504,DB-13270,2017-11-07,Technology,Accessories,3,19.99,0.0,59.97
CA-2017-122504,DB-13270,2017-11-07,Technology,Phones,7,108.79,0.2,761.54
CA-2014-131051,TR-21325,2014-12-01,Furniture,Furnishings,3,19.4,0.0,58.2
CA-2017-140676,BF-11080,2017-09-12,Office Supplies,Paper,5,7.98,0.0,39.9
CA-2017-140676,BF-11080,2017-09-12,Office Supplies,Appliances,7,12.98,0.0,90.86
CA-2017-140676,BF-11080,2017-09-12,Office Supplies,Paper,5,18.97,0.0,94.85
CA-2015-120103,MS-17365,2015-12-24,Office Supplies,Paper,7,15.18,0.2,106.23
CA-2015-120103,MS-17365,2015-12-24,Technology,Phones,2,55.99,0.2,111.98
CA-2015-120103,MS-17365,2015-12-24,Furniture,Furnishings,2,3.86,0.2,7.71
CA-2017-104647,CK-12595,2017-02-23,Office Supplies,Paper,6,6.24,0.0,37.44
CA-2014-110352,ED-13885,2014-11-23,Office Supplies,Labels,2,11.84,0.2,23.68
CA-2016-140501,IM-15070,2016-06-23,Office Supplies,Labels,4,30.53,0.0,122.12
CA-2016-140501,IM-15070,2016-06-23,Office Supplies,Labels,5,3.69,0.0,18.45
CA-2016-140501,IM-15070,2016-06-23,Office Supplies,Storage,5,64.98,0.0,324.9
CA-2016-140501,IM-15070,2016-06-23,Office Supplies,Paper,3,48.91,0.0,146.73
CA-2016-140501,IM-15070,2016-06-23,Office Supplies,Fasteners,2,1.98,0.0,3.96
CA-2015-139290,MY-17380,2015-10-26,Office Supplies,Labels,2,2.88,0.0,5.76
CA-2017-166142,MM-17260,2017-07-15,Office Supplies,Binders,3,8.85,0.0,26.55
CA-2017-166142,MM-17260,2017-07-15,Furniture,Tables,3,103.48,0.3,310.44
CA-2014-145926,MP-17470,2014-11-17,Furniture,Chairs,5,95.98,0.0,479.9
CA-2015-149678,AW-10840,2015-04-13,Office Supplies,Supplies,1,12.88,0.0,12.88
US-2015-164357,SF-20065,2015-11-25,Office Supplies,Art,5,2.62,0.2,13.12
US-2016-146570,SN-20710,2016-05-15,Office Supplies,Binders,8,63.98,0.0,511.84
US-2016-146570,SN-20710,2016-05-15,Office Supplies,Art,4,22.99,0.0,91.96
US-2016-146570,SN-20710,2016-05-15,Office Supplies,Art,3,2.78,0.0,8.34
CA-2017-124401,RD-19900,2017-09-07,Office Supplies,Storage,3,12.56,0.2,37.68
CA-2017-124401,RD-19900,2017-09-07,Technology,Accessories,7,39.99,0.2,279.94
US-2014-140116,KT-16480,2014-03-10,Office Supplies,Storage,3,212.14,0.2,636.41
US-2014-140116,KT-16480,2014-03-10,Office Supplies,Art,4,20.79,0.2,83.17
CA-2014-123295,AH-10120,2014-07-18,Furniture,Chairs,4,64.78,0.2,259.14
CA-2017-167101,BM-11650,2017-03-24,Office Supplies,Paper,4,55.48,0.0,221.92
CA-2017-167101,BM-11650,2017-03-24,Technology,Accessories,2,13.0,0.0,26.0
US-2014-167633,BW-11200,2014-09-30,Office Supplies,Paper,3,5.18,0.2,15.55
US-2014-152723,HG-14965,2014-09-26,Office Supplies,Binders,1,0.88,0.8,0.88
CA-2015-164882,SG-20080,2015-10-31,Office Supplies,Paper,1,19.98,0.0,19.98
CA-2015-164882,SG-20080,2015-10-31,Office Supplies,Binders,3,132.78,0.2,398.35
CA-2015-164882,SG-20080,2015-10-31,Office Supplies,Art,3,1.68,0.0,5.04
CA-2015-164882,SG-20080,2015-10-31,Office Supplies,Fasteners,5,3.49,0.0,17.45
CA-2015-164882,SG-20080,2015-10-31,Furniture,Chairs,4,80.78,0.2,323.14
CA-2015-164882,SG-20080,2015-10-31,Office Supplies,Supplies,3,9.9,0.0,29.7
CA-2015-164882,SG-20080,2015-10-31,Technology,Phones,4,323.96,0.2,1295.84
CA-2015-164882,SG-20080,2015-10-31,Office Supplies,Storage,2,23.42,0.0,46.84
CA-2015-164882,SG-20080,2015-10-31,Furniture,Bookcases,1,425.83,0.15,425.83
CA-2015-159786,RK-19300,2015-10-12,Furniture,Tables,1,209.67,0.4,209.67
CA-2016-130267,SW-20245,2016-09-19,Office Supplies,Paper,7,22.84,0.0,159.88
CA-2017-155460,RW-19630,2017-04-13,Office Supplies,Paper,1,5.28,0.0,5.28
CA-2017-155460,RW-19630,2017-04-13,Office Supplies,Binders,5,179.18,0.2,895.92
US-2017-168690,TS-21085,2017-01-07,Office Supplies,Binders,3,0.94,0.7,2.81
CA-2017-158246,JB-15400,2017-11-09,Furniture,Chairs,3,71.99,0.2,215.98
CA-2017-167381,EH-14005,2017-09-22,Furniture,Bookcases,2,120.98,0.0,241.96
CA-2017-167381,EH-14005,2017-09-22,Office Supplies,Labels,9,3.08,0.0,27.72
CA-2017-144862,EH-14005,2017-12-01,Office Supplies,Envelopes,5,20.94,0.2,104.68
CA-2017-144862,EH-14005,2017-12-01,Technology,Phones,7,8.99,0.4,62.96
CA-2014-126032,BS-11665,2014-06-23,Technology,Accessories,3,28.79,0.2,86.38
CA-2015-134859,JK-16120,2015-10-04,Furniture,Furnishings,3,21.65,0.2,64.94
CA-2015-134859,JK-16120,2015-10-04,Office Supplies,Paper,4,5.18,0.2,20.74
US-2014-114188,RF-19345,2014-05-20,Office Supplies,Appliances,4,8.32,0.0,33.28
US-2014-114188,RF-19345,2014-05-20,Office Supplies,Art,9,4.28,0.0,38.52
US-2014-114188,RF-19345,2014-05-20,Furniture,Furnishings,7,19.98,0.0,139.86
CA-2015-156524,DL-12865,2015-11-20,Office Supplies,Paper,3,6.55,0.0,19.65
CA-2015-122210,WB-21850,2015-11-30,Office Supplies,Binders,3,51.0,0.7,152.99
CA-2015-122210,WB-21850,2015-11-30,Office Supplies,Fasteners,7,1.51,0.2,10.58
CA-2015-122210,WB-21850,2015-11-30,Technology,Phones,4,23.73,0.4,94.92
CA-2015-156377,TB-21625,2015-12-31,Furniture,Furnishings,5,2.95,0.6,14.76
CA-2015-156377,TB-21625,2015-12-31,Office Supplies,Binders,4,0.91,0.8,3.66
US-2017-157896,CB-12415,2017-11-16,Office Supplies,Paper,3,48.94,0.0,146.82
CA-2014-159520,GT-14635,2014-06-06,Office Supplies,Binders,9,16.62,0.2,149.54
CA-2014-159520,GT-14635,2014-06-06,Office Supplies,Supplies,2,8.57,0.0,17.14
CA-2014-159520,GT-14635,2014-06-06,Furniture,Tables,3,330.59,0.4,991.76
CA-2016-155481,DK-13225,2016-09-01,Office Supplies,Paper,6,5.08,0.2,30.48
CA-2016-155481,DK-13225,2016-09-01,Technology,Phones,2,11.99,0.4,23.99
CA-2016-155481,DK-13225,2016-09-01,Office Supplies,Fasteners,7,2.38,0.2,16.69
US-2016-152051,TS-21160,2016-06-25,Furniture,Chairs,3,140.69,0.3,422.06
US-2016-152051,TS-21160,2016-06-25,Office Supplies,Binders,4,9.52,0.7,38.09
US-2016-152051,TS-21160,2016-06-25,Office Supplies,Storage,6,42.39,0.2,254.35
CA-2014-141607,WB-21850,2014-12-12,Furniture,Furnishings,1,43.31,0.0,43.31
CA-2017-102771,DO-13435,2017-03-31,Technology,Phones,5,16.99,0.0,84.95
US-2017-139969,AF-10870,2017-11-19,Furniture,Chairs,3,77.69,0.3,233.06
CA-2014-167360,RB-19435,2014-11-24,Technology,Accessories,7,15.97,0.0,111.79
CA-2015-123505,AR-10540,2015-11-22,Office Supplies,Paper,3,4.98,0.0,14.94
CA-2016-117282,DR-12880,2016-07-14,Office Supplies,Binders,2,7.08,0.2,14.16
US-2016-120460,BF-11170,2016-04-30,Furniture,Furnishings,3,7.54,0.6,22.61
CA-2016-111115,LB-16735,2016-07-25,Office Supplies,Fasteners,6,3.58,0.0,21.48
CA-2014-124646,DV-13465,2014-06-22,Office Supplies,Storage,3,167.27,0.0,501.81
CA-2014-124646,DV-13465,2014-06-22,Office Supplies,Storage,3,53.98,0.0,161.94
CA-2017-148166,NK-18490,2017-10-21,Office Supplies,Art,4,4.46,0.2,17.86
CA-2016-159737,CS-11950,2016-09-03,Office Supplies,Binders,3,2.94,0.8,8.81
CA-2016-141019,LH-17155,2016-05-14,Furniture,Furnishings,1,79.38,0.2,79.38
CA-2016-101938,DW-13480,2016-01-07,Office Supplies,Art,1,34.58,0.0,34.58
CA-2017-166296,KF-16285,2017-03-13,Office Supplies,Paper,3,104.85,0.0,314.55
CA-2016-154018,HA-14920,2016-10-13,Technology,Accessories,3,63.99,0.2,191.98
CA-2016-154018,HA-14920,2016-10-13,Office Supplies,Paper,2,4.14,0.2,8.29
CA-2016-154018,HA-14920,2016-10-13,Furniture,Furnishings,5,27.98,0.6,139.92
CA-2016-154018,HA-14920,2016-10-13,Office Supplies,Art,1,15.87,0.2,15.87
CA-2016-154018,HA-14920,2016-10-13,Office Supplies,Binders,7,0.9,0.8,6.29
CA-2017-117870,JH-15820,2017-01-27,Office Supplies,Art,3,4.67,0.2,14.02
CA-2017-117870,JH-15820,2017-01-27,Technology,Accessories,3,23.99,0.2,71.98
CA-2017-117870,JH-15820,2017-01-27,Technology,Phones,3,35.99,0.4,107.98
US-2017-137491,LC-16930,2017-11-19,Furniture,Chairs,2,152.66,0.3,305.31
CA-2014-152296,IL-15100,2014-08-01,Office Supplies,Binders,3,6.58,0.2,19.75
CA-2016-112025,LS-16975,2016-07-30,Office Supplies,Binders,3,3.09,0.8,9.26
CA-2015-132507,CC-12610,2015-07-30,Office Supplies,Storage,4,15.45,0.2,61.79
CA-2016-125738,PB-18805,2016-10-15,Office Supplies,Paper,2,22.84,0.0,45.68
CA-2016-125738,PB-18805,2016-10-15,Office Supplies,Paper,9,6.68,0.0,60.12
CA-2016-125738,PB-18805,2016-10-15,Office Supplies,Binders,5,8.34,0.2,41.72
CA-2016-125738,PB-18805,2016-10-15,Office Supplies,Paper,8,8.95,0.0,71.6
CA-2016-128818,CJ-12010,2016-05-07,Office Supplies,Binders,7,12.18,0.2,85.23
CA-2016-128818,CJ-12010,2016-05-07,Office Supplies,Labels,3,14.8,0.0,44.4
CA-2016-128818,CJ-12010,2016-05-07,Furniture,Chairs,4,110.69,0.1,442.76
CA-2016-128818,CJ-12010,2016-05-07,Technology,Machines,5,799.99,0.0,3999.95
CA-2016-128818,CJ-12010,2016-05-07,Technology,Accessories,5,39.99,0.0,199.95
CA-2016-128818,CJ-12010,2016-05-07,Furniture,Furnishings,8,7.96,0.0,63.68
CA-2017-124576,HK-14890,2017-08-01,Office Supplies,Binders,2,27.45,0.2,54.9
CA-2016-101378,RH-19600,2016-07-14,Technology,Accessories,2,14.5,0.0,29.0
CA-2017-143063,IL-15100,2017-08-10,Office Supplies,Envelopes,6,11.68,0.0,70.08
CA-2017-143063,IL-15100,2017-08-10,Furniture,Furnishings,2,60.65,0.0,121.3
CA-2017-143063,IL-15100,2017-08-10,Technology,Phones,9,161.61,0.0,1454.49
CA-2016-118913,AS-10240,2016-06-25,Office Supplies,Appliances,3,20.27,0.0,60.81
CA-2016-128412,AP-10915,2016-12-10,Office Supplies,Binders,3,51.18,0.2,153.55
CA-2016-128412,AP-10915,2016-12-10,Office Supplies,Appliances,3,21.78,0.0,65.34
CA-2016-128412,AP-10915,2016-12-10,Office Supplies,Paper,4,30.98,0.0,123.92
CA-2016-128412,AP-10915,2016-12-10,Office Supplies,Appliances,3,11.7,0.0,35.1
CA-2016-128412,AP-10915,2016-12-10,Technology,Accessories,5,8.95,0.0,44.75
CA-2016-136483,AG-10390,2016-12-01,Office Supplies,Art,2,2.35,0.2,4.7
CA-2014-163013,BF-11080,2014-11-28,Office Supplies,Art,3,4.89,0.0,14.67
CA-2015-135363,CK-12205,2015-03-28,Office Supplies,Paper,3,5.18,0.2,15.55
CA-2015-135363,CK-12205,2015-03-28,Office Supplies,Paper,1,5.23,0.2,5.23
US-2014-165659,LT-17110,2014-06-01,Furniture,Furnishings,6,3.7,0.0,22.2
US-2014-165659,LT-17110,2014-06-01,Technology,Phones,7,125.99,0.0,881.93
CA-2015-138002,BT-11305,2015-09-06,Office Supplies,Binders,2,3.05,0.2,6.1
CA-2015-138002,BT-11305,2015-09-06,Furniture,Furnishings,3,63.94,0.0,191.82
CA-2015-128860,SC-20725,2015-06-29,Furniture,Furnishings,1,20.1,0.2,20.1
CA-2016-164350,CG-12040,2016-09-10,Office Supplies,Art,3,22.52,0.2,67.56
US-2014-103905,AW-10930,2014-07-14,Office Supplies,Binders,7,4.28,0.8,29.93
US-2014-103905,AW-10930,2014-07-14,Technology,Phones,4,9.57,0.2,38.27
CA-2015-129854,RB-19705,2015-08-22,Office Supplies,Art,4,4.13,0.0,16.52
CA-2014-125556,ML-17410,2014-11-14,Technology,Phones,7,118.99,0.0,832.93
CA-2014-125556,ML-17410,2014-11-14,Office Supplies,Binders,10,4.38,0.0,43.8
CA-2016-162313,VB-21745,2016-11-27,Office Supplies,Appliances,6,27.88,0.1,167.29
CA-2017-107874,SW-20275,2017-11-21,Furniture,Furnishings,1,27.42,0.0,27.42
CA-2017-129378,NS-18505,2017-10-01,Office Supplies,Binders,1,1.44,0.2,1.44
CA-2017-129378,NS-18505,2017-10-01,Office Supplies,Binders,13,4.75,0.2,61.78
CA-2017-129378,NS-18505,2017-10-01,Office Supplies,Appliances,2,120.98,0.0,241.96
CA-2017-129378,NS-18505,2017-10-01,Furniture,Chairs,4,27.15,0.2,108.61
CA-2014-151953,DB-13555,2014-09-20,Office Supplies,Art,2,1.41,0.2,2.82
CA-2017-130841,MH-17620,2017-07-28,Office Supplies,Binders,4,2.5,0.2,9.98
CA-2017-130841,MH-17620,2017-07-28,Office Supplies,Storage,1,14.98,0.0,14.98
CA-2017-130841,MH-17620,2017-07-28,Technology,Phones,4,286.4,0.2,1145.6
CA-2015-131884,DK-13375,2015-12-06,Technology,Phones,2,242.97,0.4,485.94
CA-2015-131884,DK-13375,2015-12-06,Office Supplies,Art,8,4.67,0.2,37.38
CA-2015-131884,DK-13375,2015-12-06,Furniture,Chairs,1,70.69,0.3,70.69
CA-2017-121909,EA-14035,2017-07-31,Office Supplies,Paper,3,18.27,0.2,54.82
CA-2016-106383,BT-11440,2016-03-19,Furniture,Bookcases,1,72.29,0.7,72.29
CA-2017-130771,LA-16780,2017-07-29,Office Supplies,Fasteners,2,1.45,0.2,2.9
CA-2017-130771,LA-16780,2017-07-29,Technology,Phones,1,124.79,0.2,124.79
CA-2016-139157,GM-14680,2016-10-01,Furniture,Tables,1,330.59,0.4,330.59
CA-2014-128055,AA-10315,2014-03-31,Office Supplies,Binders,2,336.78,0.2,673.57
CA-2014-128055,AA-10315,2014-03-31,Office Supplies,Appliances,2,26.49,0.0,52.98
CA-2017-157091,DB-13405,2017-06-26,Furniture,Furnishings,5,105.29,0.0,526.45
CA-2017-132122,JH-15820,2017-07-09,Office Supplies,Storage,5,45.78,0.2,228.92
CA-2015-123232,DJ-13630,2015-12-14,Technology,Phones,4,79.99,0.2,319.97
CA-2017-104066,QJ-19255,2017-12-05,Technology,Accessories,7,29.29,0.0,205.03
CA-2015-145849,CT-11995,2015-09-15,Office Supplies,Storage,2,95.43,0.0,190.86
CA-2015-145849,CT-11995,2015-09-15,Office Supplies,Art,8,3.04,0.0,24.32
CA-2016-122322,RH-19510,2016-07-15,Office Supplies,Supplies,5,8.88,0.0,44.4
CA-2017-166849,SJ-20125,2017-04-20,Furniture,Furnishings,2,22.2,0.6,44.4
CA-2016-146633,TG-21310,2016-11-15,Office Supplies,Binders,1,1016.79,0.2,1016.79
CA-2016-146633,TG-21310,2016-11-15,Office Supplies,Binders,7,5.45,0.2,38.14
US-2016-126893,CT-11995,2016-11-26,Technology,Phones,3,164.99,0.4,494.98
CA-2017-103380,BF-11005,2017-11-21,Office Supplies,Storage,2,28.28,0.0,56.56
CA-2017-103380,BF-11005,2017-11-21,Office Supplies,Art,2,2.78,0.0,5.56
CA-2017-103380,BF-11005,2017-11-21,Office Supplies,Fasteners,2,4.51,0.0,9.02
CA-2017-103380,BF-11005,2017-11-21,Office Supplies,Appliances,1,8.62,0.0,8.62
CA-2017-103380,BF-11005,2017-11-21,Technology,Phones,3,219.99,0.2,659.98
CA-2015-116092,JM-16195,2015-02-15,Office Supplies,Paper,2,6.68,0.0,13.36
CA-2015-116092,JM-16195,2015-02-15,Office Supplies,Binders,5,8.34,0.2,41.72
CA-2015-116092,JM-16195,2015-02-15,Office Supplies,Binders,5,2.3,0.2,11.52
CA-2015-116092,JM-16195,2015-02-15,Office Supplies,Appliances,6,90.24,0.0,541.44
CA-2015-116092,JM-16195,2015-02-15,Office Supplies,Paper,3,6.48,0.0,19.44
CA-2016-117849,JK-16120,2016-04-15,Office Supplies,Paper,3,47.9,0.0,143.7
CA-2015-169201,HG-14965,2015-09-28,Office Supplies,Appliances,3,14.42,0.0,43.26
CA-2015-169201,HG-14965,2015-09-28,Office Supplies,Appliances,2,21.78,0.0,43.56
CA-2016-164091,LA-16780,2016-09-17,Technology,Phones,3,145.95,0.0,437.85
CA-2016-164091,LA-16780,2016-09-17,Furniture,Furnishings,2,54.74,0.0,109.48
CA-2017-105214,TS-21610,2017-06-16,Furniture,Chairs,7,173.28,0.2,1212.96
CA-2017-105214,TS-21610,2017-06-16,Office Supplies,Paper,2,9.27,0.0,18.54
CA-2015-117611,MZ-17335,2015-11-08,Office Supplies,Fasteners,1,5.0,0.0,5.0
CA-2015-117611,MZ-17335,2015-11-08,Technology,Accessories,3,123.99,0.0,371.97
US-2015-137960,MW-18220,2015-12-18,Technology,Accessories,1,166.24,0.0,166.24
CA-2017-122994,MV-17485,2017-02-06,Furniture,Bookcases,3,119.99,0.0,359.97
CA-2016-131065,AA-10375,2016-11-14,Technology,Accessories,2,249.99,0.0,499.98
CA-2016-131065,AA-10375,2016-11-14,Office Supplies,Paper,1,5.28,0.0,5.28
CA-2016-131065,AA-10375,2016-11-14,Office Supplies,Binders,2,4.13,0.0,8.26
CA-2017-149146,SM-20320,2017-10-12,Office Supplies,Paper,2,3.98,0.2,7.97
CA-2017-137470,TP-21415,2017-09-17,Office Supplies,Paper,2,6.48,0.0,12.96
CA-2017-105480,DK-13225,2017-12-20,Office Supplies,Paper,1,6.48,0.0,6.48
CA-2017-105480,DK-13225,2017-12-20,Office Supplies,Binders,1,6.98,0.2,6.98
CA-2017-164917,MK-17905,2017-12-02,Office Supplies,Art,5,9.59,0.2,47.96
CA-2015-102036,CS-12130,2015-09-21,Office Supplies,Storage,6,33.29,0.0,199.74
CA-2015-142944,JL-15850,2015-03-06,Furniture,Furnishings,7,62.18,0.0,435.26
CA-2015-142944,JL-15850,2015-03-06,Technology,Copiers,2,559.99,0.2,1119.98
CA-2014-157882,AR-10405,2014-10-03,Furniture,Tables,1,143.43,0.2,143.43
CA-2014-157882,AR-10405,2014-10-03,Furniture,Chairs,3,40.78,0.2,122.35
CA-2014-104283,LM-17065,2014-06-27,Office Supplies,Storage,5,61.24,0.0,306.2
CA-2014-104283,LM-17065,2014-06-27,Furniture,Tables,1,85.98,0.0,85.98
CA-2014-104283,LM-17065,2014-06-27,Technology,Accessories,4,55.99,0.0,223.96
CA-2017-142622,JK-15625,2017-10-30,Furniture,Chairs,2,48.78,0.2,97.57
CA-2017-142622,JK-15625,2017-10-30,Furniture,Chairs,8,76.78,0.2,614.27
CA-2017-142622,JK-15625,2017-10-30,Furniture,Bookcases,2,99.99,0.0,199.98
CA-2016-132143,FM-14215,2016-09-03,Office Supplies,Paper,7,6.88,0.0,48.16
CA-2015-153108,SF-20200,2015-03-05,Technology,Phones,2,11.96,0.0,23.92
CA-2015-153108,SF-20200,2015-03-05,Office Supplies,Appliances,7,8.67,0.0,60.69
CA-2016-112676,PJ-18835,2016-05-05,Office Supplies,Paper,3,4.78,0.2,14.35
CA-2017-165687,CS-12355,2017-11-17,Office Supplies,Appliances,2,17.52,0.0,35.04
US-2017-112928,BB-10990,2017-06-01,Office Supplies,Appliances,5,3.5,0.2,17.48
CA-2017-143343,BW-11200,2017-06-10,Office Supplies,Art,5,3.28,0.0,16.4
CA-2017-115154,RS-19420,2017-01-08,Furniture,Tables,2,446.49,0.0,892.98
CA-2015-149342,TS-21160,2015-04-20,Technology,Phones,3,95.99,0.0,287.97
CA-2015-149342,TS-21160,2015-04-20,Furniture,Furnishings,6,99.23,0.0,595.38
CA-2015-149342,TS-21160,2015-04-20,Office Supplies,Paper,2,6.48,0.0,12.96
CA-2015-130995,QJ-19255,2015-11-01,Technology,Phones,1,4.95,0.0,4.95
CA-2017-127929,FM-14215,2017-12-23,Furniture,Furnishings,3,60.65,0.0,181.95
CA-2015-113145,VD-21670,2015-11-01,Office Supplies,Paper,4,3.38,0.0,13.52
CA-2015-113145,VD-21670,2015-11-01,Furniture,Furnishings,5,51.94,0.0,259.7
CA-2015-113145,VD-21670,2015-11-01,Technology,Phones,1,42.95,0.0,42.95
CA-2015-113145,VD-21670,2015-11-01,Technology,Accessories,7,199.99,0.0,1399.93
CA-2015-113145,VD-21670,2015-11-01,Technology,Phones,4,125.99,0.0,503.96
CA-2014-162362,JL-15505,2014-11-14,Office Supplies,Binders,3,4.24,0.0,12.72
CA-2014-162362,JL-15505,2014-11-14,Office Supplies,Binders,4,2.88,0.0,11.52
CA-2016-106558,DL-13495,2016-01-17,Technology,Accessories,4,79.0,0.0,316.0
CA-2017-157931,MO-17800,2017-09-17,Furniture,Chairs,4,180.98,0.0,723.92
CA-2017-157931,MO-17800,2017-09-17,Office Supplies,Paper,3,35.44,0.0,106.32
CA-2016-115574,BP-11185,2016-12-23,Furniture,Bookcases,2,70.69,0.3,141.37
CA-2015-160794,MS-17980,2015-08-06,Office Supplies,Paper,3,9.07,0.2,27.22
CA-2017-116225,SV-20935,2017-11-05,Technology,Accessories,5,78.15,0.0,390.75
US-2017-120418,BC-11125,2017-06-11,Furniture,Chairs,1,280.79,0.2,280.79
US-2017-120418,BC-11125,2017-06-11,Office Supplies,Storage,4,17.11,0.2,68.45
US-2017-120418,BC-11125,2017-06-11,Office Supplies,Art,5,17.61,0.2,88.04
US-2017-120418,BC-11125,2017-06-11,Office Supplies,Art,1,15.87,0.2,15.87
US-2017-120418,BC-11125,2017-06-11,Office Supplies,Storage,3,71.86,0.2,215.59
CA-2017-122035,EM-13825,2017-07-20,Office Supplies,Labels,2,7.31,0.0,14.62
CA-2017-122035,EM-13825,2017-07-20,Office Supplies,Appliances,2,208.16,0.0,416.32
CA-2017-122035,EM-13825,2017-07-20,Office Supplies,Binders,5,8.6,0.0,43.0
CA-2017-122035,EM-13825,2017-07-20,Furniture,Chairs,3,60.98,0.0,182.94
CA-2017-122035,EM-13825,2017-07-20,Office Supplies,Binders,7,8.69,0.0,60.83
CA-2017-122035,EM-13825,2017-07-20,Technology,Accessories,3,129.99,0.0,389.97
CA-2015-117828,BD-11500,2015-12-23,Office Supplies,Appliances,4,48.58,0.0,194.32
CA-2017-165491,HW-14935,2017-03-20,Technology,Accessories,7,37.99,0.0,265.93
CA-2015-109470,KC-16255,2015-12-31,Office Supplies,Binders,3,31.58,0.0,94.74
CA-2015-109470,KC-16255,2015-12-31,Office Supplies,Binders,4,15.16,0.0,60.64
CA-2015-109470,KC-16255,2015-12-31,Office Supplies,Binders,5,15.26,0.0,76.3
CA-2015-109470,KC-16255,2015-12-31,Office Supplies,Binders,12,30.4,0.0,364.8
CA-2015-105102,BM-11575,2015-09-15,Office Supplies,Binders,3,26.62,0.2,79.87
CA-2015-105102,BM-11575,2015-09-15,Furniture,Bookcases,1,46.38,0.2,46.38
CA-2015-105102,BM-11575,2015-09-15,Office Supplies,Paper,2,6.48,0.0,12.96
CA-2017-138422,KN-16705,2017-09-23,Office Supplies,Envelopes,3,4.78,0.2,14.35
US-2015-147739,JD-16150,2015-12-25,Furniture,Furnishings,4,136.78,0.2,547.14
CA-2016-155187,LA-16780,2016-09-24,Office Supplies,Storage,2,20.98,0.0,41.96
CA-2016-155187,LA-16780,2016-09-24,Office Supplies,Paper,5,8.34,0.0,41.7
CA-2017-169285,RW-19690,2017-03-21,Office Supplies,Paper,5,55.48,0.0,277.4
CA-2017-169285,RW-19690,2017-03-21,Office Supplies,Paper,1,5.78,0.0,5.78
CA-2014-140886,KW-16570,2014-09-30,Office Supplies,Appliances,6,11.54,0.2,69.22
CA-2017-152695,CC-12220,2017-12-10,Office Supplies,Envelopes,3,3.62,0.0,10.86
CA-2017-152695,CC-12220,2017-12-10,Office Supplies,Appliances,7,60.97,0.0,426.79
CA-2014-110639,RH-19495,2014-08-23,Office Supplies,Paper,4,6.48,0.0,25.92
CA-2014-110639,RH-19495,2014-08-23,Office Supplies,Paper,4,11.48,0.0,45.92
CA-2014-121727,JK-15625,2014-08-19,Office Supplies,Art,2,5.36,0.2,10.72
CA-2016-137736,DC-13285,2016-11-10,Office Supplies,Art,7,5.98,0.0,41.86
US-2014-143231,GM-14455,2014-12-31,Furniture,Furnishings,5,12.64,0.0,63.2
US-2014-143231,GM-14455,2014-12-31,Technology,Accessories,3,37.99,0.0,113.97
US-2014-155894,CL-11890,2014-07-26,Office Supplies,Storage,3,41.18,0.2,123.55
CA-2016-119025,PV-18985,2016-02-22,Office Supplies,Appliances,9,54.48,0.0,490.32
CA-2016-159373,LT-17110,2016-03-13,Office Supplies,Paper,5,14.02,0.2,70.08
CA-2016-159373,LT-17110,2016-03-13,Office Supplies,Binders,2,0.64,0.8,1.27
CA-2016-159373,LT-17110,2016-03-13,Furniture,Tables,5,111.52,0.3,557.58
CA-2017-109701,AM-10360,2017-12-02,Office Supplies,Binders,6,1.5,0.2,9.02
CA-2017-109701,AM-10360,2017-12-02,Office Supplies,Binders,2,34.73,0.2,69.46
CA-2017-109701,AM-10360,2017-12-02,Office Supplies,Paper,2,5.43,0.0,10.86
CA-2017-109701,AM-10360,2017-12-02,Office Supplies,Appliances,3,26.49,0.0,79.47
CA-2017-109701,AM-10360,2017-12-02,Office Supplies,Art,6,1.68,0.0,10.08
CA-2015-111514,SC-20260,2015-08-31,Furniture,Bookcases,7,221.83,0.15,1552.83
CA-2015-111514,SC-20260,2015-08-31,Office Supplies,Binders,5,27.45,0.2,137.24
CA-2015-111514,SC-20260,2015-08-31,Technology,Accessories,1,36.51,0.0,36.51
CA-2015-111514,SC-20260,2015-08-31,Technology,Machines,3,79.99,0.2,239.98
US-2014-148838,CP-12340,2014-03-17,Furniture,Tables,7,225.68,0.4,1579.75
US-2014-148838,CP-12340,2014-03-17,Furniture,Tables,4,267.89,0.4,1071.58
US-2014-148838,CP-12340,2014-03-17,Furniture,Tables,3,204.64,0.4,613.91
US-2014-148838,CP-12340,2014-03-17,Office Supplies,Paper,7,4.98,0.0,34.86
US-2014-148838,CP-12340,2014-03-17,Office Supplies,Paper,4,38.76,0.0,155.04
CA-2017-136497,RF-19840,2017-04-16,Office Supplies,Binders,5,2.74,0.7,13.71
US-2016-108637,AB-10060,2016-03-13,Furniture,Furnishings,2,63.94,0.0,127.88
US-2016-108637,AB-10060,2016-03-13,Office Supplies,Appliances,2,80.16,0.0,160.32
US-2016-108637,AB-10060,2016-03-13,Office Supplies,Binders,4,11.5,0.0,46.0
CA-2014-102295,EH-13990,2014-11-24,Furniture,Chairs,1,120.71,0.2,120.71
CA-2017-123659,MN-17935,2017-02-10,Office Supplies,Paper,4,5.78,0.0,23.12
US-2016-129469,KL-16555,2016-09-23,Furniture,Furnishings,6,88.78,0.2,532.7
US-2016-129469,KL-16555,2016-09-23,Office Supplies,Art,2,2.46,0.2,4.91
CA-2017-155152,MP-17965,2017-07-07,Technology,Accessories,4,63.0,0.0,252.0
CA-2016-159940,BF-11020,2016-07-07,Furniture,Furnishings,8,7.54,0.6,60.29
CA-2016-159940,BF-11020,2016-07-07,Office Supplies,Fasteners,1,2.63,0.2,2.63
CA-2016-159940,BF-11020,2016-07-07,Office Supplies,Paper,9,2.63,0.2,23.69
CA-2016-159940,BF-11020,2016-07-07,Furniture,Chairs,2,126.69,0.3,253.37
CA-2017-119669,TP-21130,2017-01-24,Office Supplies,Fasteners,3,1.89,0.0,5.67
US-2014-164616,MS-17770,2014-08-19,Office Supplies,Binders,4,19.19,0.7,76.78
US-2014-164616,MS-17770,2014-08-19,Office Supplies,Supplies,2,4.59,0.2,9.18
CA-2015-148628,KM-16375,2015-12-06,Office Supplies,Paper,5,6.55,0.0,32.75
CA-2016-118052,BE-11455,2016-05-06,Office Supplies,Fasteners,2,3.61,0.2,7.22
CA-2016-118052,BE-11455,2016-05-06,Office Supplies,Paper,2,24.78,0.2,49.57
CA-2016-118052,BE-11455,2016-05-06,Furniture,Furnishings,7,7.82,0.2,54.71
US-2017-117534,CV-12295,2017-03-25,Office Supplies,Appliances,4,44.01,0.0,176.04
US-2017-117534,CV-12295,2017-03-25,Office Supplies,Art,9,1.78,0.0,16.02
US-2017-117534,CV-12295,2017-03-25,Office Supplies,Binders,4,46.48,0.2,185.92
US-2017-117534,CV-12295,2017-03-25,Technology,Phones,4,52.79,0.2,211.17
US-2017-117534,CV-12295,2017-03-25,Technology,Copiers,2,239.99,0.2,479.98
CA-2015-145065,DK-13375,2015-12-12,Office Supplies,Fasteners,2,3.93,0.0,7.86
CA-2015-145065,DK-13375,2015-12-12,Office Supplies,Binders,2,12.22,0.2,24.45
US-2015-127040,SG-20605,2015-12-06,Office Supplies,Paper,1,6.48,0.0,6.48
US-2015-127040,SG-20605,2015-12-06,Office Supplies,Paper,7,5.98,0.0,41.86
US-2015-127040,SG-20605,2015-12-06,Technology,Accessories,9,179.99,0.0,1619.91
US-2015-127040,SG-20605,2015-12-06,Furniture,Furnishings,4,28.48,0.0,113.92
CA-2016-128111,CS-12355,2016-03-17,Office Supplies,Art,2,19.84,0.0,39.68
CA-2015-137897,PJ-18835,2015-11-14,Technology,Accessories,2,18.8,0.0,37.6
CA-2015-137897,PJ-18835,2015-11-14,Technology,Accessories,2,29.95,0.0,59.9
CA-2015-137897,PJ-18835,2015-11-14,Office Supplies,Paper,5,7.4,0.0,37.0
CA-2017-169264,NP-18700,2017-08-14,Office Supplies,Labels,2,2.88,0.0,5.76
CA-2017-169264,NP-18700,2017-08-14,Office Supplies,Art,6,2.78,0.0,16.68
CA-2017-147361,SB-20290,2017-09-09,Office Supplies,Storage,7,89.83,0.0,628.81
CA-2017-147361,SB-20290,2017-09-09,Office Supplies,Storage,5,11.29,0.0,56.45
CA-2017-145877,AS-10090,2017-04-01,Office Supplies,Storage,6,15.7,0.0,94.2
CA-2017-145877,AS-10090,2017-04-01,Office Supplies,Envelopes,5,5.68,0.0,28.4
US-2016-110170,HM-14860,2016-09-27,Furniture,Bookcases,7,136.67,0.32,956.66
CA-2017-108574,MG-18145,2017-10-07,Technology,Accessories,9,123.99,0.0,1115.91
CA-2017-108574,MG-18145,2017-10-07,Technology,Phones,7,18.39,0.2,128.74
CA-2017-108574,MG-18145,2017-10-07,Technology,Phones,10,7.99,0.2,79.92
CA-2017-144589,TM-21010,2017-01-20,Office Supplies,Art,5,4.84,0.0,24.2
CA-2017-144589,TM-21010,2017-01-20,Technology,Phones,3,119.99,0.2,359.98
CA-2017-155985,BE-11335,2017-03-23,Furniture,Furnishings,8,26.48,0.0,211.84
CA-2014-162684,AS-10630,2014-08-01,Office Supplies,Fasteners,2,2.84,0.2,5.68
CA-2015-142041,EM-13810,2015-06-07,Office Supplies,Binders,5,1.5,0.2,7.52
CA-2014-151295,JA-15970,2014-11-12,Office Supplies,Paper,2,5.98,0.0,11.96
CA-2014-151295,JA-15970,2014-11-12,Furniture,Tables,3,209.69,0.2,629.06
CA-2016-156300,TB-21595,2016-12-29,Furniture,Chairs,5,150.89,0.0,754.45
CA-2015-146087,PP-18955,2015-07-06,Furniture,Bookcases,2,150.98,0.0,301.96
CA-2017-168655,ML-18040,2017-10-12,Technology,Accessories,5,119.0,0.0,595.0
CA-2017-168655,ML-18040,2017-10-12,Office Supplies,Binders,3,26.62,0.2,79.87
CA-2016-107202,LC-16930,2016-05-21,Technology,Machines,10,239.64,0.2,2396.4
CA-2017-159597,MC-17590,2017-11-09,Office Supplies,Storage,2,31.78,0.0,63.56
CA-2017-159597,MC-17590,2017-11-09,Technology,Accessories,1,99.99,0.0,99.99
CA-2016-155551,CR-12580,2016-04-18,Office Supplies,Storage,3,76.79,0.2,230.38
CA-2016-155551,CR-12580,2016-04-18,Office Supplies,Paper,2,4.83,0.2,9.66
US-2017-147669,SV-20935,2017-12-25,Technology,Accessories,7,22.7,0.2,158.93
US-2017-147669,SV-20935,2017-12-25,Office Supplies,Binders,1,13.02,0.7,13.02
US-2017-147669,SV-20935,2017-12-25,Furniture,Tables,2,136.53,0.4,273.06
US-2017-147669,SV-20935,2017-12-25,Office Supplies,Fasteners,13,3.02,0.2,39.31
CA-2016-169922,MZ-17515,2016-06-11,Office Supplies,Binders,4,0.34,0.8,1.34
CA-2016-169922,MZ-17515,2016-06-11,Office Supplies,Binders,4,2.07,0.8,8.27
CA-2016-169922,MZ-17515,2016-06-11,Furniture,Furnishings,7,1.79,0.6,12.54
CA-2017-100748,RB-19795,2017-05-13,Office Supplies,Labels,8,7.31,0.0,58.48
CA-2017-129805,HM-14860,2017-12-28,Furniture,Furnishings,2,3.7,0.0,7.4
CA-2014-148586,AZ-10750,2014-03-25,Furniture,Chairs,7,52.4,0.1,366.79
US-2017-112613,JH-15910,2017-05-28,Technology,Phones,4,13.59,0.2,54.37
CA-2015-154746,PJ-18835,2015-11-14,Office Supplies,Envelopes,2,16.98,0.0,33.96
CA-2015-154746,PJ-18835,2015-11-14,Office Supplies,Appliances,3,275.37,0.0,826.11
CA-2017-140053,CA-12265,2017-07-03,Furniture,Furnishings,9,60.65,0.0,545.85
CA-2014-164210,PW-19240,2014-11-18,Furniture,Tables,2,72.99,0.5,145.98
CA-2014-164210,PW-19240,2014-11-18,Office Supplies,Paper,4,8.95,0.2,35.81
CA-2017-139948,SW-20455,2017-07-17,Furniture,Furnishings,2,3.95,0.2,7.9
CA-2016-146934,AF-10870,2016-05-22,Technology,Phones,5,69.0,0.0,345.0
CA-2016-146934,AF-10870,2016-05-22,Furniture,Tables,2,87.14,0.3,174.29
CA-2016-146934,AF-10870,2016-05-22,Office Supplies,Appliances,4,165.71,0.0,662.84
CA-2016-146934,AF-10870,2016-05-22,Technology,Accessories,5,19.02,0.0,95.1
CA-2016-146934,AF-10870,2016-05-22,Office Supplies,Envelopes,6,4.48,0.0,26.88
CA-2016-146934,AF-10870,2016-05-22,Technology,Phones,2,128.99,0.0,257.98
CA-2015-100573,AM-10705,2015-09-25,Office Supplies,Envelopes,2,8.74,0.0,17.48
CA-2016-119165,BD-11320,2016-10-31,Furniture,Chairs,5,98.57,0.3,492.84
CA-2015-128027,CM-12385,2015-09-14,Office Supplies,Storage,3,89.83,0.0,269.49
CA-2016-140207,CS-12400,2016-11-05,Office Supplies,Binders,5,5.82,0.2,29.12
CA-2017-140949,DB-13405,2017-03-17,Office Supplies,Labels,5,3.75,0.0,18.75
CA-2017-140949,DB-13405,2017-03-17,Technology,Phones,6,19.95,0.0,119.7
CA-2017-140949,DB-13405,2017-03-17,Office Supplies,Binders,3,3.05,0.2,9.14
CA-2017-140949,DB-13405,2017-03-17,Technology,Accessories,3,19.02,0.0,57.06
CA-2017-140949,DB-13405,2017-03-17,Technology,Accessories,8,8.95,0.0,71.6
CA-2017-140949,DB-13405,2017-03-17,Office Supplies,Storage,8,13.43,0.0,107.44
CA-2017-140949,DB-13405,2017-03-17,Office Supplies,Labels,1,7.31,0.0,7.31
CA-2017-140949,DB-13405,2017-03-17,Office Supplies,Art,6,9.85,0.0,59.1
CA-2017-140949,DB-13405,2017-03-17,Office Supplies,Storage,3,15.51,0.0,46.53
CA-2017-138548,JG-15160,2017-08-15,Office Supplies,Appliances,2,48.92,0.0,97.84
CA-2015-142419,SC-20380,2015-07-11,Office Supplies,Paper,3,9.99,0.0,29.97
CA-2015-142419,SC-20380,2015-07-11,Office Supplies,Binders,3,32.78,0.2,98.35
CA-2017-148691,CS-12460,2017-12-03,Office Supplies,Binders,5,16.78,0.2,83.92
CA-2017-148691,CS-12460,2017-12-03,Office Supplies,Binders,2,7.31,0.2,14.62
CA-2017-148691,CS-12460,2017-12-03,Technology,Phones,1,136.99,0.0,136.99
CA-2017-148691,CS-12460,2017-12-03,Office Supplies,Labels,1,3.15,0.0,3.15
CA-2017-128755,MK-18160,2017-05-04,Office Supplies,Paper,1,9.11,0.0,9.11
CA-2017-128755,MK-18160,2017-05-04,Office Supplies,Storage,4,142.86,0.0,571.44
CA-2017-128755,MK-18160,2017-05-04,Office Supplies,Paper,5,6.48,0.0,32.4
CA-2017-128755,MK-18160,2017-05-04,Office Supplies,Storage,1,16.91,0.0,16.91
US-2016-135923,CM-11935,2016-01-22,Furniture,Furnishings,8,1.78,0.2,14.27
US-2016-135923,CM-11935,2016-01-22,Furniture,Bookcases,4,112.78,0.2,451.14
US-2016-135923,CM-11935,2016-01-22,Office Supplies,Appliances,4,16.22,0.2,64.86
CA-2016-114972,PF-19225,2016-11-03,Furniture,Chairs,2,108.79,0.2,217.58
CA-2016-114972,PF-19225,2016-11-03,Technology,Accessories,5,16.59,0.0,82.95
CA-2016-114972,PF-19225,2016-11-03,Office Supplies,Labels,7,12.53,0.0,87.71
CA-2016-114972,PF-19225,2016-11-03,Office Supplies,Appliances,4,275.37,0.0,1101.48
CA-2017-102750,GM-14695,2017-09-04,Furniture,Tables,3,440.78,0.2,1322.35
CA-2014-145212,DC-12850,2014-09-13,Office Supplies,Art,3,1.82,0.0,5.46
CA-2017-141992,FO-14305,2017-06-19,Office Supplies,Supplies,1,11.18,0.2,11.18
CA-2017-141992,FO-14305,2017-06-19,Office Supplies,Storage,2,76.79,0.2,153.58
CA-2017-147956,AH-10210,2017-12-24,Office Supplies,Storage,6,167.27,0.0,1003.62
CA-2017-126067,KN-16705,2017-08-28,Technology,Phones,4,8.79,0.2,35.17
CA-2017-126067,KN-16705,2017-08-28,Furniture,Tables,5,227.55,0.0,1137.75
CA-2017-126067,KN-16705,2017-08-28,Office Supplies,Binders,5,19.94,0.2,99.68
CA-2017-126067,KN-16705,2017-08-28,Office Supplies,Art,2,2.78,0.0,5.56
CA-2015-104514,CB-12535,2015-01-02,Office Supplies,Storage,2,42.76,0.0,85.52
CA-2015-104514,CB-12535,2015-01-02,Office Supplies,Art,3,3.28,0.0,9.84
CA-2015-104514,CB-12535,2015-01-02,Office Supplies,Paper,3,6.68,0.0,20.04
CA-2015-141040,TB-21250,2015-10-09,Technology,Phones,4,157.99,0.0,631.96
CA-2015-141040,TB-21250,2015-10-09,Office Supplies,Paper,4,5.98,0.0,23.92
CA-2014-113579,KD-16345,2014-12-13,Office Supplies,Paper,6,15.04,0.0,90.24
CA-2014-144624,JM-15865,2014-11-19,Technology,Phones,7,649.83,0.0,4548.81
CA-2016-146206,KT-16480,2016-09-10,Furniture,Tables,5,60.19,0.3,300.93
CA-2016-146206,KT-16480,2016-09-10,Technology,Phones,5,143.99,0.2,719.96
CA-2014-136644,SC-20575,2014-06-16,Furniture,Chairs,8,80.98,0.0,647.84
CA-2015-122371,BS-11800,2015-09-26,Office Supplies,Storage,3,21.39,0.0,64.17
CA-2015-122371,BS-11800,2015-09-26,Office Supplies,Envelopes,2,62.23,0.0,124.46
CA-2016-126935,BT-11395,2016-05-19,Office Supplies,Binders,1,9.58,0.2,9.58
US-2017-133781,DC-12850,2017-06-22,Office Supplies,Envelopes,3,12.54,0.2,37.61
CA-2017-131618,LS-17200,2017-06-17,Office Supplies,Paper,2,6.11,0.2,12.22
CA-2017-131618,LS-17200,2017-06-17,Office Supplies,Binders,4,0.58,0.8,2.3
CA-2017-131618,LS-17200,2017-06-17,Office Supplies,Binders,4,2.34,0.8,9.36
CA-2016-149482,RR-19315,2016-11-14,Office Supplies,Labels,2,3.69,0.0,7.38
CA-2014-143917,KL-16645,2014-07-25,Office Supplies,Storage,4,13.43,0.0,53.72
CA-2014-143917,KL-16645,2014-07-25,Office Supplies,Supplies,5,1637.53,0.0,8187.65
CA-2014-143917,KL-16645,2014-07-25,Furniture,Furnishings,8,9.74,0.0,77.92
CA-2015-120397,RB-19435,2015-07-02,Office Supplies,Appliances,4,8.2,0.8,32.78
CA-2017-163902,MY-17380,2017-03-02,Technology,Phones,3,65.59,0.2,196.78
CA-2017-163902,MY-17380,2017-03-02,Technology,Accessories,6,79.99,0.0,479.94
CA-2016-136812,AW-10930,2016-11-18,Office Supplies,Storage,4,279.48,0.0,1117.92
CA-2015-102722,KW-16570,2015-04-18,Technology,Accessories,6,17.75,0.0,106.5
CA-2017-155089,DB-12910,2017-12-02,Office Supplies,Binders,5,9.13,0.7,45.66
CA-2016-124506,BB-11545,2016-11-11,Technology,Accessories,4,23.99,0.2,95.97
CA-2016-124506,BB-11545,2016-11-11,Furniture,Chairs,2,24.0,0.3,47.99
CA-2014-106572,NP-18700,2014-09-05,Office Supplies,Storage,2,132.16,0.2,264.32
CA-2014-128888,PB-19105,2014-11-15,Office Supplies,Envelopes,9,67.18,0.2,604.66
CA-2017-123134,DW-13585,2017-05-02,Furniture,Furnishings,3,43.31,0.0,129.93
CA-2016-124352,CD-12790,2016-10-15,Office Supplies,Labels,7,2.88,0.0,20.16
CA-2016-124352,CD-12790,2016-10-15,Office Supplies,Labels,6,4.91,0.0,29.46
CA-2016-124352,CD-12790,2016-10-15,Office Supplies,Appliances,3,289.53,0.0,868.59
CA-2016-124352,CD-12790,2016-10-15,Office Supplies,Paper,2,6.48,0.0,12.96
CA-2016-124352,CD-12790,2016-10-15,Technology,Phones,1,5.5,0.0,5.5
CA-2016-124352,CD-12790,2016-10-15,Office Supplies,Binders,4,30.4,0.0,121.6
CA-2015-124541,TT-21220,2015-04-06,Office Supplies,Art,9,4.67,0.2,42.05
CA-2015-124541,TT-21220,2015-04-06,Technology,Accessories,2,12.74,0.2,25.49
CA-2015-124541,TT-21220,2015-04-06,Office Supplies,Binders,3,2.3,0.8,6.9
CA-2015-124541,TT-21220,2015-04-06,Office Supplies,Binders,6,1.61,0.8,9.65
CA-2015-124541,TT-21220,2015-04-06,Office Supplies,Paper,2,3.98,0.2,7.97
CA-2014-108707,DB-12910,2014-10-24,Office Supplies,Paper,2,5.18,0.2,10.37
CA-2014-111500,DJ-13510,2014-08-17,Office Supplies,Paper,5,22.84,0.0,114.2
CA-2014-111500,DJ-13510,2014-08-17,Office Supplies,Binders,4,4.49,0.0,17.96
CA-2014-111500,DJ-13510,2014-08-17,Office Supplies,Fasteners,7,1.81,0.0,12.67
CA-2014-111500,DJ-13510,2014-08-17,Technology,Accessories,4,84.99,0.0,339.96
US-2017-117723,DL-13495,2017-08-15,Office Supplies,Storage,6,300.27,0.2,1801.63
CA-2015-143238,LO-17170,2015-09-06,Technology,Accessories,4,11.58,0.0,46.32
CA-2015-168746,SV-20365,2015-01-27,Furniture,Chairs,2,90.99,0.3,181.99
CA-2015-168746,SV-20365,2015-01-27,Technology,Phones,4,107.99,0.4,431.98
CA-2015-168746,SV-20365,2015-01-27,Technology,Phones,1,155.37,0.4,155.37
CA-2015-113404,EM-13810,2015-07-16,Furniture,Chairs,6,224.78,0.2,1348.7
CA-2015-113404,EM-13810,2015-07-16,Furniture,Chairs,3,233.38,0.2,700.15
CA-2016-144792,KD-16615,2016-04-30,Furniture,Furnishings,7,15.98,0.2,111.89
CA-2014-164385,NB-18580,2014-09-26,Office Supplies,Appliances,3,47.98,0.2,143.95
US-2016-114174,AP-10720,2016-09-08,Furniture,Bookcases,3,57.98,0.0,173.94
US-2016-114174,AP-10720,2016-09-08,Office Supplies,Labels,4,3.69,0.0,14.76
CA-2017-108070,JE-15745,2017-04-16,Office Supplies,Storage,4,51.48,0.0,205.92
CA-2017-108070,JE-15745,2017-04-16,Furniture,Bookcases,1,102.83,0.15,102.83
US-2015-128090,JM-15865,2015-08-16,Office Supplies,Art,1,2.3,0.2,2.3
US-2015-128090,JM-15865,2015-08-16,Technology,Phones,5,375.99,0.2,1879.96
US-2015-128090,JM-15865,2015-08-16,Office Supplies,Paper,8,39.13,0.2,313.02
US-2015-128090,JM-15865,2015-08-16,Office Supplies,Labels,2,2.52,0.2,5.04
CA-2017-101042,AB-10105,2017-11-19,Furniture,Furnishings,6,136.98,0.0,821.88
CA-2017-101042,AB-10105,2017-11-19,Office Supplies,Binders,2,10.98,0.0,21.96
CA-2016-155439,PN-18775,2016-09-14,Office Supplies,Paper,4,6.48,0.0,25.92
CA-2016-118626,JC-15775,2016-08-15,Technology,Phones,7,100.79,0.2,705.54
CA-2015-111458,PF-19165,2015-09-26,Technology,Accessories,2,25.0,0.0,50.0
US-2016-126844,BW-11110,2016-10-08,Furniture,Furnishings,8,6.46,0.6,51.71
US-2015-112508,BP-11185,2015-03-24,Office Supplies,Appliances,2,3.5,0.2,6.99
CA-2015-147788,TM-21010,2015-05-31,Furniture,Bookcases,7,200.98,0.0,1406.86
CA-2015-147788,TM-21010,2015-05-31,Office Supplies,Labels,5,3.15,0.0,15.75
CA-2015-147788,TM-21010,2015-05-31,Office Supplies,Storage,2,161.55,0.0,323.1
CA-2015-144288,MB-17305,2015-12-25,Office Supplies,Labels,4,2.3,0.2,9.22
CA-2015-144288,MB-17305,2015-12-25,Office Supplies,Paper,2,5.18,0.2,10.37
CA-2015-110632,HR-14830,2015-03-17,Technology,Accessories,1,15.02,0.0,15.02
CA-2015-110632,HR-14830,2015-03-17,Office Supplies,Storage,2,16.91,0.0,33.82
CA-2017-109589,BD-11635,2017-12-21,Technology,Accessories,4,17.75,0.0,71.0
CA-2017-123967,SF-20200,2017-11-01,Office Supplies,Binders,5,5.02,0.2,25.12
CA-2017-123967,SF-20200,2017-11-01,Furniture,Tables,9,296.18,0.0,2665.62
CA-2017-148929,SP-20620,2017-09-07,Office Supplies,Storage,8,59.76,0.0,478.08
CA-2017-134404,DR-12880,2017-12-27,Technology,Phones,2,82.19,0.4,164.39
CA-2017-134404,DR-12880,2017-12-27,Office Supplies,Art,4,3.31,0.2,13.25
CA-2017-109778,VM-21685,2017-07-16,Office Supplies,Art,2,1.46,0.2,2.91
CA-2016-155845,CM-12235,2016-08-12,Technology,Accessories,7,199.99,0.2,1399.94
CA-2017-145128,SM-20320,2017-07-09,Furniture,Furnishings,5,105.29,0.0,526.45
CA-2014-129091,RA-19885,2014-11-22,Office Supplies,Envelopes,3,5.41,0.0,16.23
CA-2014-129091,RA-19885,2014-11-22,Office Supplies,Binders,5,63.98,0.0,319.9
CA-2014-129091,RA-19885,2014-11-22,Office Supplies,Envelopes,2,5.68,0.0,11.36
CA-2014-129091,RA-19885,2014-11-22,Office Supplies,Appliances,3,225.04,0.0,675.12
US-2014-155502,SD-20485,2014-01-26,Furniture,Furnishings,3,20.94,0.0,62.82
US-2014-155502,SD-20485,2014-01-26,Office Supplies,Storage,8,61.24,0.0,489.92
US-2014-155502,SD-20485,2014-01-26,Office Supplies,Paper,3,6.48,0.0,19.44
US-2014-155502,SD-20485,2014-01-26,Office Supplies,Paper,2,8.34,0.0,16.68
US-2014-155502,SD-20485,2014-01-26,Technology,Phones,13,11.95,0.0,155.35
US-2014-155502,SD-20485,2014-01-26,Furniture,Furnishings,3,4.14,0.0,12.42
US-2014-155502,SD-20485,2014-01-26,Technology,Phones,2,93.99,0.0,187.98
CA-2015-121041,CS-12250,2015-11-03,Office Supplies,Envelopes,2,3.3,0.2,6.61
CA-2017-131695,RA-19285,2017-06-30,Office Supplies,Storage,7,35.51,0.0,248.57
CA-2017-131695,RA-19285,2017-06-30,Furniture,Furnishings,1,22.23,0.0,22.23
CA-2016-137729,BF-11005,2016-05-05,Office Supplies,Storage,1,5.98,0.0,5.98
CA-2016-137729,BF-11005,2016-05-05,Technology,Phones,3,82.06,0.2,246.17
US-2016-115455,SE-20110,2016-09-08,Furniture,Furnishings,2,7.07,0.6,14.14
US-2016-115455,SE-20110,2016-09-08,Furniture,Tables,3,200.49,0.5,601.47
CA-2017-128300,RS-19765,2017-11-24,Technology,Phones,2,39.55,0.0,79.1
CA-2017-128300,RS-19765,2017-11-24,Office Supplies,Binders,8,40.98,0.0,327.84
CA-2017-149048,BM-11650,2017-05-13,Office Supplies,Envelopes,2,90.48,0.0,180.96
CA-2017-149048,BM-11650,2017-05-13,Office Supplies,Binders,3,304.99,0.0,914.97
CA-2017-149048,BM-11650,2017-05-13,Technology,Phones,3,195.99,0.0,587.97
CA-2017-149048,BM-11650,2017-05-13,Office Supplies,Storage,2,265.17,0.0,530.34
CA-2017-149048,BM-11650,2017-05-13,Office Supplies,Paper,3,4.98,0.0,14.94
CA-2017-108553,SK-19990,2017-04-23,Office Supplies,Appliances,2,60.97,0.0,121.94
CA-2017-108553,SK-19990,2017-04-23,Office Supplies,Supplies,7,17.53,0.0,122.71
CA-2016-165848,EN-13780,2016-06-04,Office Supplies,Paper,3,4.98,0.0,14.94
CA-2016-165848,EN-13780,2016-06-04,Technology,Machines,3,449.95,0.0,1349.85
CA-2016-165848,EN-13780,2016-06-04,Furniture,Bookcases,1,136.78,0.2,136.78
CA-2016-165848,EN-13780,2016-06-04,Furniture,Furnishings,4,15.28,0.0,61.12
CA-2014-112718,KN-16450,2014-12-16,Office Supplies,Binders,1,1.17,0.7,1.17
CA-2016-154053,MG-17890,2016-03-04,Office Supplies,Art,1,16.99,0.0,16.99
CA-2014-127446,MC-17590,2014-11-25,Technology,Accessories,3,8.22,0.2,24.67
CA-2014-127446,MC-17590,2014-11-25,Office Supplies,Labels,1,2.52,0.2,2.52
CA-2014-127446,MC-17590,2014-11-25,Furniture,Tables,5,243.75,0.3,1218.73
CA-2014-127446,MC-17590,2014-11-25,Office Supplies,Labels,2,2.95,0.2,5.9
CA-2014-127446,MC-17590,2014-11-25,Office Supplies,Paper,3,5.23,0.2,15.7
CA-2014-127446,MC-17590,2014-11-25,Furniture,Furnishings,3,2.03,0.6,6.1
CA-2016-137204,BO-11350,2016-04-28,Furniture,Chairs,2,20.78,0.2,41.57
CA-2014-147298,AG-10300,2014-04-26,Furniture,Chairs,3,76.76,0.2,230.28
CA-2014-147298,AG-10300,2014-04-26,Office Supplies,Binders,6,3.05,0.2,18.29
CA-2017-147942,MS-17365,2017-04-01,Office Supplies,Labels,2,2.89,0.0,5.78
CA-2017-147942,MS-17365,2017-04-01,Office Supplies,Binders,13,9.36,0.2,121.68
CA-2017-115931,JM-15655,2017-12-22,Office Supplies,Art,3,1.39,0.0,4.17
CA-2017-115931,JM-15655,2017-12-22,Technology,Phones,4,16.76,0.2,67.04
CA-2017-115931,JM-15655,2017-12-22,Office Supplies,Storage,3,12.44,0.0,37.32
CA-2017-115931,JM-15655,2017-12-22,Office Supplies,Labels,5,3.69,0.0,18.45
CA-2014-164861,MC-17635,2014-12-03,Office Supplies,Paper,4,6.48,0.0,25.92
CA-2017-127180,TA-21385,2017-10-22,Technology,Copiers,4,2799.99,0.2,11199.97
CA-2017-127180,TA-21385,2017-10-22,Technology,Phones,8,299.95,0.0,2399.6
CA-2017-127180,TA-21385,2017-10-22,Office Supplies,Envelopes,5,12.78,0.0,63.9
CA-2017-127180,TA-21385,2017-10-22,Technology,Phones,1,52.99,0.0,52.99
US-2017-165344,SB-20290,2017-11-13,Technology,Accessories,4,15.22,0.2,60.86
US-2017-165344,SB-20290,2017-11-13,Technology,Machines,7,93.28,0.7,653.0
US-2017-165344,SB-20290,2017-11-13,Office Supplies,Binders,10,1.12,0.7,11.22
CA-2015-168186,AB-10150,2015-09-10,Office Supplies,Paper,3,4.98,0.0,14.94
US-2017-110604,JF-15295,2017-05-15,Furniture,Furnishings,2,19.98,0.0,39.96
US-2017-110604,JF-15295,2017-05-15,Furniture,Chairs,2,21.31,0.2,42.62
US-2017-110604,JF-15295,2017-05-15,Furniture,Chairs,1,220.96,0.2,220.96
CA-2015-116750,BF-10975,2015-07-05,Furniture,Furnishings,2,2.46,0.2,4.93
CA-2015-116750,BF-10975,2015-07-05,Office Supplies,Binders,5,1.45,0.7,7.23
CA-2015-162369,TT-21265,2015-08-15,Office Supplies,Storage,2,161.55,0.0,323.1
CA-2017-108441,SB-20170,2017-06-12,Office Supplies,Paper,4,4.76,0.0,19.04
CA-2017-108441,SB-20170,2017-06-12,Office Supplies,Binders,3,4.38,0.2,13.13
CA-2017-108441,SB-20170,2017-06-12,Office Supplies,Art,3,21.38,0.0,64.14
CA-2017-108441,SB-20170,2017-06-12,Furniture,Chairs,4,214.56,0.1,858.24
CA-2015-169740,LM-17065,2015-02-20,Technology,Accessories,1,29.99,0.0,29.99
CA-2016-124051,KA-16525,2016-12-29,Office Supplies,Paper,6,31.01,0.2,186.05
CA-2016-149111,BF-11170,2016-04-17,Technology,Phones,1,36.79,0.2,36.79
CA-2016-149111,BF-11170,2016-04-17,Furniture,Furnishings,8,2.33,0.2,18.62
CA-2014-131002,TB-21400,2014-09-07,Furniture,Furnishings,3,19.23,0.0,57.69
CA-2014-131002,TB-21400,2014-09-07,Office Supplies,Binders,3,14.27,0.0,42.81
CA-2014-131002,TB-21400,2014-09-07,Office Supplies,Paper,2,6.48,0.0,12.96
CA-2014-131002,TB-21400,2014-09-07,Furniture,Furnishings,6,136.98,0.0,821.88
CA-2014-131002,TB-21400,2014-09-07,Technology,Phones,3,34.95,0.0,104.85
US-2016-146794,SH-19975,2016-09-26,Furniture,Bookcases,5,84.99,0.15,424.96
CA-2017-112515,AS-10225,2017-09-17,Office Supplies,Binders,3,3.59,0.2,10.78
CA-2017-112515,AS-10225,2017-09-17,Office Supplies,Binders,3,3.93,0.2,11.78
CA-2017-112515,AS-10225,2017-09-17,Office Supplies,Paper,3,54.96,0.0,164.88
CA-2017-112515,AS-10225,2017-09-17,Furniture,Bookcases,3,430.98,0.0,1292.94
CA-2017-112515,AS-10225,2017-09-17,Office Supplies,Binders,2,12.79,0.2,25.58
CA-2017-112515,AS-10225,2017-09-17,Office Supplies,Storage,2,130.87,0.0,261.74
CA-2017-112515,AS-10225,2017-09-17,Office Supplies,Labels,5,2.88,0.0,14.4
CA-2016-150343,PK-19075,2016-08-16,Office Supplies,Envelopes,3,3.62,0.0,10.86
CA-2015-135538,HR-14830,2015-12-24,Furniture,Chairs,4,220.96,0.2,883.84
CA-2017-123372,DG-13300,2017-11-28,Technology,Phones,11,179.99,0.0,1979.89
CA-2017-123372,DG-13300,2017-11-28,Office Supplies,Envelopes,2,39.98,0.0,79.96
CA-2017-159604,CL-12700,2017-04-14,Office Supplies,Binders,2,4.38,0.0,8.76
CA-2016-164784,HF-14995,2016-05-01,Office Supplies,Labels,1,3.98,0.2,3.98
CA-2016-164784,HF-14995,2016-05-01,Furniture,Tables,3,123.54,0.4,370.62
CA-2016-164784,HF-14995,2016-05-01,Office Supplies,Binders,2,1.37,0.7,2.74
CA-2016-111794,HG-15025,2016-10-01,Technology,Accessories,3,26.5,0.2,79.51
CA-2016-111794,HG-15025,2016-10-01,Office Supplies,Paper,1,28.35,0.2,28.35
US-2015-139759,NL-18310,2015-08-25,Furniture,Chairs,1,40.78,0.2,40.78
US-2015-139759,NL-18310,2015-08-25,Office Supplies,Appliances,4,26.49,0.0,105.96
CA-2014-126403,RR-19525,2014-09-09,Office Supplies,Paper,3,55.48,0.0,166.44
CA-2014-126403,RR-19525,2014-09-09,Furniture,Chairs,6,130.98,0.0,785.88
CA-2014-126403,RR-19525,2014-09-09,Office Supplies,Paper,2,13.1,0.0,26.2
CA-2014-126403,RR-19525,2014-09-09,Office Supplies,Storage,5,265.17,0.0,1325.85
CA-2017-136875,TC-21295,2017-12-03,Office Supplies,Paper,3,55.48,0.0,166.44
CA-2017-132185,DB-13615,2017-11-27,Office Supplies,Art,5,1.75,0.2,8.76
CA-2017-132185,DB-13615,2017-11-27,Office Supplies,Appliances,1,43.58,0.2,43.58
US-2014-160780,SV-20785,2014-06-21,Office Supplies,Binders,7,1.58,0.7,11.09
US-2014-160780,SV-20785,2014-06-21,Office Supplies,Binders,2,12.58,0.7,25.16
CA-2017-127026,MH-18115,2017-01-21,Office Supplies,Binders,5,2.88,0.0,14.4
CA-2017-127026,MH-18115,2017-01-21,Technology,Accessories,5,123.99,0.0,619.95
CA-2017-127026,MH-18115,2017-01-21,Office Supplies,Binders,4,22.38,0.0,89.52
CA-2017-127026,MH-18115,2017-01-21,Technology,Machines,3,116.99,0.1,350.97
CA-2017-127026,MH-18115,2017-01-21,Technology,Phones,1,164.99,0.0,164.99
CA-2017-137085,CT-11995,2017-06-29,Office Supplies,Binders,9,34.73,0.2,312.55
CA-2016-133123,KB-16315,2016-09-06,Office Supplies,Envelopes,3,31.98,0.2,95.95
CA-2016-133123,KB-16315,2016-09-06,Office Supplies,Binders,2,1.6,0.7,3.2
US-2016-128195,RA-19285,2016-08-04,Office Supplies,Binders,5,0.8,0.8,3.98
CA-2015-153220,YC-21895,2015-11-12,Office Supplies,Paper,5,3.14,0.0,15.7
CA-2014-123064,RA-19915,2014-06-30,Office Supplies,Art,4,1.31,0.2,5.25
CA-2017-156412,CM-12160,2017-12-04,Office Supplies,Binders,3,1.78,0.7,5.35
US-2016-144211,CS-12130,2016-08-28,Office Supplies,Paper,3,5.16,0.2,15.48
US-2016-144211,CS-12130,2016-08-28,Technology,Phones,3,36.19,0.2,108.58
CA-2016-138079,AJ-10795,2016-01-22,Furniture,Furnishings,5,21.98,0.0,109.9
CA-2014-143182,DL-12865,2014-10-15,Furniture,Furnishings,1,15.38,0.2,15.38
CA-2016-161662,BE-11410,2016-02-07,Office Supplies,Paper,2,15.18,0.2,30.35
CA-2014-145317,SM-20320,2014-03-18,Technology,Machines,4,205.32,0.5,821.3
CA-2014-145317,SM-20320,2014-03-18,Technology,Machines,6,3773.08,0.5,22638.48
CA-2014-145317,SM-20320,2014-03-18,Office Supplies,Paper,4,5.34,0.2,21.38
CA-2014-145317,SM-20320,2014-03-18,Office Supplies,Art,3,2.67,0.2,8.02
CA-2014-145317,SM-20320,2014-03-18,Furniture,Furnishings,2,15.38,0.2,30.77
CA-2014-145317,SM-20320,2014-03-18,Office Supplies,Fasteners,3,6.31,0.2,18.94
CA-2014-145317,SM-20320,2014-03-18,Furniture,Furnishings,3,40.78,0.2,122.35
CA-2014-143413,RP-19390,2014-05-24,Office Supplies,Paper,3,38.76,0.0,116.28
CA-2017-156818,JD-16015,2017-07-11,Technology,Accessories,6,22.1,0.0,132.6
CA-2017-155873,AB-10255,2017-06-16,Office Supplies,Supplies,2,8.34,0.0,16.68
CA-2017-155873,AB-10255,2017-06-16,Office Supplies,Paper,3,6.48,0.0,19.44
CA-2017-155873,AB-10255,2017-06-16,Office Supplies,Paper,4,48.04,0.0,192.16
CA-2015-121797,CC-12145,2015-01-30,Furniture,Furnishings,7,32.48,0.0,227.36
CA-2015-121797,CC-12145,2015-01-30,Technology,Machines,3,639.99,0.2,1919.98
US-2015-120572,GH-14425,2015-12-11,Office Supplies,Binders,2,6.41,0.7,12.83
CA-2017-132430,CP-12085,2017-10-09,Furniture,Furnishings,4,11.47,0.2,45.89
CA-2017-146031,GM-14440,2017-07-29,Office Supplies,Art,9,6.68,0.0,60.12
CA-2014-110100,LC-16885,2014-04-25,Technology,Phones,3,100.79,0.2,302.38
CA-2015-103723,BT-11305,2015-12-01,Office Supplies,Art,5,2.78,0.0,13.9
CA-2014-127187,CP-12085,2014-12-04,Technology,Phones,2,64.99,0.0,129.98
CA-2017-128475,SC-20680,2017-08-26,Technology,Accessories,2,35.99,0.0,71.98
CA-2014-100006,DK-13375,2014-09-07,Technology,Phones,3,125.99,0.0,377.97
CA-2017-144827,SE-20110,2017-12-21,Office Supplies,Storage,2,62.18,0.0,124.36
CA-2014-110030,LF-17185,2014-12-06,Furniture,Furnishings,3,7.99,0.6,23.98
CA-2014-121286,ON-18715,2014-11-04,Office Supplies,Fasteners,3,2.79,0.2,8.38
CA-2014-121286,ON-18715,2014-11-04,Office Supplies,Appliances,5,11.65,0.2,58.24
CA-2016-164735,TB-21400,2016-04-14,Office Supplies,Storage,5,16.24,0.0,81.2
CA-2014-153479,DF-13135,2014-10-04,Office Supplies,Labels,5,2.89,0.0,14.45
CA-2014-153479,DF-13135,2014-10-04,Office Supplies,Binders,2,47.82,0.2,95.65
CA-2017-149888,EP-13915,2017-11-07,Technology,Phones,5,71.99,0.4,359.97
CA-2017-149888,EP-13915,2017-11-07,Furniture,Tables,4,87.59,0.4,350.35
CA-2017-119193,SK-19990,2017-12-22,Office Supplies,Binders,1,1.64,0.7,1.64
CA-2017-119193,SK-19990,2017-12-22,Technology,Phones,7,89.99,0.4,629.96
CA-2017-104801,FH-14350,2017-02-13,Office Supplies,Art,3,2.21,0.0,6.63
CA-2017-104801,FH-14350,2017-02-13,Technology,Accessories,4,199.99,0.0,799.96
CA-2017-104801,FH-14350,2017-02-13,Furniture,Furnishings,1,107.53,0.0,107.53
CA-2014-107594,EH-13945,2014-07-02,Technology,Phones,2,36.99,0.0,73.98
CA-2014-107594,EH-13945,2014-07-02,Office Supplies,Art,1,5.58,0.0,5.58
CA-2015-129770,JE-15715,2015-02-21,Office Supplies,Paper,4,12.28,0.0,49.12
CA-2015-115798,KL-16645,2015-11-13,Technology,Phones,3,125.99,0.0,377.97
CA-2015-115798,KL-16645,2015-11-13,Office Supplies,Paper,7,6.04,0.0,42.28
CA-2015-115798,KL-16645,2015-11-13,Furniture,Bookcases,3,99.99,0.0,299.97
CA-2015-115798,KL-16645,2015-11-13,Technology,Phones,2,44.99,0.0,89.98
CA-2017-122707,EB-13750,2017-04-16,Office Supplies,Supplies,4,119.31,0.0,477.24
CA-2017-122707,EB-13750,2017-04-16,Technology,Accessories,2,12.99,0.0,25.98
CA-2016-165015,BD-11725,2016-02-25,Office Supplies,Envelopes,5,9.34,0.2,46.72
CA-2014-149244,MS-17530,2014-11-04,Furniture,Furnishings,2,17.67,0.0,35.34
CA-2015-140144,SC-20770,2015-06-20,Furniture,Furnishings,6,42.94,0.0,257.64
CA-2015-140144,SC-20770,2015-06-20,Technology,Phones,3,41.99,0.2,125.98
CA-2017-163321,FM-14380,2017-08-07,Technology,Accessories,1,79.99,0.2,79.99
CA-2014-155887,KT-16480,2014-05-12,Furniture,Tables,3,233.35,0.3,700.06
US-2015-165449,AP-10720,2015-11-22,Technology,Accessories,4,6.79,0.2,27.17
CA-2015-110247,RH-19555,2015-12-04,Office Supplies,Binders,3,2.74,0.7,8.23
US-2014-141257,CS-11950,2014-06-08,Furniture,Chairs,3,195.18,0.2,585.55
CA-2014-154669,TM-21010,2014-08-08,Office Supplies,Storage,11,38.48,0.0,423.28
CA-2014-158029,HF-14995,2014-05-26,Furniture,Chairs,2,112.65,0.2,225.3
CA-2015-155306,GA-14515,2015-04-17,Office Supplies,Art,2,2.78,0.0,5.56
CA-2015-155306,GA-14515,2015-04-17,Technology,Accessories,3,107.79,0.0,323.37
CA-2015-155306,GA-14515,2015-04-17,Technology,Phones,5,156.79,0.2,783.96
CA-2015-155306,GA-14515,2015-04-17,Office Supplies,Appliances,5,289.53,0.0,1447.65
CA-2015-155306,GA-14515,2015-04-17,Office Supplies,Paper,2,5.98,0.0,11.96
CA-2016-127775,ES-14020,2016-06-11,Technology,Accessories,3,79.99,0.0,239.97
CA-2016-146171,JP-16135,2016-03-11,Furniture,Furnishings,4,19.23,0.0,76.92
CA-2016-146171,JP-16135,2016-03-11,Office Supplies,Storage,4,120.33,0.0,481.32
CA-2014-129574,Dp-13240,2014-05-26,Office Supplies,Paper,5,9.68,0.0,48.4
CA-2017-126536,NK-18490,2017-10-12,Technology,Accessories,1,0.99,0.0,0.99
CA-2017-126536,NK-18490,2017-10-12,Office Supplies,Binders,5,20.37,0.2,101.84
CA-2017-165757,PL-18925,2017-06-22,Office Supplies,Binders,3,3.44,0.7,10.33
CA-2017-165757,PL-18925,2017-06-22,Office Supplies,Binders,5,6.23,0.7,31.16
CA-2017-165757,PL-18925,2017-06-22,Office Supplies,Storage,2,4.46,0.2,8.93
CA-2017-167752,RW-19690,2017-01-15,Office Supplies,Appliances,1,34.38,0.2,34.38
CA-2017-167752,RW-19690,2017-01-15,Office Supplies,Appliances,8,240.52,0.2,1924.16
US-2015-122140,MO-17950,2015-04-02,Office Supplies,Appliances,2,16.1,0.8,32.19
US-2015-122140,MO-17950,2015-04-02,Technology,Accessories,7,7.16,0.2,50.12
US-2015-122140,MO-17950,2015-04-02,Technology,Accessories,3,15.99,0.2,47.98
CA-2016-163986,JJ-15445,2016-09-03,Office Supplies,Storage,5,10.9,0.0,54.5
CA-2017-158967,BT-11680,2017-12-10,Furniture,Furnishings,3,6.37,0.2,19.1
CA-2016-131576,RD-19585,2016-11-22,Office Supplies,Binders,3,16.48,0.0,49.44
CA-2017-143455,ML-17755,2017-11-11,Office Supplies,Paper,2,5.18,0.2,10.37
CA-2016-144729,JE-15745,2016-10-21,Office Supplies,Storage,3,51.48,0.0,154.44
CA-2015-127019,ER-13855,2015-12-21,Office Supplies,Appliances,7,8.71,0.2,60.98
CA-2015-138534,JM-15535,2015-07-17,Furniture,Bookcases,2,97.73,0.15,195.47
CA-2017-108322,SS-20140,2017-04-30,Furniture,Furnishings,8,2.96,0.2,23.68
CA-2017-108322,SS-20140,2017-04-30,Technology,Accessories,3,0.79,0.2,2.38
CA-2017-167668,TC-21295,2017-05-06,Office Supplies,Labels,4,14.8,0.0,59.2
CA-2017-146724,HG-15025,2017-11-20,Office Supplies,Art,10,2.2,0.0,22.0
CA-2016-139878,LD-17005,2016-11-11,Technology,Phones,2,128.99,0.0,257.98
US-2016-106677,AS-10285,2016-11-05,Technology,Phones,2,11.99,0.4,23.99
CA-2016-116974,MP-17965,2016-10-09,Technology,Phones,4,5.99,0.4,23.98
CA-2015-149972,CD-12790,2015-09-21,Furniture,Chairs,4,150.38,0.2,601.54
CA-2015-149972,CD-12790,2015-09-21,Office Supplies,Fasteners,2,3.95,0.0,7.9
US-2014-117744,MD-17860,2014-12-02,Furniture,Furnishings,5,11.67,0.6,58.36
US-2014-117744,MD-17860,2014-12-02,Office Supplies,Art,7,2.35,0.2,16.46
US-2014-117744,MD-17860,2014-12-02,Furniture,Furnishings,5,7.99,0.6,39.96
CA-2014-125514,BM-11650,2014-09-21,Office Supplies,Appliances,2,12.98,0.0,25.96
CA-2014-125514,BM-11650,2014-09-21,Office Supplies,Appliances,3,12.09,0.0,36.27
CA-2014-125514,BM-11650,2014-09-21,Office Supplies,Paper,1,6.48,0.0,6.48
CA-2014-154599,KN-16450,2014-04-12,Technology,Phones,14,76.79,0.2,1075.09
CA-2014-154599,KN-16450,2014-04-12,Technology,Phones,4,109.59,0.2,438.37
CA-2014-154599,KN-16450,2014-04-12,Office Supplies,Binders,7,2.58,0.2,18.09
CA-2014-154599,KN-16450,2014-04-12,Furniture,Bookcases,3,102.83,0.15,308.5
CA-2017-158743,IG-15085,2017-10-20,Office Supplies,Art,4,3.34,0.0,13.36
CA-2017-158743,IG-15085,2017-10-20,Office Supplies,Paper,2,19.98,0.0,39.96
CA-2017-158743,IG-15085,2017-10-20,Office Supplies,Binders,5,29.17,0.0,145.85
CA-2016-153318,JS-15595,2016-10-25,Technology,Phones,5,156.79,0.2,783.96
US-2015-110163,GA-14725,2015-11-01,Office Supplies,Art,1,7.88,0.2,7.88
CA-2017-143329,DL-13330,2017-11-03,Furniture,Furnishings,3,13.79,0.0,41.37
CA-2015-159380,CS-12505,2015-05-12,Office Supplies,Paper,3,4.28,0.0,12.84
CA-2015-159380,CS-12505,2015-05-12,Office Supplies,Paper,6,4.28,0.0,25.68
CA-2015-122623,CC-12145,2015-09-07,Furniture,Chairs,2,23.76,0.3,47.52
CA-2015-148635,MH-18025,2015-07-25,Office Supplies,Fasteners,2,4.71,0.0,9.42
CA-2015-148635,MH-18025,2015-07-25,Office Supplies,Paper,2,6.48,0.0,12.96
CA-2015-148635,MH-18025,2015-07-25,Furniture,Bookcases,5,140.98,0.0,704.9
CA-2015-148635,MH-18025,2015-07-25,Furniture,Chairs,2,280.78,0.2,561.57
CA-2015-135685,MP-18175,2015-11-16,Office Supplies,Paper,9,19.98,0.0,179.82
CA-2015-135685,MP-18175,2015-11-16,Furniture,Furnishings,6,30.93,0.0,185.58
CA-2015-135685,MP-18175,2015-11-16,Furniture,Tables,3,71.37,0.0,214.11
CA-2015-135685,MP-18175,2015-11-16,Technology,Accessories,4,249.99,0.0,999.96
CA-2015-135685,MP-18175,2015-11-16,Furniture,Tables,3,217.85,0.0,653.55
CA-2015-104626,DR-12940,2015-09-01,Office Supplies,Binders,5,22.92,0.0,114.6
CA-2015-104626,DR-12940,2015-09-01,Furniture,Chairs,1,60.74,0.0,60.74
CA-2015-104626,DR-12940,2015-09-01,Furniture,Furnishings,2,62.18,0.0,124.36
CA-2015-104626,DR-12940,2015-09-01,Office Supplies,Storage,6,181.46,0.0,1088.76
CA-2016-160500,DM-13015,2016-05-05,Office Supplies,Binders,5,1.34,0.2,6.72
CA-2016-160500,DM-13015,2016-05-05,Furniture,Tables,3,99.59,0.2,298.78
CA-2017-100202,BD-11620,2016-12-31,Technology,Phones,3,100.79,0.2,302.38
CA-2017-131016,DC-12850,2017-09-18,Office Supplies,Art,2,4.46,0.2,8.93
CA-2017-131016,DC-12850,2017-09-18,Office Supplies,Storage,2,23.79,0.2,47.58
US-2014-112914,MT-18070,2014-09-25,Office Supplies,Paper,8,4.22,0.2,33.79
US-2014-112914,MT-18070,2014-09-25,Furniture,Bookcases,2,150.27,0.32,300.53
US-2014-112914,MT-18070,2014-09-25,Office Supplies,Binders,2,1.36,0.8,2.72
US-2014-112914,MT-18070,2014-09-25,Office Supplies,Envelopes,2,1.63,0.2,3.26
CA-2016-124149,MJ-17740,2016-04-23,Office Supplies,Paper,6,18.06,0.2,108.34
CA-2016-124149,MJ-17740,2016-04-23,Office Supplies,Storage,5,11.18,0.2,55.92
CA-2016-124149,MJ-17740,2016-04-23,Office Supplies,Paper,2,39.15,0.2,78.3
CA-2014-148915,ND-18370,2014-11-01,Office Supplies,Storage,5,88.78,0.2,443.92
CA-2014-148915,ND-18370,2014-11-01,Technology,Phones,3,51.99,0.2,155.98
CA-2017-134649,CA-11965,2017-01-26,Office Supplies,Art,7,2.21,0.0,15.47
CA-2017-134649,CA-11965,2017-01-26,Office Supplies,Binders,2,3.58,0.0,7.16
CA-2017-110842,GA-14725,2017-11-11,Office Supplies,Appliances,1,10.89,0.0,10.89
CA-2017-110842,GA-14725,2017-11-11,Office Supplies,Paper,3,6.48,0.0,19.44
CA-2017-110842,GA-14725,2017-11-11,Office Supplies,Binders,5,24.32,0.2,121.6
CA-2016-147368,TC-21295,2016-06-09,Technology,Machines,2,347.85,0.5,695.7
US-2015-104185,JB-15400,2015-09-03,Office Supplies,Storage,1,120.33,0.0,120.33
US-2014-125521,CK-12325,2014-03-14,Furniture,Chairs,4,284.98,0.0,1139.92
US-2017-135062,RL-19615,2017-08-31,Office Supplies,Paper,7,32.79,0.2,229.54
CA-2017-135650,AC-10660,2017-03-23,Office Supplies,Storage,2,71.86,0.2,143.73
CA-2017-112865,BH-11710,2017-05-18,Technology,Accessories,3,12.02,0.2,36.05
US-2016-162852,BG-11695,2016-12-27,Furniture,Chairs,8,105.69,0.3,845.49
CA-2017-138163,XP-21865,2017-11-17,Office Supplies,Art,3,16.98,0.0,50.94
CA-2017-152093,SN-20560,2017-09-10,Office Supplies,Binders,3,254.2,0.8,762.59
CA-2017-157854,DM-13345,2017-04-08,Furniture,Furnishings,6,9.38,0.0,56.28
CA-2017-157854,DM-13345,2017-04-08,Office Supplies,Binders,3,896.99,0.0,2690.97
CA-2016-123617,AJ-10780,2016-11-28,Office Supplies,Binders,6,1.24,0.7,7.43
US-2016-128293,KC-16255,2016-06-02,Office Supplies,Storage,1,64.78,0.2,64.78
CA-2017-107342,VF-21715,2017-12-17,Office Supplies,Paper,4,7.04,0.0,28.16
CA-2016-136371,SV-20935,2016-03-19,Furniture,Furnishings,1,14.98,0.0,14.98
CA-2016-136371,SV-20935,2016-03-19,Furniture,Furnishings,4,5.08,0.0,20.32
CA-2017-137344,EM-13810,2017-08-20,Office Supplies,Storage,3,13.43,0.0,40.29
CA-2017-169810,RB-19360,2017-07-25,Office Supplies,Labels,7,2.89,0.0,20.23
CA-2016-128594,DJ-13510,2016-08-26,Furniture,Chairs,4,400.78,0.2,1603.14
CA-2016-154690,CC-12370,2016-08-15,Furniture,Chairs,2,112.65,0.2,225.3
CA-2017-138975,SC-20380,2017-05-19,Technology,Accessories,4,16.95,0.0,67.8
CA-2017-138975,SC-20380,2017-05-19,Technology,Phones,3,125.99,0.0,377.97
CA-2017-138975,SC-20380,2017-05-19,Furniture,Bookcases,9,180.98,0.0,1628.82
CA-2017-138975,SC-20380,2017-05-19,Office Supplies,Paper,7,40.99,0.0,286.93
CA-2017-106537,RH-19495,2017-08-12,Office Supplies,Paper,4,5.18,0.2,20.74
US-2017-103828,JK-15370,2017-08-13,Office Supplies,Storage,3,10.48,0.0,31.44
US-2017-103828,JK-15370,2017-08-13,Office Supplies,Appliances,7,11.97,0.0,83.79
US-2017-103828,JK-15370,2017-08-13,Office Supplies,Art,3,19.84,0.0,59.52
US-2017-103828,JK-15370,2017-08-13,Office Supplies,Supplies,4,7.98,0.0,31.92
CA-2016-115588,AF-10885,2016-11-10,Office Supplies,Supplies,5,2.94,0.2,14.72
CA-2016-115588,AF-10885,2016-11-10,Office Supplies,Storage,3,12.99,0.2,38.98
CA-2017-143861,LC-16885,2017-06-12,Furniture,Furnishings,2,8.54,0.2,17.09
CA-2014-148040,BF-11275,2014-03-22,Office Supplies,Paper,3,24.78,0.2,74.35
CA-2014-148040,BF-11275,2014-03-22,Furniture,Chairs,3,104.78,0.2,314.35
CA-2017-135167,SC-20800,2017-06-15,Office Supplies,Art,1,4.26,0.0,4.26
CA-2017-137022,SW-20275,2017-11-16,Office Supplies,Storage,8,101.41,0.0,811.28
US-2017-102638,MC-17845,2017-12-29,Office Supplies,Fasteners,3,2.01,0.0,6.03
US-2016-167339,TD-20995,2016-01-21,Furniture,Chairs,2,76.78,0.2,153.57
US-2016-167339,TD-20995,2016-01-21,Furniture,Chairs,7,144.78,0.2,1013.49
CA-2016-152072,Dp-13240,2016-01-15,Office Supplies,Envelopes,2,26.17,0.0,52.34
CA-2016-152072,Dp-13240,2016-01-15,Office Supplies,Art,2,2.33,0.0,4.66
CA-2016-152072,Dp-13240,2016-01-15,Technology,Accessories,3,84.99,0.0,254.97
CA-2016-102932,SD-20485,2016-09-19,Office Supplies,Binders,6,4.24,0.0,25.44
CA-2016-102932,SD-20485,2016-09-19,Office Supplies,Supplies,3,9.31,0.0,27.93
CA-2014-165540,TM-21010,2014-02-21,Office Supplies,Binders,5,1.77,0.8,8.85
CA-2016-130799,BK-11260,2016-11-11,Furniture,Furnishings,4,1.74,0.0,6.96
CA-2016-164483,JF-15490,2016-01-30,Office Supplies,Binders,2,8.73,0.2,17.46
US-2016-159856,EP-13915,2016-10-18,Furniture,Chairs,5,61.58,0.2,307.92
CA-2017-102099,EP-13915,2017-12-18,Office Supplies,Art,3,2.21,0.0,6.63
CA-2017-102099,EP-13915,2017-12-18,Office Supplies,Paper,2,6.48,0.0,12.96
CA-2017-102099,EP-13915,2017-12-18,Office Supplies,Paper,5,6.48,0.0,32.4
CA-2017-164049,KH-16630,2017-11-02,Office Supplies,Paper,5,4.77,0.0,23.85
CA-2014-142727,HG-14845,2014-04-29,Furniture,Chairs,2,25.98,0.0,51.96
CA-2014-142727,HG-14845,2014-04-29,Office Supplies,Binders,3,5.98,0.0,17.94
CA-2017-139913,JC-16105,2017-10-23,Office Supplies,Paper,2,5.78,0.0,11.56
CA-2017-139913,JC-16105,2017-10-23,Office Supplies,Paper,5,5.28,0.0,26.4
CA-2017-139913,JC-16105,2017-10-23,Furniture,Furnishings,11,6.28,0.0,69.08
CA-2017-139913,JC-16105,2017-10-23,Technology,Phones,3,11.96,0.0,35.88
CA-2014-169033,KM-16720,2014-03-30,Office Supplies,Art,5,9.93,0.0,49.65
US-2016-164630,EB-13975,2016-01-04,Technology,Copiers,4,239.99,0.2,959.97
US-2015-114839,PW-19240,2015-04-26,Furniture,Chairs,2,204.21,0.3,408.42
CA-2015-166464,PG-18895,2015-09-12,Technology,Copiers,2,239.99,0.2,479.98
CA-2015-166464,PG-18895,2015-09-12,Office Supplies,Labels,4,3.15,0.0,12.6
CA-2017-124898,DB-12910,2017-09-11,Office Supplies,Paper,7,26.38,0.0,184.66
CA-2016-164035,CR-12730,2016-06-12,Office Supplies,Paper,5,4.62,0.2,23.12
CA-2016-153577,KH-16330,2016-06-27,Office Supplies,Paper,7,5.35,0.2,37.46
CA-2016-153577,KH-16330,2016-06-27,Furniture,Chairs,3,179.89,0.3,539.66
CA-2014-127586,CS-12400,2014-09-26,Office Supplies,Storage,2,155.06,0.0,310.12
CA-2017-121615,DL-12925,2017-11-03,Office Supplies,Paper,2,4.28,0.0,8.56
CA-2017-121615,DL-12925,2017-11-03,Office Supplies,Storage,5,10.48,0.0,52.4
CA-2017-121615,DL-12925,2017-11-03,Office Supplies,Labels,3,4.98,0.0,14.94
CA-2017-166415,ME-17725,2017-02-19,Office Supplies,Fasteners,3,3.74,0.0,11.22
CA-2015-118444,VD-21670,2015-11-05,Office Supplies,Appliances,4,96.78,0.2,387.14
CA-2014-113929,CK-12205,2014-06-16,Office Supplies,Envelopes,5,8.28,0.0,41.4
CA-2014-113929,CK-12205,2014-06-16,Office Supplies,Art,4,8.75,0.0,35.0
CA-2014-113929,CK-12205,2014-06-16,Office Supplies,Binders,3,13.18,0.2,39.55
CA-2015-134747,DL-12925,2015-10-12,Technology,Phones,3,45.24,0.0,135.72
CA-2015-134747,DL-12925,2015-10-12,Office Supplies,Binders,2,6.28,0.0,12.56
CA-2015-134747,DL-12925,2015-10-12,Technology,Phones,4,65.99,0.0,263.96
CA-2017-155047,SE-20110,2017-08-27,Office Supplies,Art,1,5.95,0.2,5.95
CA-2016-160129,LS-17200,2016-11-23,Office Supplies,Fasteners,5,3.16,0.2,15.8
CA-2016-160129,LS-17200,2016-11-23,Furniture,Furnishings,2,7.18,0.2,14.37
CA-2016-160129,LS-17200,2016-11-23,Furniture,Furnishings,7,10.06,0.2,70.45
CA-2017-164329,MM-17920,2017-01-30,Office Supplies,Storage,2,64.65,0.0,129.3
US-2015-141453,DB-13270,2015-11-30,Office Supplies,Binders,3,1.29,0.8,3.88
CA-2014-156993,RW-19630,2014-06-28,Office Supplies,Fasteners,1,6.08,0.0,6.08
CA-2014-157721,JM-16195,2014-09-02,Office Supplies,Appliances,1,19.9,0.0,19.9
CA-2014-157721,JM-16195,2014-09-02,Furniture,Furnishings,1,70.71,0.0,70.71
CA-2017-128629,BP-11155,2017-07-10,Furniture,Furnishings,3,6.28,0.0,18.84
CA-2017-158106,CT-11995,2017-06-04,Office Supplies,Art,3,2.88,0.0,8.64
US-2017-120390,TH-21550,2017-10-19,Office Supplies,Binders,4,408.3,0.7,1633.19
CA-2017-143434,ME-17320,2017-11-18,Furniture,Furnishings,4,4.94,0.0,19.76
CA-2015-168564,TT-21220,2015-08-08,Office Supplies,Binders,2,3.3,0.2,6.61
CA-2015-168564,TT-21220,2015-08-08,Office Supplies,Binders,2,3.64,0.2,7.28
CA-2015-168564,TT-21220,2015-08-08,Furniture,Chairs,1,144.78,0.2,144.78
US-2016-169040,GT-14710,2016-12-06,Technology,Phones,1,156.79,0.2,156.79
US-2016-169040,GT-14710,2016-12-06,Technology,Phones,3,143.99,0.2,431.98
US-2016-169040,GT-14710,2016-12-06,Office Supplies,Envelopes,1,35.89,0.0,35.89
US-2016-169040,GT-14710,2016-12-06,Office Supplies,Binders,7,6.74,0.2,47.21
US-2016-169040,GT-14710,2016-12-06,Office Supplies,Paper,7,35.44,0.0,248.08
US-2016-169040,GT-14710,2016-12-06,Office Supplies,Paper,5,37.94,0.0,189.7
US-2016-169040,GT-14710,2016-12-06,Office Supplies,Binders,3,19.94,0.2,59.81
CA-2017-155880,JD-16150,2017-03-25,Furniture,Chairs,1,90.99,0.0,90.99
CA-2017-155880,JD-16150,2017-03-25,Furniture,Chairs,7,218.08,0.0,1526.56
CA-2017-155880,JD-16150,2017-03-25,Furniture,Chairs,3,122.99,0.0,368.97
CA-2017-126242,MC-18100,2017-11-19,Office Supplies,Storage,9,33.89,0.0,305.01
CA-2017-126242,MC-18100,2017-11-19,Furniture,Furnishings,1,18.7,0.0,18.7
CA-2016-166443,LH-17020,2016-11-04,Furniture,Furnishings,7,5.47,0.0,38.29
CA-2017-169859,MP-18175,2017-12-14,Furniture,Furnishings,3,8.75,0.0,26.25
CA-2017-169859,MP-18175,2017-12-14,Office Supplies,Binders,14,4.64,0.2,64.96
CA-2017-169859,MP-18175,2017-12-14,Office Supplies,Envelopes,5,8.74,0.0,43.7
CA-2017-134915,EM-14140,2017-11-12,Technology,Accessories,4,10.4,0.2,41.6
CA-2017-134915,EM-14140,2017-11-12,Office Supplies,Paper,5,4.62,0.2,23.12
CA-2017-134915,EM-14140,2017-11-12,Furniture,Chairs,2,56.94,0.2,113.89
CA-2017-134915,EM-14140,2017-11-12,Furniture,Furnishings,2,56.78,0.2,113.57
CA-2017-134915,EM-14140,2017-11-12,Technology,Phones,2,3.96,0.2,7.92
CA-2017-134915,EM-14140,2017-11-12,Technology,Phones,2,335.99,0.2,671.98
CA-2016-153353,GG-14650,2016-08-18,Technology,Phones,1,39.99,0.0,39.99
CA-2017-123638,MA-17995,2017-06-27,Furniture,Chairs,3,63.88,0.1,191.65
CA-2017-168900,SH-20395,2017-05-04,Office Supplies,Binders,1,2.31,0.7,2.31
CA-2015-158456,KT-16465,2015-12-24,Office Supplies,Binders,4,4.98,0.2,19.94
CA-2015-158456,KT-16465,2015-12-24,Office Supplies,Fasteners,4,11.48,0.0,45.92
CA-2017-143665,PO-19180,2017-04-26,Office Supplies,Paper,3,6.78,0.0,20.34
CA-2017-143665,PO-19180,2017-04-26,Office Supplies,Labels,8,4.91,0.0,39.28
CA-2017-137428,AY-10555,2017-12-16,Furniture,Chairs,2,40.78,0.2,81.57
CA-2017-137428,AY-10555,2017-12-16,Furniture,Chairs,2,48.59,0.2,97.18
CA-2017-137428,AY-10555,2017-12-16,Office Supplies,Binders,5,4.86,0.2,24.32
CA-2017-137428,AY-10555,2017-12-16,Furniture,Furnishings,2,9.48,0.0,18.96
CA-2014-162866,Co-12640,2014-12-27,Furniture,Furnishings,6,5.49,0.6,32.95
CA-2014-162866,Co-12640,2014-12-27,Office Supplies,Storage,4,7.5,0.2,30.02
CA-2017-167941,JF-15565,2017-11-06,Office Supplies,Appliances,3,166.53,0.2,499.58
CA-2017-167941,JF-15565,2017-11-06,Office Supplies,Paper,6,5.18,0.2,31.1
CA-2017-167941,JF-15565,2017-11-06,Office Supplies,Binders,8,1.66,0.7,13.27
CA-2017-167941,JF-15565,2017-11-06,Furniture,Furnishings,2,14.14,0.2,28.27
CA-2017-167941,JF-15565,2017-11-06,Office Supplies,Storage,4,64.78,0.2,259.14
CA-2017-111808,AR-10510,2017-12-16,Office Supplies,Binders,5,2.16,0.0,10.8
CA-2015-137512,AG-10675,2015-05-07,Furniture,Tables,2,122.0,0.3,244.01
CA-2015-137512,AG-10675,2015-05-07,Office Supplies,Paper,4,3.98,0.2,15.94
CA-2017-139773,DV-13045,2017-12-04,Furniture,Chairs,7,26.94,0.3,188.55
CA-2017-134607,HL-15040,2017-10-03,Office Supplies,Storage,2,11.29,0.0,22.58
CA-2014-109232,ND-18370,2014-01-13,Furniture,Chairs,6,90.99,0.0,545.94
CA-2015-139850,GB-14575,2015-06-12,Office Supplies,Paper,4,5.18,0.2,20.74
CA-2015-139850,GB-14575,2015-06-12,Furniture,Furnishings,2,21.65,0.2,43.3
CA-2014-131310,CL-12565,2014-07-12,Furniture,Chairs,4,30.78,0.2,123.14
CA-2014-131310,CL-12565,2014-07-12,Office Supplies,Binders,4,2.82,0.2,11.26
US-2014-112872,RC-19960,2014-12-06,Office Supplies,Storage,3,17.81,0.2,53.42
US-2014-112872,RC-19960,2014-12-06,Furniture,Tables,1,275.49,0.5,275.49
CA-2016-139269,JB-16045,2016-05-25,Furniture,Furnishings,4,6.24,0.0,24.96
CA-2016-139269,JB-16045,2016-05-25,Office Supplies,Paper,2,9.68,0.0,19.36
CA-2016-139269,JB-16045,2016-05-25,Office Supplies,Storage,9,140.85,0.0,1267.65
CA-2016-139010,MC-17635,2016-02-21,Technology,Accessories,1,12.99,0.0,12.99
CA-2016-139010,MC-17635,2016-02-21,Office Supplies,Binders,4,4.64,0.2,18.56
CA-2016-139010,MC-17635,2016-02-21,Office Supplies,Storage,5,89.83,0.0,449.15
CA-2016-139010,MC-17635,2016-02-21,Office Supplies,Binders,7,4.46,0.2,31.25
CA-2016-134376,TT-21265,2016-10-02,Office Supplies,Appliances,3,20.48,0.0,61.44
CA-2017-147291,MJ-17740,2017-03-11,Office Supplies,Binders,4,223.98,0.0,895.92
CA-2016-112893,AT-10735,2016-09-09,Office Supplies,Binders,4,13.84,0.2,55.36
US-2014-150532,PB-19150,2014-07-14,Office Supplies,Storage,5,11.18,0.2,55.92
CA-2014-138317,NW-18400,2014-06-21,Office Supplies,Envelopes,4,6.22,0.2,24.9
CA-2014-138317,NW-18400,2014-06-21,Furniture,Furnishings,1,3.98,0.2,3.98
CA-2014-138317,NW-18400,2014-06-21,Technology,Accessories,4,23.99,0.2,95.97
CA-2014-138317,NW-18400,2014-06-21,Technology,Machines,3,69.0,0.7,206.99
CA-2014-138317,NW-18400,2014-06-21,Office Supplies,Appliances,2,22.21,0.2,44.42
CA-2014-138317,NW-18400,2014-06-21,Office Supplies,Binders,2,4.5,0.7,9.01
CA-2015-130610,VP-21730,2015-07-05,Office Supplies,Binders,5,3.8,0.0,19.0
CA-2017-104381,RD-19810,2017-12-16,Office Supplies,Binders,4,8.34,0.2,33.38
CA-2016-131499,MG-17875,2016-09-08,Office Supplies,Appliances,1,207.48,0.0,207.48
CA-2014-148761,PA-19060,2014-05-17,Office Supplies,Binders,3,30.56,0.0,91.68
CA-2017-116519,CR-12730,2017-10-13,Office Supplies,Appliances,5,180.98,0.0,904.9
CA-2014-130729,AA-10375,2014-10-24,Office Supplies,Binders,3,11.42,0.2,34.27
CA-2016-124772,JG-15160,2016-12-05,Furniture,Furnishings,3,63.94,0.0,191.82
CA-2016-115525,RR-19525,2016-07-25,Office Supplies,Appliances,5,48.78,0.2,243.88
CA-2017-134845,SR-20425,2017-04-17,Office Supplies,Binders,5,2.41,0.7,12.03
CA-2017-134845,SR-20425,2017-04-17,Technology,Machines,5,510.0,0.7,2549.98
CA-2017-134845,SR-20425,2017-04-17,Office Supplies,Binders,2,10.8,0.7,21.59
CA-2017-134845,SR-20425,2017-04-17,Office Supplies,Binders,6,1.49,0.7,8.96
CA-2017-134845,SR-20425,2017-04-17,Office Supplies,Paper,4,5.18,0.2,20.74
US-2015-138919,LS-16975,2015-09-17,Furniture,Tables,2,172.11,0.4,344.22
US-2016-160528,MH-18115,2016-08-23,Office Supplies,Storage,8,90.91,0.2,727.3
US-2016-160528,MH-18115,2016-08-23,Furniture,Furnishings,3,7.54,0.6,22.61
US-2016-160528,MH-18115,2016-08-23,Technology,Accessories,7,95.2,0.2,666.4
CA-2015-123568,SC-20095,2015-11-08,Office Supplies,Fasteners,3,1.68,0.0,5.04
CA-2015-123568,SC-20095,2015-11-08,Office Supplies,Paper,3,30.98,0.0,92.94
CA-2015-123568,SC-20095,2015-11-08,Furniture,Furnishings,3,22.23,0.0,66.69
CA-2015-123568,SC-20095,2015-11-08,Office Supplies,Binders,5,18.34,0.2,91.68
CA-2017-124674,JB-16000,2017-11-17,Furniture,Bookcases,2,163.87,0.32,327.73
CA-2015-164441,AC-10450,2015-11-08,Office Supplies,Binders,11,4.75,0.2,52.27
CA-2015-164441,AC-10450,2015-11-08,Office Supplies,Paper,3,5.98,0.0,17.94
CA-2017-169054,MO-17800,2017-04-22,Furniture,Furnishings,3,84.78,0.2,254.35
CA-2014-106719,RB-19645,2014-08-24,Office Supplies,Binders,2,4.14,0.2,8.29
CA-2017-116855,AI-10855,2017-12-17,Furniture,Chairs,5,100.98,0.0,504.9
US-2016-164189,DR-12880,2016-03-24,Technology,Phones,4,100.79,0.2,403.17
CA-2015-168480,DM-12955,2015-09-21,Furniture,Bookcases,4,48.58,0.0,194.32
CA-2015-168480,DM-12955,2015-09-21,Office Supplies,Art,1,25.99,0.0,25.99
US-2016-114293,JH-16180,2016-11-21,Furniture,Chairs,4,48.78,0.2,195.14
CA-2017-134173,AB-10060,2017-09-16,Office Supplies,Paper,4,5.18,0.2,20.74
US-2015-123960,BD-11605,2015-06-11,Technology,Accessories,6,8.95,0.0,53.7
US-2015-123960,BD-11605,2015-06-11,Office Supplies,Binders,7,5.18,0.0,36.26
US-2015-123960,BD-11605,2015-06-11,Office Supplies,Art,2,28.15,0.0,56.3
US-2015-123960,BD-11605,2015-06-11,Office Supplies,Paper,5,6.48,0.0,32.4
US-2015-123960,BD-11605,2015-06-11,Furniture,Furnishings,2,14.58,0.0,29.16
CA-2017-101749,AS-10045,2017-10-03,Furniture,Tables,3,57.1,0.2,171.29
US-2016-147991,ZD-21925,2016-05-05,Furniture,Furnishings,5,3.34,0.2,16.72
CA-2017-149559,KF-16285,2017-09-11,Office Supplies,Paper,2,6.48,0.0,12.96
CA-2017-149559,KF-16285,2017-09-11,Office Supplies,Envelopes,2,11.09,0.0,22.18
CA-2017-149559,KF-16285,2017-09-11,Furniture,Chairs,8,256.78,0.2,2054.27
CA-2015-135174,BP-11230,2015-04-30,Technology,Phones,5,204.59,0.4,1022.97
CA-2017-125290,CC-12430,2017-11-06,Office Supplies,Art,5,2.78,0.0,13.9
CA-2017-125290,CC-12430,2017-11-06,Office Supplies,Paper,1,26.38,0.0,26.38
CA-2014-137351,DB-13615,2014-09-30,Office Supplies,Binders,7,6.17,0.2,43.18
CA-2017-121419,TC-21475,2017-04-02,Furniture,Tables,2,205.9,0.0,411.8
CA-2017-121419,TC-21475,2017-04-02,Technology,Accessories,4,90.0,0.0,360.0
US-2017-148054,NZ-18565,2017-10-06,Furniture,Furnishings,2,20.98,0.0,41.96
US-2017-148054,NZ-18565,2017-10-06,Office Supplies,Appliances,4,56.96,0.0,227.84
US-2017-148054,NZ-18565,2017-10-06,Office Supplies,Paper,2,18.97,0.0,37.94
CA-2016-128517,SW-20350,2016-04-09,Technology,Phones,2,258.95,0.0,517.9
CA-2016-128517,SW-20350,2016-04-09,Office Supplies,Binders,2,2.64,0.0,5.28
US-2015-100377,TS-21370,2015-08-28,Technology,Copiers,5,559.99,0.2,2799.96
CA-2017-131492,HH-15010,2017-10-19,Office Supplies,Envelopes,2,4.48,0.0,8.96
CA-2017-131492,HH-15010,2017-10-19,Office Supplies,Labels,10,3.15,0.0,31.5
CA-2017-131492,HH-15010,2017-10-19,Furniture,Furnishings,2,15.28,0.0,30.56
CA-2017-131492,HH-15010,2017-10-19,Furniture,Tables,2,12.18,0.2,24.37
CA-2016-144554,DM-13345,2016-11-07,Technology,Accessories,3,39.99,0.2,119.98
CA-2017-127621,RE-19450,2017-03-03,Office Supplies,Paper,8,3.36,0.2,26.88
CA-2015-145184,JD-16150,2015-11-27,Technology,Phones,3,27.99,0.0,83.97
CA-2015-145184,JD-16150,2015-11-27,Technology,Accessories,3,34.99,0.0,104.97
CA-2017-106859,BF-11215,2017-03-13,Office Supplies,Storage,8,11.35,0.0,90.8
CA-2017-106859,BF-11215,2017-03-13,Technology,Phones,8,17.59,0.2,140.74
CA-2017-106859,BF-11215,2017-03-13,Technology,Accessories,5,42.99,0.0,214.95
CA-2017-106859,BF-11215,2017-03-13,Office Supplies,Paper,7,6.48,0.0,45.36
CA-2017-106859,BF-11215,2017-03-13,Office Supplies,Paper,6,48.04,0.0,288.24
US-2017-120089,ML-17755,2017-11-30,Office Supplies,Appliances,4,165.98,0.2,663.94
CA-2014-119375,YC-21895,2014-11-17,Office Supplies,Storage,7,419.19,0.0,2934.33
CA-2014-119375,YC-21895,2014-11-17,Furniture,Furnishings,3,41.47,0.0,124.41
CA-2014-119375,YC-21895,2014-11-17,Office Supplies,Art,5,11.55,0.0,57.75
CA-2016-125206,LR-16915,2016-01-03,Office Supplies,Storage,2,57.23,0.0,114.46
CA-2015-126137,BS-11755,2015-10-03,Furniture,Bookcases,2,60.33,0.15,120.67
CA-2014-143903,KM-16375,2014-07-20,Office Supplies,Storage,3,114.29,0.2,342.86
CA-2014-143903,KM-16375,2014-07-20,Furniture,Furnishings,5,3.35,0.6,16.74
CA-2014-143903,KM-16375,2014-07-20,Furniture,Chairs,2,490.69,0.3,981.37
CA-2014-104780,BT-11530,2014-05-21,Office Supplies,Art,8,3.98,0.0,31.84
CA-2017-101182,KB-16405,2017-09-04,Office Supplies,Paper,2,6.48,0.0,12.96
CA-2017-101182,KB-16405,2017-09-04,Technology,Phones,3,14.39,0.2,43.18
US-2017-132297,DW-13480,2017-05-27,Office Supplies,Binders,2,29.17,0.0,58.34
US-2017-132297,DW-13480,2017-05-27,Technology,Phones,3,179.99,0.0,539.97
CA-2014-100328,JC-15340,2014-01-28,Office Supplies,Binders,1,3.93,0.2,3.93
CA-2017-118773,TP-21415,2017-02-09,Office Supplies,Binders,4,63.2,0.8,252.78
CA-2017-118773,TP-21415,2017-02-09,Technology,Accessories,2,63.99,0.2,127.98
CA-2017-118773,TP-21415,2017-02-09,Furniture,Furnishings,2,1.99,0.6,3.98
CA-2017-118773,TP-21415,2017-02-09,Office Supplies,Appliances,2,6.5,0.8,12.99
US-2017-159205,DB-12910,2017-03-31,Furniture,Furnishings,5,12.2,0.0,61.0
US-2017-159205,DB-12910,2017-03-31,Technology,Phones,7,95.99,0.0,671.93
CA-2016-112123,BH-11710,2016-03-03,Office Supplies,Binders,7,63.98,0.0,447.86
CA-2016-112123,BH-11710,2016-03-03,Technology,Phones,5,95.99,0.0,479.95
CA-2016-112123,BH-11710,2016-03-03,Office Supplies,Paper,3,55.48,0.0,166.44
CA-2015-114468,TD-20995,2015-08-23,Office Supplies,Supplies,4,7.92,0.2,31.68
CA-2015-114468,TD-20995,2015-08-23,Office Supplies,Paper,2,5.18,0.2,10.37
CA-2015-114468,TD-20995,2015-08-23,Office Supplies,Fasteners,8,1.5,0.2,12.03
CA-2015-114468,TD-20995,2015-08-23,Office Supplies,Appliances,2,2.88,0.8,5.77
CA-2017-135692,CV-12805,2017-04-27,Office Supplies,Labels,4,8.28,0.2,33.12
CA-2017-135692,CV-12805,2017-04-27,Furniture,Bookcases,4,55.07,0.32,220.27
CA-2017-131233,CS-12355,2017-04-14,Office Supplies,Binders,3,3.59,0.2,10.78
CA-2017-131233,CS-12355,2017-04-14,Furniture,Bookcases,3,80.78,0.2,242.35
CA-2017-119578,JG-15310,2017-12-22,Office Supplies,Supplies,6,115.86,0.0,695.16
CA-2017-119578,JG-15310,2017-12-22,Furniture,Bookcases,1,220.98,0.0,220.98
CA-2016-124562,JP-16135,2016-12-08,Office Supplies,Binders,7,1.85,0.7,12.96
US-2017-140074,EC-14050,2017-03-23,Office Supplies,Paper,6,4.28,0.0,25.68
CA-2016-103037,KH-16630,2016-07-25,Office Supplies,Labels,4,3.93,0.2,15.71
CA-2017-127460,FG-14260,2017-07-10,Office Supplies,Storage,6,49.74,0.2,298.46
CA-2016-121671,AA-10480,2016-07-17,Office Supplies,Paper,3,7.31,0.0,21.93
CA-2016-121671,AA-10480,2016-07-17,Office Supplies,Storage,3,80.98,0.0,242.94
CA-2016-121671,AA-10480,2016-07-17,Office Supplies,Paper,1,7.64,0.0,7.64
CA-2016-121671,AA-10480,2016-07-17,Office Supplies,Paper,8,6.48,0.0,51.84
CA-2016-121671,AA-10480,2016-07-17,Office Supplies,Storage,1,265.17,0.0,265.17
CA-2016-150350,MS-17770,2016-08-23,Technology,Machines,3,279.2,0.2,837.6
CA-2016-150350,MS-17770,2016-08-23,Office Supplies,Envelopes,5,27.18,0.0,135.9
CA-2016-150350,MS-17770,2016-08-23,Office Supplies,Paper,6,5.78,0.0,34.68
CA-2016-150350,MS-17770,2016-08-23,Furniture,Chairs,6,88.78,0.2,532.7
CA-2016-150350,MS-17770,2016-08-23,Office Supplies,Appliances,5,8.62,0.0,43.1
CA-2016-150350,MS-17770,2016-08-23,Office Supplies,Supplies,4,3.97,0.0,15.88
CA-2015-121720,JE-15610,2015-06-11,Furniture,Chairs,5,224.78,0.2,1123.92
CA-2015-121720,JE-15610,2015-06-11,Technology,Phones,2,124.79,0.2,249.58
CA-2015-121720,JE-15610,2015-06-11,Furniture,Furnishings,3,16.22,0.2,48.67
CA-2015-121720,JE-15610,2015-06-11,Office Supplies,Art,2,30.38,0.2,60.77
CA-2015-121720,JE-15610,2015-06-11,Office Supplies,Binders,5,15.72,0.7,78.6
CA-2015-121720,JE-15610,2015-06-11,Office Supplies,Binders,2,1.88,0.7,3.77
CA-2015-121720,JE-15610,2015-06-11,Office Supplies,Storage,2,518.31,0.2,1036.62
CA-2015-121720,JE-15610,2015-06-11,Office Supplies,Storage,4,140.95,0.2,563.81
CA-2017-149895,EB-14110,2017-09-08,Technology,Phones,2,129.26,0.4,258.53
CA-2017-147564,BP-11155,2017-10-02,Office Supplies,Paper,4,12.28,0.0,49.12
CA-2014-136399,CC-12100,2014-12-16,Furniture,Furnishings,2,22.23,0.0,44.46
CA-2014-136399,CC-12100,2014-12-16,Furniture,Chairs,2,120.78,0.2,241.57
CA-2014-136399,CC-12100,2014-12-16,Technology,Accessories,5,79.0,0.0,395.0
CA-2014-136399,CC-12100,2014-12-16,Technology,Phones,4,156.79,0.2,627.17
CA-2014-107916,JP-15460,2014-08-24,Furniture,Furnishings,2,6.64,0.0,13.28
CA-2014-107916,JP-15460,2014-08-24,Office Supplies,Binders,3,4.22,0.2,12.67
CA-2017-164168,LS-16975,2017-11-12,Office Supplies,Binders,5,6.11,0.8,30.56
CA-2017-164168,LS-16975,2017-11-12,Office Supplies,Storage,3,25.98,0.2,77.95
CA-2017-164168,LS-16975,2017-11-12,Technology,Phones,1,67.99,0.2,67.99
CA-2017-164168,LS-16975,2017-11-12,Office Supplies,Envelopes,2,6.11,0.2,12.22
CA-2017-164168,LS-16975,2017-11-12,Technology,Accessories,2,22.39,0.2,44.78
CA-2017-164168,LS-16975,2017-11-12,Furniture,Furnishings,3,7.62,0.6,22.85
CA-2015-112557,JL-15850,2015-04-25,Office Supplies,Appliances,3,68.81,0.0,206.43
US-2014-122959,CY-12745,2014-12-12,Office Supplies,Binders,2,105.2,0.8,210.39
CA-2017-162572,RB-19360,2017-09-25,Technology,Accessories,5,23.99,0.2,119.96
CA-2017-162572,RB-19360,2017-09-25,Office Supplies,Art,6,1.77,0.2,10.61
US-2016-148110,AR-10825,2016-09-05,Furniture,Chairs,7,49.69,0.3,347.8
CA-2017-131828,CS-11845,2017-02-11,Furniture,Chairs,4,240.78,0.2,963.14
CA-2017-131828,CS-11845,2017-02-11,Technology,Phones,3,29.59,0.2,88.78
CA-2014-109218,AR-10825,2014-06-30,Office Supplies,Art,5,6.48,0.0,32.4
CA-2016-120558,RD-19810,2016-06-07,Office Supplies,Paper,5,6.48,0.0,32.4
US-2014-109036,KH-16510,2014-12-20,Office Supplies,Labels,3,10.35,0.0,31.05
CA-2015-147830,NF-18385,2015-12-15,Technology,Accessories,6,337.56,0.2,2025.36
CA-2015-147830,NF-18385,2015-12-15,Technology,Machines,2,900.0,0.7,1799.99
CA-2015-147830,NF-18385,2015-12-15,Technology,Phones,2,50.99,0.4,101.99
CA-2015-147830,NF-18385,2015-12-15,Furniture,Furnishings,7,37.55,0.2,262.86
CA-2017-150497,SM-20950,2017-07-20,Office Supplies,Binders,2,367.99,0.0,735.98
CA-2014-128986,GH-14410,2014-08-03,Office Supplies,Paper,3,31.01,0.2,93.02
CA-2015-139584,EM-13810,2015-08-24,Furniture,Tables,2,142.18,0.4,284.36
CA-2015-139584,EM-13810,2015-08-24,Technology,Accessories,2,13.0,0.0,26.0
US-2016-162677,DB-13210,2016-03-26,Office Supplies,Storage,5,13.53,0.2,67.64
US-2016-162677,DB-13210,2016-03-26,Technology,Accessories,3,39.99,0.2,119.98
US-2014-150924,PT-19090,2014-09-12,Office Supplies,Binders,5,1.04,0.8,5.18
CA-2014-153969,HF-14995,2014-09-21,Office Supplies,Envelopes,2,7.78,0.0,15.56
CA-2014-153969,HF-14995,2014-09-21,Office Supplies,Envelopes,5,15.67,0.0,78.35
CA-2014-153969,HF-14995,2014-09-21,Office Supplies,Art,3,19.84,0.0,59.52
CA-2014-153969,HF-14995,2014-09-21,Office Supplies,Paper,9,4.28,0.0,38.52
CA-2014-153969,HF-14995,2014-09-21,Technology,Phones,2,119.99,0.2,239.98
CA-2014-153969,HF-14995,2014-09-21,Office Supplies,Paper,3,6.45,0.0,19.35
CA-2016-146682,KW-16435,2016-10-29,Furniture,Furnishings,5,13.4,0.0,67.0
CA-2016-138695,KC-16675,2016-05-28,Furniture,Chairs,8,48.78,0.2,390.27
CA-2016-138695,KC-16675,2016-05-28,Office Supplies,Paper,13,4.78,0.2,62.19
CA-2017-107461,PK-19075,2017-12-21,Office Supplies,Binders,6,3.98,0.0,23.88
US-2016-133879,KT-16465,2016-03-21,Office Supplies,Binders,2,1.58,0.8,3.17
US-2016-133879,KT-16465,2016-03-21,Furniture,Chairs,5,105.69,0.3,528.43
US-2016-133879,KT-16465,2016-03-21,Office Supplies,Art,3,4.46,0.2,13.39
CA-2017-157483,EP-13915,2017-11-11,Office Supplies,Art,7,25.98,0.0,181.86
US-2017-132059,AP-10915,2017-09-23,Furniture,Bookcases,2,90.29,0.7,180.59
US-2017-132059,AP-10915,2017-09-23,Technology,Accessories,2,23.99,0.2,47.98
CA-2017-122280,SH-20395,2017-09-10,Office Supplies,Paper,2,9.38,0.0,18.76
CA-2017-105235,SM-20950,2017-12-05,Furniture,Furnishings,3,6.98,0.0,20.94
CA-2017-105235,SM-20950,2017-12-05,Furniture,Furnishings,2,29.34,0.0,58.68
CA-2017-105235,SM-20950,2017-12-05,Office Supplies,Appliances,5,50.98,0.0,254.9
CA-2017-152912,BM-11650,2017-11-09,Office Supplies,Binders,2,4.82,0.0,9.64
CA-2017-152912,BM-11650,2017-11-09,Technology,Accessories,3,275.54,0.0,826.62
CA-2017-152912,BM-11650,2017-11-09,Office Supplies,Storage,9,181.46,0.0,1633.14
CA-2017-152912,BM-11650,2017-11-09,Office Supplies,Storage,3,181.46,0.0,544.38
CA-2014-123498,TC-20980,2014-11-07,Office Supplies,Binders,3,8.68,0.8,26.05
CA-2014-123498,TC-20980,2014-11-07,Office Supplies,Envelopes,3,24.78,0.2,74.35
CA-2017-159352,KB-16585,2017-03-12,Technology,Phones,7,9.99,0.0,69.93
US-2017-146416,JE-16165,2017-10-20,Office Supplies,Labels,1,3.75,0.0,3.75
US-2017-146416,JE-16165,2017-10-20,Office Supplies,Binders,4,5.23,0.2,20.93
US-2015-163783,DR-12940,2015-12-27,Office Supplies,Storage,3,4.22,0.2,12.67
CA-2017-123981,RW-19630,2017-10-02,Technology,Phones,1,65.99,0.0,65.99
CA-2017-158953,ML-18040,2017-06-04,Office Supplies,Binders,7,0.91,0.8,6.37
CA-2014-165428,JL-15130,2014-09-01,Office Supplies,Binders,3,1.22,0.8,3.65
CA-2014-165428,JL-15130,2014-09-01,Office Supplies,Paper,6,5.18,0.2,31.1
CA-2016-169026,CM-12655,2016-08-08,Office Supplies,Fasteners,3,7.78,0.0,23.34
CA-2017-109750,FH-14365,2017-07-22,Technology,Phones,3,9.99,0.0,29.97
CA-2015-149384,EH-13945,2015-07-10,Office Supplies,Binders,3,1.12,0.7,3.37
CA-2014-131527,TB-21280,2014-12-01,Technology,Phones,4,23.99,0.2,95.97
CA-2017-164000,AH-10030,2017-12-18,Office Supplies,Art,7,2.67,0.2,18.7
CA-2014-164224,TT-21070,2014-05-18,Furniture,Furnishings,3,49.74,0.2,149.23
CA-2014-164224,TT-21070,2014-05-18,Office Supplies,Paper,4,3.98,0.2,15.94
CA-2014-158372,RD-19900,2014-11-10,Technology,Phones,8,75.19,0.2,601.54
CA-2014-158372,RD-19900,2014-11-10,Technology,Accessories,1,10.99,0.0,10.99
CA-2014-158372,RD-19900,2014-11-10,Furniture,Furnishings,2,19.94,0.0,39.88
CA-2014-158372,RD-19900,2014-11-10,Office Supplies,Paper,8,7.78,0.0,62.24
CA-2014-158372,RD-19900,2014-11-10,Furniture,Furnishings,5,10.64,0.0,53.2
CA-2014-158372,RD-19900,2014-11-10,Office Supplies,Labels,8,4.98,0.0,39.84
CA-2016-108882,LA-16780,2016-01-09,Technology,Accessories,5,69.99,0.0,349.95
CA-2016-108882,LA-16780,2016-01-09,Technology,Phones,9,41.99,0.2,377.93
US-2017-108245,SH-19975,2017-09-22,Office Supplies,Envelopes,3,4.46,0.2,13.39
US-2017-108245,SH-19975,2017-09-22,Office Supplies,Binders,7,1.6,0.8,11.23
CA-2014-142314,SF-20200,2014-12-23,Office Supplies,Appliances,11,18.84,0.0,207.24
CA-2016-132409,TH-21235,2016-05-26,Office Supplies,Art,1,1.5,0.2,1.5
CA-2016-132409,TH-21235,2016-05-26,Office Supplies,Appliances,2,17.42,0.2,34.85
CA-2017-150189,VG-21790,2017-07-08,Office Supplies,Labels,6,12.53,0.0,75.18
CA-2014-114433,NP-18325,2014-05-13,Technology,Accessories,3,49.99,0.0,149.97
CA-2017-104640,FH-14275,2017-11-10,Office Supplies,Binders,3,310.39,0.2,931.18
CA-2017-104640,FH-14275,2017-11-10,Technology,Phones,2,215.44,0.0,430.88
US-2015-137008,JP-15460,2015-10-02,Office Supplies,Paper,5,18.97,0.0,94.85
US-2015-137008,JP-15460,2015-10-02,Office Supplies,Envelopes,4,12.78,0.0,51.12
US-2015-137008,JP-15460,2015-10-02,Technology,Accessories,1,90.0,0.0,90.0
CA-2014-108189,ES-14080,2014-10-02,Office Supplies,Paper,2,4.7,0.2,9.41
CA-2014-108189,ES-14080,2014-10-02,Office Supplies,Fasteners,2,2.34,0.2,4.67
CA-2014-108189,ES-14080,2014-10-02,Technology,Phones,2,159.2,0.2,318.4
CA-2014-108189,ES-14080,2014-10-02,Office Supplies,Envelopes,6,2.13,0.2,12.77
CA-2014-108189,ES-14080,2014-10-02,Office Supplies,Supplies,2,7.68,0.2,15.36
CA-2014-108189,ES-14080,2014-10-02,Technology,Phones,3,76.79,0.2,230.38
CA-2014-108189,ES-14080,2014-10-02,Technology,Accessories,1,7.16,0.2,7.16
CA-2014-154641,KL-16645,2014-08-11,Office Supplies,Storage,1,375.34,0.0,375.34
CA-2017-131625,BN-11515,2017-09-01,Furniture,Furnishings,5,22.98,0.0,114.9
US-2017-156356,ND-18370,2017-04-16,Office Supplies,Binders,3,8.68,0.8,26.05
US-2017-156356,ND-18370,2017-04-16,Office Supplies,Binders,1,2.9,0.8,2.9
US-2017-156356,ND-18370,2017-04-16,Office Supplies,Storage,2,16.27,0.2,32.54
CA-2016-138933,JL-15130,2016-04-24,Office Supplies,Binders,1,3.98,0.2,3.98
CA-2016-140746,RC-19825,2016-01-15,Furniture,Tables,1,181.8,0.3,181.8
CA-2016-146836,CC-12475,2016-05-02,Office Supplies,Storage,3,14.98,0.0,44.94
CA-2016-146836,CC-12475,2016-05-02,Office Supplies,Binders,3,15.19,0.2,45.58
US-2016-127971,DW-13195,2016-11-20,Furniture,Chairs,5,63.69,0.3,318.43
US-2016-127971,DW-13195,2016-11-20,Technology,Phones,7,17.56,0.2,122.92
US-2016-127971,DW-13195,2016-11-20,Furniture,Furnishings,3,2.36,0.6,7.07
US-2016-140809,CK-12760,2016-02-01,Office Supplies,Storage,5,11.29,0.0,56.45
CA-2017-114524,EG-13900,2017-03-31,Office Supplies,Binders,13,1.04,0.8,13.47
CA-2017-113355,SJ-20215,2017-12-01,Technology,Phones,5,43.96,0.2,219.8
CA-2017-113355,SJ-20215,2017-12-01,Furniture,Chairs,3,105.69,0.3,317.06
US-2017-140907,BP-11185,2017-12-10,Technology,Accessories,3,16.36,0.0,49.08
US-2017-140907,BP-11185,2017-12-10,Office Supplies,Storage,5,64.98,0.0,324.9
US-2017-140907,BP-11185,2017-12-10,Office Supplies,Art,3,6.08,0.0,18.24
CA-2016-159730,SJ-20125,2016-09-17,Furniture,Chairs,2,56.94,0.2,113.89
CA-2016-159730,SJ-20125,2016-09-17,Technology,Phones,2,52.79,0.2,105.58
CA-2016-157868,MC-17590,2016-12-23,Office Supplies,Fasteners,7,3.55,0.0,24.85
CA-2017-119389,BG-11740,2017-04-17,Furniture,Furnishings,3,20.1,0.2,60.31
CA-2017-110373,MA-17560,2017-10-27,Office Supplies,Art,3,2.35,0.2,7.06
CA-2017-110373,MA-17560,2017-10-27,Technology,Phones,2,13.59,0.2,27.18
CA-2016-155474,CC-12220,2016-07-08,Technology,Phones,1,107.98,0.2,107.98
CA-2016-155474,CC-12220,2016-07-08,Office Supplies,Binders,3,6.43,0.2,19.3
CA-2015-155453,RA-19885,2015-08-09,Office Supplies,Labels,2,2.3,0.2,4.61
US-2016-161844,DK-12835,2016-12-09,Furniture,Tables,3,26.66,0.4,79.97
US-2016-161844,DK-12835,2016-12-09,Office Supplies,Binders,2,1.47,0.7,2.95
US-2016-162103,LB-16795,2016-11-13,Office Supplies,Binders,2,1.57,0.8,3.14
CA-2014-151554,CM-11815,2014-11-14,Office Supplies,Paper,4,5.18,0.2,20.74
CA-2014-140662,TS-21205,2014-11-17,Technology,Accessories,2,49.99,0.0,99.98
CA-2014-140662,TS-21205,2014-11-17,Office Supplies,Paper,7,104.85,0.0,733.95
CA-2014-140662,TS-21205,2014-11-17,Office Supplies,Appliances,3,80.48,0.0,241.44
CA-2016-122518,RF-19345,2016-03-04,Office Supplies,Labels,4,2.52,0.2,10.08
US-2014-126571,JF-15565,2014-10-11,Office Supplies,Storage,2,140.95,0.2,281.9
US-2014-126571,JF-15565,2014-10-11,Office Supplies,Envelopes,3,67.14,0.2,201.43
CA-2014-143840,EH-14185,2014-05-22,Technology,Phones,2,67.99,0.0,135.98
CA-2014-143840,EH-14185,2014-05-22,Technology,Phones,1,44.95,0.0,44.95
CA-2014-115980,VW-21775,2014-07-15,Technology,Accessories,3,0.99,0.0,2.97
CA-2014-115980,VW-21775,2014-07-15,Office Supplies,Fasteners,3,2.18,0.0,6.54
CA-2015-155145,KN-16450,2015-12-27,Technology,Accessories,8,0.99,0.0,7.92
CA-2015-146038,SJ-20215,2015-02-09,Furniture,Chairs,5,40.78,0.2,203.92
CA-2017-133865,PS-19045,2017-05-08,Technology,Copiers,6,559.99,0.2,3359.95
CA-2017-116358,KM-16225,2017-11-02,Office Supplies,Fasteners,3,6.08,0.0,18.24
CA-2017-116358,KM-16225,2017-11-02,Office Supplies,Art,6,4.63,0.0,27.78
CA-2014-102988,GM-14695,2014-04-05,Office Supplies,Art,7,3.28,0.0,22.96
CA-2014-102988,GM-14695,2014-04-05,Technology,Phones,1,28.99,0.0,28.99
CA-2014-102988,GM-14695,2014-04-05,Office Supplies,Paper,2,6.48,0.0,12.96
CA-2014-102988,GM-14695,2014-04-05,Office Supplies,Art,7,3.28,0.0,22.96
CA-2014-102988,GM-14695,2014-04-05,Office Supplies,Supplies,5,832.81,0.0,4164.05
US-2014-117170,KT-16465,2014-09-17,Technology,Accessories,2,23.99,0.2,47.98
US-2014-117170,KT-16465,2014-09-17,Office Supplies,Paper,1,4.62,0.2,4.62
CA-2014-159478,MH-17785,2014-09-30,Furniture,Furnishings,3,5.08,0.0,15.24
CA-2014-103702,AF-10885,2014-09-12,Office Supplies,Binders,7,9.13,0.7,63.92
CA-2017-150525,JP-16135,2017-02-20,Office Supplies,Art,2,3.28,0.0,6.56
CA-2017-150525,JP-16135,2017-02-20,Office Supplies,Appliances,3,4.37,0.0,13.11
CA-2015-157770,RD-19585,2015-12-13,Technology,Phones,3,164.79,0.2,494.38
CA-2015-157770,RD-19585,2015-12-13,Office Supplies,Binders,5,5.84,0.2,29.2
CA-2015-157770,RD-19585,2015-12-13,Technology,Accessories,5,49.77,0.0,248.85
CA-2015-157770,RD-19585,2015-12-13,Technology,Accessories,1,36.24,0.0,36.24
CA-2016-167290,JF-15295,2016-10-30,Office Supplies,Art,2,5.84,0.0,11.68
CA-2014-106264,CK-12595,2014-12-26,Office Supplies,Supplies,3,3.97,0.0,11.91
CA-2014-106264,CK-12595,2014-12-26,Furniture,Furnishings,2,1.74,0.0,3.48
CA-2014-138023,KH-16510,2014-08-15,Office Supplies,Binders,8,3.87,0.8,30.96
CA-2017-113418,CM-12655,2017-10-01,Technology,Machines,11,154.99,0.0,1704.89
US-2015-110569,EB-13870,2015-05-23,Office Supplies,Binders,7,2.74,0.7,19.19
US-2015-110569,EB-13870,2015-05-23,Office Supplies,Appliances,4,30.45,0.2,121.79
CA-2017-136308,MW-18235,2017-11-16,Technology,Machines,3,639.99,0.2,1919.98
US-2014-159926,CS-11950,2014-11-18,Office Supplies,Binders,1,51.0,0.7,51.0
US-2014-159926,CS-11950,2014-11-18,Office Supplies,Storage,1,76.79,0.2,76.79
US-2014-159926,CS-11950,2014-11-18,Technology,Phones,6,89.99,0.4,539.96
US-2014-159926,CS-11950,2014-11-18,Furniture,Furnishings,3,20.1,0.2,60.31
US-2014-159926,CS-11950,2014-11-18,Office Supplies,Binders,3,0.65,0.7,1.94
CA-2014-104738,SP-20620,2014-12-30,Office Supplies,Envelopes,3,4.33,0.2,12.98
CA-2014-104738,SP-20620,2014-12-30,Technology,Phones,2,108.79,0.2,217.58
CA-2014-104738,SP-20620,2014-12-30,Technology,Phones,3,109.59,0.2,328.78
CA-2014-104738,SP-20620,2014-12-30,Office Supplies,Binders,3,0.76,0.8,2.29
CA-2014-104738,SP-20620,2014-12-30,Technology,Accessories,2,23.99,0.2,47.98
CA-2015-144386,GT-14635,2015-11-05,Office Supplies,Binders,6,4.22,0.2,25.34
CA-2016-111416,LW-17215,2016-09-17,Office Supplies,Binders,5,46.48,0.2,232.4
CA-2016-162747,AH-10030,2016-03-20,Furniture,Furnishings,7,12.35,0.0,86.45
US-2014-133130,TH-21100,2014-09-27,Furniture,Chairs,5,120.78,0.2,603.92
US-2014-133130,TH-21100,2014-09-27,Office Supplies,Paper,2,40.99,0.0,81.98
CA-2017-169978,HG-15025,2017-12-24,Furniture,Chairs,2,135.88,0.1,271.76
CA-2017-169978,HG-15025,2017-12-24,Office Supplies,Binders,3,4.79,0.2,14.38
CA-2017-161739,EB-13750,2017-11-10,Furniture,Furnishings,5,68.39,0.6,341.96
CA-2015-165057,SC-20725,2015-09-11,Office Supplies,Art,9,20.15,0.0,181.35
CA-2015-165057,SC-20725,2015-09-11,Office Supplies,Labels,3,2.88,0.0,8.64
CA-2014-134551,TS-21505,2014-12-20,Office Supplies,Appliances,7,6.22,0.2,43.51
CA-2014-134551,TS-21505,2014-12-20,Furniture,Chairs,3,220.96,0.2,662.88
CA-2014-134551,TS-21505,2014-12-20,Office Supplies,Paper,5,5.18,0.2,25.92
CA-2015-120810,TH-21550,2015-07-23,Office Supplies,Appliances,3,22.98,0.0,68.94
CA-2015-120810,TH-21550,2015-07-23,Furniture,Furnishings,3,42.94,0.0,128.82
CA-2014-165309,KD-16270,2014-11-11,Office Supplies,Binders,5,179.4,0.8,896.99
CA-2014-165309,KD-16270,2014-11-11,Office Supplies,Binders,1,1.23,0.8,1.23
CA-2014-165309,KD-16270,2014-11-11,Office Supplies,Art,3,22.52,0.2,67.56
CA-2014-165309,KD-16270,2014-11-11,Office Supplies,Paper,5,4.34,0.2,21.72
CA-2014-165309,KD-16270,2014-11-11,Office Supplies,Paper,8,32.79,0.2,262.34
CA-2014-165309,KD-16270,2014-11-11,Technology,Phones,2,74.24,0.2,148.48
CA-2014-165309,KD-16270,2014-11-11,Technology,Phones,3,80.39,0.2,241.18
CA-2017-122595,GM-14455,2017-12-14,Technology,Accessories,3,75.99,0.2,227.98
CA-2017-122595,GM-14455,2017-12-14,Technology,Phones,3,17.56,0.2,52.68
CA-2017-122595,GM-14455,2017-12-14,Furniture,Furnishings,1,2.03,0.6,2.03
US-2017-109253,PR-18880,2017-08-21,Office Supplies,Art,4,4.28,0.0,17.12
US-2017-109253,PR-18880,2017-08-21,Technology,Phones,4,107.99,0.2,431.97
US-2017-109253,PR-18880,2017-08-21,Furniture,Furnishings,4,32.48,0.0,129.92
US-2017-109253,PR-18880,2017-08-21,Furniture,Tables,3,189.58,0.2,568.73
US-2017-109253,PR-18880,2017-08-21,Office Supplies,Binders,9,13.02,0.2,117.14
US-2017-109253,PR-18880,2017-08-21,Office Supplies,Appliances,3,67.84,0.0,203.52
US-2017-109253,PR-18880,2017-08-21,Office Supplies,Labels,5,10.35,0.0,51.75
CA-2016-145982,TB-21055,2016-08-27,Office Supplies,Paper,3,40.99,0.0,122.97
CA-2016-145982,TB-21055,2016-08-27,Furniture,Tables,1,244.62,0.3,244.62
CA-2016-145982,TB-21055,2016-08-27,Technology,Phones,3,19.99,0.0,59.97
CA-2016-145982,TB-21055,2016-08-27,Office Supplies,Paper,9,9.06,0.0,81.54
CA-2016-145982,TB-21055,2016-08-27,Office Supplies,Fasteners,4,2.92,0.0,11.68
CA-2016-145982,TB-21055,2016-08-27,Office Supplies,Binders,5,5.8,0.0,29.0
CA-2015-112014,ON-18715,2015-08-13,Office Supplies,Art,5,10.16,0.0,50.8
CA-2017-154732,AH-10195,2017-11-05,Office Supplies,Binders,5,3.21,0.8,16.03
US-2016-157308,NM-18520,2016-08-17,Office Supplies,Binders,4,3.93,0.2,15.71
CA-2016-147536,AR-10510,2016-12-26,Technology,Accessories,3,29.99,0.0,89.97
US-2014-134733,BM-11650,2014-09-23,Furniture,Bookcases,3,145.33,0.15,436.0
US-2014-134733,BM-11650,2014-09-23,Technology,Phones,2,41.99,0.2,83.98
US-2014-150434,CA-12310,2014-07-19,Technology,Phones,2,179.99,0.0,359.98
US-2014-150434,CA-12310,2014-07-19,Furniture,Tables,1,70.56,0.3,70.56
US-2014-150434,CA-12310,2014-07-19,Office Supplies,Binders,2,10.44,0.0,20.88
US-2014-150434,CA-12310,2014-07-19,Office Supplies,Binders,1,3.81,0.0,3.81
CA-2017-100335,NF-18595,2017-09-07,Office Supplies,Paper,9,8.11,0.2,73.01
CA-2016-139234,AF-10870,2016-05-06,Office Supplies,Binders,2,1.6,0.8,3.21
CA-2016-139234,AF-10870,2016-05-06,Technology,Accessories,2,13.09,0.2,26.18
US-2015-142020,TC-21535,2015-06-04,Office Supplies,Paper,4,7.61,0.0,30.44
US-2015-142020,TC-21535,2015-06-04,Furniture,Furnishings,3,11.76,0.0,35.28
CA-2015-139962,Dp-13240,2015-12-13,Office Supplies,Paper,3,6.48,0.0,19.44
CA-2015-139962,Dp-13240,2015-12-13,Office Supplies,Binders,2,18.94,0.0,37.88
CA-2016-130050,MC-17425,2016-07-16,Furniture,Furnishings,3,3.18,0.6,9.55
CA-2014-115161,LC-17050,2014-01-31,Furniture,Bookcases,2,145.33,0.15,290.67
CA-2014-165379,BM-11650,2014-07-09,Office Supplies,Paper,2,5.18,0.2,10.37
CA-2014-165379,BM-11650,2014-07-09,Office Supplies,Paper,3,4.78,0.2,14.35
CA-2015-115511,NW-18400,2015-11-21,Furniture,Bookcases,2,70.98,0.0,141.96
CA-2015-115511,NW-18400,2015-11-21,Office Supplies,Binders,4,16.51,0.2,66.05
CA-2016-134887,TB-21280,2016-03-25,Technology,Accessories,5,257.49,0.0,1287.45
CA-2017-123778,BS-11755,2017-09-23,Office Supplies,Binders,6,4.3,0.2,25.82
CA-2017-123778,BS-11755,2017-09-23,Office Supplies,Appliances,2,80.48,0.0,160.96
CA-2015-161718,SO-20335,2015-12-04,Furniture,Furnishings,3,9.48,0.0,28.44
CA-2015-161718,SO-20335,2015-12-04,Furniture,Chairs,5,72.88,0.1,364.41
CA-2015-161718,SO-20335,2015-12-04,Technology,Phones,4,9.99,0.0,39.96
CA-2015-161718,SO-20335,2015-12-04,Furniture,Chairs,2,180.88,0.1,361.76
CA-2016-100671,CS-12490,2016-11-01,Office Supplies,Storage,9,12.41,0.2,111.67
CA-2017-142867,PO-19180,2017-03-17,Office Supplies,Binders,6,2.3,0.8,13.78
CA-2017-142867,PO-19180,2017-03-17,Office Supplies,Paper,3,3.42,0.2,10.27
CA-2017-103156,TD-20995,2017-11-23,Furniture,Furnishings,9,2.67,0.2,24.05
US-2017-162208,SP-20620,2017-08-27,Office Supplies,Envelopes,1,2.9,0.2,2.9
CA-2015-130659,MS-17365,2015-12-04,Office Supplies,Envelopes,3,5.98,0.0,17.94
CA-2015-130659,MS-17365,2015-12-04,Furniture,Chairs,7,54.88,0.1,384.17
CA-2015-130659,MS-17365,2015-12-04,Technology,Phones,5,359.95,0.0,1799.75
CA-2017-148404,Dp-13240,2017-10-07,Office Supplies,Storage,4,145.17,0.2,580.67
CA-2017-148404,Dp-13240,2017-10-07,Office Supplies,Fasteners,3,6.31,0.2,18.94
CA-2017-148404,Dp-13240,2017-10-07,Technology,Phones,2,111.19,0.2,222.38
CA-2017-148404,Dp-13240,2017-10-07,Office Supplies,Binders,6,8.41,0.7,50.45
CA-2017-148404,Dp-13240,2017-10-07,Furniture,Tables,3,51.59,0.4,154.76
CA-2017-101077,DB-13660,2017-03-25,Office Supplies,Paper,2,3.42,0.2,6.85
CA-2014-166471,MG-17650,2014-08-09,Technology,Phones,4,272.79,0.2,1091.17
CA-2014-166471,MG-17650,2014-08-09,Technology,Phones,2,109.58,0.2,219.17
CA-2014-105340,EH-14185,2014-11-22,Office Supplies,Binders,1,6.93,0.8,6.93
US-2017-131583,CL-11890,2017-06-10,Office Supplies,Paper,6,6.67,0.2,40.03
US-2017-148362,KF-16285,2017-07-01,Office Supplies,Storage,4,110.98,0.0,443.92
US-2017-148362,KF-16285,2017-07-01,Office Supplies,Binders,1,169.99,0.0,169.99
US-2017-148362,KF-16285,2017-07-01,Office Supplies,Paper,4,6.48,0.0,25.92
CA-2014-102274,DH-13075,2014-11-21,Technology,Phones,1,36.99,0.0,36.99
CA-2014-102274,DH-13075,2014-11-21,Office Supplies,Paper,6,104.85,0.0,629.1
CA-2014-102274,DH-13075,2014-11-21,Office Supplies,Storage,3,64.65,0.0,193.95
CA-2014-102274,DH-13075,2014-11-21,Office Supplies,Art,3,1.82,0.0,5.46
CA-2015-129700,LA-16780,2015-05-04,Furniture,Furnishings,7,3.18,0.6,22.29
CA-2017-168739,HZ-14950,2017-05-29,Furniture,Furnishings,4,16.36,0.6,65.42
CA-2015-152527,CM-12190,2015-10-17,Office Supplies,Storage,2,38.94,0.0,77.88
US-2014-150119,LB-16795,2014-04-23,Furniture,Chairs,2,140.69,0.3,281.37
US-2014-150119,LB-16795,2014-04-23,Furniture,Chairs,2,140.69,0.3,281.37
US-2014-150119,LB-16795,2014-04-23,Office Supplies,Binders,8,0.94,0.7,7.49
US-2014-150119,LB-16795,2014-04-23,Furniture,Furnishings,4,5.58,0.2,22.34
US-2017-150847,JF-15490,2017-04-30,Office Supplies,Paper,2,5.18,0.2,10.37
CA-2016-100244,GM-14695,2016-09-20,Office Supplies,Paper,9,7.31,0.0,65.79
CA-2016-100244,GM-14695,2016-09-20,Office Supplies,Binders,2,135.99,0.2,271.98
CA-2016-100244,GM-14695,2016-09-20,Office Supplies,Art,4,2.94,0.0,11.76
CA-2016-100244,GM-14695,2016-09-20,Office Supplies,Paper,2,38.76,0.0,77.52
CA-2016-100244,GM-14695,2016-09-20,Office Supplies,Binders,2,24.32,0.2,48.64
CA-2016-116540,SS-20590,2016-09-02,Office Supplies,Fasteners,1,1.81,0.0,1.81
CA-2016-116540,SS-20590,2016-09-02,Office Supplies,Binders,2,4.13,0.0,8.26
CA-2015-151841,TC-21475,2015-04-27,Office Supplies,Appliances,5,8.71,0.2,43.56
CA-2015-151841,TC-21475,2015-04-27,Office Supplies,Supplies,2,2.92,0.2,5.84
CA-2015-150791,CC-12430,2015-09-06,Furniture,Chairs,2,135.88,0.1,271.76
CA-2016-134803,CL-12565,2016-05-28,Office Supplies,Appliances,2,131.12,0.0,262.24
CA-2016-134803,CL-12565,2016-05-28,Office Supplies,Paper,8,22.84,0.0,182.72
CA-2016-134803,CL-12565,2016-05-28,Technology,Accessories,7,18.8,0.0,131.6
CA-2016-134803,CL-12565,2016-05-28,Office Supplies,Binders,4,5.68,0.2,22.72
CA-2016-134803,CL-12565,2016-05-28,Technology,Machines,2,279.2,0.2,558.4
CA-2015-153381,DE-13255,2015-09-24,Office Supplies,Binders,4,3.81,0.0,15.24
CA-2015-153381,DE-13255,2015-09-24,Furniture,Chairs,10,140.81,0.0,1408.1
US-2017-111024,SZ-20035,2017-07-03,Office Supplies,Paper,4,8.22,0.2,32.9
US-2017-111024,SZ-20035,2017-07-03,Furniture,Tables,2,107.57,0.4,215.15
US-2017-111024,SZ-20035,2017-07-03,Office Supplies,Paper,6,5.16,0.2,30.96
CA-2017-148264,LF-17185,2017-12-08,Office Supplies,Storage,3,9.93,0.0,29.79
CA-2017-148264,LF-17185,2017-12-08,Furniture,Furnishings,2,64.45,0.0,128.9
CA-2017-148264,LF-17185,2017-12-08,Office Supplies,Paper,9,6.68,0.0,60.12
CA-2017-131212,AB-10165,2017-12-05,Office Supplies,Binders,3,8.27,0.2,24.82
CA-2017-131212,AB-10165,2017-12-05,Office Supplies,Binders,6,2.5,0.2,14.98
US-2015-100531,NM-18520,2015-09-27,Office Supplies,Binders,2,7.54,0.8,15.08
US-2015-100531,NM-18520,2015-09-27,Furniture,Furnishings,3,8.1,0.6,24.29
CA-2017-152583,RA-19945,2017-10-30,Furniture,Furnishings,2,8.1,0.6,16.19
CA-2017-152583,RA-19945,2017-10-30,Furniture,Tables,2,125.5,0.3,251.01
CA-2017-152583,RA-19945,2017-10-30,Office Supplies,Storage,6,9.03,0.2,54.19
CA-2015-144099,PO-19195,2015-11-29,Office Supplies,Binders,1,4.3,0.2,4.3
CA-2014-158337,KA-16525,2014-03-11,Office Supplies,Paper,14,7.78,0.0,108.92
CA-2017-168858,JD-16150,2017-11-19,Office Supplies,Envelopes,3,5.58,0.0,16.74
CA-2017-168858,JD-16150,2017-11-19,Office Supplies,Appliances,7,357.82,0.0,2504.74
CA-2016-116344,JO-15145,2016-07-29,Office Supplies,Storage,2,42.39,0.2,84.78
CA-2015-131779,LE-16810,2015-06-12,Office Supplies,Storage,5,5.98,0.0,29.9
CA-2016-158869,AH-10690,2016-08-06,Office Supplies,Paper,2,35.44,0.0,70.88
CA-2017-102554,KN-16705,2017-06-11,Office Supplies,Art,2,1.88,0.0,3.76
CA-2016-162614,TB-21250,2016-10-07,Office Supplies,Binders,2,13.63,0.2,27.26
CA-2014-168592,DP-13390,2014-09-08,Office Supplies,Appliances,5,11.33,0.0,56.65
CA-2014-168592,DP-13390,2014-09-08,Office Supplies,Storage,1,14.97,0.0,14.97
CA-2014-168592,DP-13390,2014-09-08,Office Supplies,Fasteners,2,2.01,0.0,4.02
CA-2014-157609,KN-16705,2014-03-16,Technology,Phones,2,235.96,0.2,471.92
CA-2015-153325,ST-20530,2015-03-01,Office Supplies,Binders,4,14.68,0.0,58.72
CA-2015-153626,EB-13870,2015-07-09,Office Supplies,Art,3,1.72,0.2,5.16
CA-2016-166485,AH-10210,2016-02-20,Office Supplies,Paper,2,8.25,0.2,16.5
CA-2017-136448,AS-10090,2017-09-16,Technology,Accessories,3,23.99,0.2,71.98
CA-2017-136448,AS-10090,2017-09-16,Furniture,Furnishings,3,7.5,0.2,22.51
CA-2017-136448,AS-10090,2017-09-16,Office Supplies,Binders,2,1.72,0.7,3.44
CA-2017-136448,AS-10090,2017-09-16,Office Supplies,Binders,2,269.1,0.7,538.19
CA-2017-136448,AS-10090,2017-09-16,Technology,Accessories,2,23.99,0.2,47.98
CA-2017-114258,EM-13825,2017-11-05,Technology,Phones,4,123.19,0.2,492.77
CA-2015-152611,KA-16525,2015-02-20,Office Supplies,Art,7,40.97,0.0,286.79
CA-2016-165470,HJ-14875,2016-11-25,Office Supplies,Paper,1,5.08,0.2,5.08
CA-2017-128699,ND-18370,2017-12-03,Technology,Accessories,1,47.99,0.2,47.99
US-2015-147242,EH-13765,2015-09-10,Office Supplies,Appliances,2,30.98,0.0,61.96
US-2015-147242,EH-13765,2015-09-10,Furniture,Bookcases,2,180.98,0.0,361.96
US-2015-147242,EH-13765,2015-09-10,Office Supplies,Paper,9,30.98,0.0,278.82
CA-2016-146143,MC-17845,2016-12-14,Furniture,Furnishings,6,22.23,0.0,133.38
CA-2015-100888,MH-17455,2015-04-06,Office Supplies,Paper,3,15.98,0.2,47.95
US-2016-150035,CL-11890,2016-12-01,Furniture,Furnishings,2,8.37,0.0,16.74
CA-2017-122644,SF-20965,2017-11-12,Office Supplies,Paper,2,5.42,0.2,10.85
CA-2017-122644,SF-20965,2017-11-12,Technology,Accessories,2,9.27,0.2,18.54
CA-2017-111815,EP-13915,2017-03-03,Furniture,Chairs,1,180.98,0.0,180.98
CA-2017-111815,EP-13915,2017-03-03,Technology,Accessories,2,49.99,0.0,99.98
CA-2016-144911,RW-19630,2016-11-27,Technology,Accessories,5,6.99,0.0,34.95
CA-2016-144911,RW-19630,2016-11-27,Office Supplies,Binders,5,30.4,0.0,152.0
CA-2014-143385,SJ-20500,2014-08-31,Technology,Accessories,9,10.28,0.0,92.52
CA-2016-131289,SP-20620,2016-12-08,Office Supplies,Art,2,4.28,0.0,8.56
CA-2016-131289,SP-20620,2016-12-08,Office Supplies,Paper,7,6.48,0.0,45.36
CA-2016-131289,SP-20620,2016-12-08,Furniture,Tables,6,236.94,0.2,1421.66
CA-2014-124023,PJ-19015,2014-04-07,Furniture,Furnishings,2,4.48,0.0,8.96
CA-2014-124688,CC-12610,2014-08-27,Technology,Phones,5,115.99,0.0,579.95
CA-2014-124688,CC-12610,2014-08-27,Furniture,Furnishings,4,7.28,0.0,29.12
CA-2014-124688,CC-12610,2014-08-27,Furniture,Tables,3,400.98,0.0,1202.94
CA-2016-151169,MY-18295,2016-10-21,Office Supplies,Binders,4,1.98,0.0,7.92
US-2016-134761,DB-13210,2016-11-30,Technology,Phones,1,36.19,0.2,36.19
CA-2017-120705,MG-17875,2017-09-05,Office Supplies,Storage,2,73.59,0.2,147.18
CA-2015-157322,RH-19600,2015-07-02,Furniture,Chairs,2,204.21,0.3,408.42
CA-2015-157322,RH-19600,2015-07-02,Furniture,Chairs,6,63.69,0.3,382.12
CA-2015-157322,RH-19600,2015-07-02,Office Supplies,Storage,5,13.72,0.2,68.6
CA-2015-157322,RH-19600,2015-07-02,Office Supplies,Storage,3,145.17,0.2,435.5
CA-2015-157322,RH-19600,2015-07-02,Office Supplies,Paper,2,5.58,0.2,11.17
CA-2017-142034,KB-16240,2017-09-24,Technology,Accessories,4,18.0,0.0,72.0
CA-2017-142034,KB-16240,2017-09-24,Technology,Accessories,5,131.18,0.0,655.9
CA-2017-142034,KB-16240,2017-09-24,Furniture,Chairs,4,150.98,0.0,603.92
CA-2016-107328,CA-12055,2016-08-08,Furniture,Tables,2,256.51,0.2,513.02
CA-2016-107328,CA-12055,2016-08-08,Office Supplies,Appliances,6,81.32,0.0,487.92
CA-2016-107328,CA-12055,2016-08-08,Office Supplies,Binders,5,3.05,0.2,15.24
CA-2016-108616,JK-15730,2016-09-29,Technology,Accessories,3,69.99,0.0,209.97
CA-2016-108616,JK-15730,2016-09-29,Office Supplies,Binders,3,20.98,0.0,62.94
CA-2016-108616,JK-15730,2016-09-29,Office Supplies,Art,9,2.88,0.0,25.92
CA-2017-125115,RD-19930,2017-04-10,Office Supplies,Paper,2,5.18,0.2,10.37
CA-2017-125115,RD-19930,2017-04-10,Technology,Accessories,3,31.91,0.2,95.74
CA-2016-150945,JK-16120,2016-12-18,Office Supplies,Storage,4,225.02,0.0,900.08
CA-2014-166863,SC-20020,2014-06-20,Technology,Phones,2,100.79,0.2,201.58
CA-2014-166863,SC-20020,2014-06-20,Office Supplies,Binders,4,0.85,0.8,3.39
CA-2014-166863,SC-20020,2014-06-20,Furniture,Bookcases,4,48.27,0.32,193.07
CA-2014-166863,SC-20020,2014-06-20,Office Supplies,Paper,3,5.18,0.2,15.55
CA-2014-166863,SC-20020,2014-06-20,Office Supplies,Paper,2,5.82,0.2,11.65
CA-2014-166863,SC-20020,2014-06-20,Technology,Machines,2,209.4,0.4,418.8
CA-2014-166863,SC-20020,2014-06-20,Office Supplies,Storage,7,72.78,0.2,509.49
CA-2017-140326,HW-14935,2017-09-04,Furniture,Bookcases,9,91.69,0.3,825.17
CA-2017-140326,HW-14935,2017-09-04,Office Supplies,Paper,3,5.92,0.2,17.76
CA-2017-140326,HW-14935,2017-09-04,Office Supplies,Art,3,2.3,0.2,6.91
CA-2016-168536,SC-20800,2016-12-20,Technology,Accessories,3,22.1,0.0,66.3
US-2016-113649,HA-14920,2016-08-09,Office Supplies,Paper,9,3.42,0.2,30.82
US-2016-113649,HA-14920,2016-08-09,Technology,Phones,2,22.39,0.2,44.78
US-2016-113649,HA-14920,2016-08-09,Office Supplies,Appliances,4,142.38,0.2,569.54
CA-2015-124975,MG-17875,2015-06-22,Furniture,Tables,7,113.78,0.5,796.42
CA-2015-168767,DM-12955,2015-04-10,Office Supplies,Binders,2,6.42,0.2,12.83
CA-2016-114482,DM-13345,2016-11-21,Office Supplies,Paper,7,5.78,0.0,40.46
CA-2016-114482,DM-13345,2016-11-21,Technology,Phones,3,134.98,0.0,404.94
CA-2016-137673,ML-17395,2016-09-05,Technology,Accessories,8,14.5,0.0,116.0
CA-2016-132731,GA-14515,2016-11-24,Technology,Phones,6,109.59,0.2,657.55
CA-2017-148922,SU-20665,2017-12-10,Technology,Accessories,3,199.99,0.0,599.97
CA-2017-148922,SU-20665,2017-12-10,Technology,Phones,3,12.99,0.0,38.97
CA-2017-148922,SU-20665,2017-12-10,Office Supplies,Binders,8,5.73,0.0,45.84
CA-2016-130680,BD-11320,2016-06-24,Technology,Phones,4,9.56,0.2,38.24
CA-2015-141145,DB-13405,2015-09-17,Technology,Accessories,3,29.06,0.2,87.17
US-2016-152835,RP-19855,2016-05-19,Office Supplies,Art,5,4.28,0.0,21.4
CA-2016-155565,EH-13765,2016-05-28,Office Supplies,Supplies,5,10.98,0.0,54.9
CA-2014-110849,JL-15835,2014-04-18,Technology,Machines,4,71.99,0.2,287.97
CA-2014-110849,JL-15835,2014-04-18,Office Supplies,Art,4,3.28,0.0,13.12
CA-2014-110849,JL-15835,2014-04-18,Office Supplies,Art,5,2.15,0.0,10.75
CA-2014-110849,JL-15835,2014-04-18,Office Supplies,Fasteners,2,5.81,0.0,11.62
CA-2016-145842,FM-14380,2016-06-17,Office Supplies,Storage,3,13.58,0.0,40.74
CA-2014-158771,SB-20290,2014-05-09,Office Supplies,Storage,3,27.75,0.0,83.25
CA-2014-158771,SB-20290,2014-05-09,Office Supplies,Labels,3,3.15,0.0,9.45
CA-2014-158771,SB-20290,2014-05-09,Office Supplies,Labels,5,4.13,0.0,20.65
CA-2014-158771,SB-20290,2014-05-09,Office Supplies,Paper,7,6.48,0.0,45.36
CA-2016-157511,SV-20365,2016-09-18,Furniture,Furnishings,3,1.78,0.2,5.35
CA-2016-157511,SV-20365,2016-09-18,Furniture,Chairs,2,49.69,0.3,99.37
CA-2016-157511,SV-20365,2016-09-18,Office Supplies,Art,1,2.67,0.2,2.67
CA-2017-121216,MM-17920,2017-12-23,Office Supplies,Paper,8,3.58,0.2,28.67
CA-2017-121216,MM-17920,2017-12-23,Office Supplies,Appliances,8,3.66,0.8,29.31
CA-2017-155292,RD-19810,2017-10-30,Office Supplies,Storage,7,15.14,0.0,105.98
CA-2017-155292,RD-19810,2017-10-30,Office Supplies,Supplies,2,17.53,0.0,35.06
CA-2017-155292,RD-19810,2017-10-30,Furniture,Chairs,1,33.94,0.0,33.94
CA-2017-155292,RD-19810,2017-10-30,Office Supplies,Labels,8,3.75,0.0,30.0
CA-2016-152555,ME-17320,2016-03-29,Office Supplies,Paper,3,15.18,0.2,45.53
CA-2016-152555,ME-17320,2016-03-29,Furniture,Chairs,6,140.69,0.3,844.12
CA-2016-152555,ME-17320,2016-03-29,Technology,Phones,8,101.59,0.2,812.74
CA-2017-107832,FH-14275,2017-11-23,Office Supplies,Binders,1,7.48,0.7,7.48
CA-2014-120838,PO-18865,2014-03-23,Office Supplies,Storage,2,165.2,0.0,330.4
CA-2014-120838,PO-18865,2014-03-23,Technology,Phones,6,100.79,0.2,604.75
CA-2017-118542,CC-12550,2017-12-01,Office Supplies,Paper,7,6.48,0.0,45.36
CA-2017-118542,CC-12550,2017-12-01,Office Supplies,Binders,2,5.06,0.2,10.13
CA-2017-152737,TS-21505,2017-11-07,Office Supplies,Binders,4,5.45,0.2,21.79
CA-2017-152737,TS-21505,2017-11-07,Technology,Accessories,4,109.95,0.0,439.8
CA-2017-109757,MD-17350,2017-09-04,Office Supplies,Art,4,2.06,0.2,8.26
CA-2017-109757,MD-17350,2017-09-04,Office Supplies,Binders,5,5.11,0.7,25.56
CA-2017-109757,MD-17350,2017-09-04,Office Supplies,Binders,2,2.18,0.7,4.37
CA-2017-109757,MD-17350,2017-09-04,Office Supplies,Paper,4,2.88,0.2,11.52
CA-2016-130029,GT-14755,2016-07-03,Office Supplies,Paper,2,6.48,0.0,12.96
CA-2016-130029,GT-14755,2016-07-03,Office Supplies,Fasteners,2,1.98,0.0,3.96
CA-2017-103877,RD-19660,2017-09-07,Office Supplies,Binders,3,525.98,0.0,1577.94
CA-2016-137176,DB-12910,2016-09-09,Furniture,Furnishings,4,3.75,0.6,15.01
CA-2017-168109,JK-15640,2017-07-03,Technology,Accessories,2,29.99,0.0,59.98
CA-2017-168109,JK-15640,2017-07-03,Technology,Machines,6,399.2,0.2,2395.2
CA-2017-168109,JK-15640,2017-07-03,Technology,Accessories,4,421.95,0.0,1687.8
CA-2017-168109,JK-15640,2017-07-03,Technology,Phones,1,7.99,0.2,7.99
US-2017-126081,FC-14335,2017-06-29,Office Supplies,Paper,1,5.18,0.2,5.18
CA-2017-117023,JW-15955,2017-08-07,Office Supplies,Art,2,5.84,0.0,11.68
CA-2017-117023,JW-15955,2017-08-07,Office Supplies,Art,10,10.48,0.0,104.8
CA-2015-143532,DC-12850,2015-03-19,Office Supplies,Paper,3,4.83,0.2,14.5
CA-2016-103163,FM-14290,2016-06-07,Office Supplies,Binders,1,4.78,0.2,4.78
CA-2016-103163,FM-14290,2016-06-07,Office Supplies,Paper,1,4.73,0.0,4.73
CA-2016-104157,MT-17815,2016-07-25,Office Supplies,Storage,1,7.89,0.0,7.89
CA-2016-104157,MT-17815,2016-07-25,Office Supplies,Paper,5,13.1,0.0,65.5
CA-2016-104157,MT-17815,2016-07-25,Furniture,Tables,8,303.76,0.0,2430.08
CA-2017-117807,DK-13090,2017-10-01,Office Supplies,Paper,1,104.85,0.0,104.85
CA-2015-121650,KD-16495,2015-12-10,Office Supplies,Art,2,1.95,0.0,3.9
CA-2015-121650,KD-16495,2015-12-10,Furniture,Tables,2,400.98,0.0,801.96
CA-2015-121650,KD-16495,2015-12-10,Furniture,Chairs,2,95.98,0.0,191.96
CA-2015-121650,KD-16495,2015-12-10,Office Supplies,Labels,1,2.61,0.0,2.61
CA-2017-161823,AG-10300,2017-09-03,Office Supplies,Art,2,2.98,0.0,5.96
CA-2017-121839,MH-18115,2017-09-24,Technology,Phones,3,389.9,0.4,1169.69
CA-2017-158729,AC-10450,2017-12-19,Office Supplies,Supplies,2,832.81,0.0,1665.62
CA-2017-146535,FM-14290,2017-11-24,Office Supplies,Binders,1,2.88,0.0,2.88
CA-2017-146535,FM-14290,2017-11-24,Office Supplies,Storage,12,120.33,0.0,1443.96
CA-2014-154186,RA-19285,2014-12-13,Office Supplies,Supplies,1,2.92,0.2,2.92
CA-2016-108434,JG-15160,2016-12-05,Office Supplies,Storage,3,155.06,0.0,465.18
CA-2016-164154,NZ-18565,2016-09-11,Office Supplies,Binders,3,7.48,0.7,22.43
CA-2016-164154,NZ-18565,2016-09-11,Office Supplies,Storage,5,7.5,0.2,37.52
CA-2017-148012,KM-16225,2017-12-09,Office Supplies,Art,1,2.62,0.2,2.62
CA-2014-102869,LC-17140,2014-09-09,Office Supplies,Paper,3,5.18,0.2,15.55
CA-2014-102869,LC-17140,2014-09-09,Technology,Accessories,6,10.78,0.2,64.7
CA-2014-102869,LC-17140,2014-09-09,Furniture,Furnishings,3,5.82,0.2,17.47
CA-2014-102869,LC-17140,2014-09-09,Technology,Phones,1,135.52,0.4,135.52
CA-2017-138310,NP-18700,2017-06-26,Technology,Accessories,9,47.99,0.2,431.93
CA-2014-159835,RB-19330,2014-11-17,Office Supplies,Paper,2,6.22,0.2,12.45
CA-2014-159835,RB-19330,2014-11-17,Furniture,Chairs,5,131.59,0.3,657.93
CA-2017-112956,TH-21550,2017-08-21,Office Supplies,Paper,5,55.48,0.0,277.4
CA-2017-112956,TH-21550,2017-08-21,Furniture,Furnishings,2,12.58,0.0,25.16
CA-2017-112956,TH-21550,2017-08-21,Furniture,Furnishings,4,22.98,0.0,91.92
CA-2016-119683,CK-12595,2016-03-12,Office Supplies,Envelopes,3,9.78,0.0,29.34
CA-2014-163559,ST-20530,2014-09-23,Office Supplies,Binders,3,46.48,0.2,139.44
CA-2014-140228,GB-14530,2014-04-28,Office Supplies,Labels,3,2.3,0.2,6.91
CA-2014-140228,GB-14530,2014-04-28,Office Supplies,Storage,3,9.03,0.2,27.1
CA-2014-140228,GB-14530,2014-04-28,Office Supplies,Storage,2,88.78,0.2,177.57
US-2016-131674,NC-18535,2016-11-29,Technology,Accessories,2,29.21,0.2,58.42
CA-2015-110093,AB-10255,2015-12-03,Office Supplies,Paper,2,8.22,0.2,16.45
CA-2015-110093,AB-10255,2015-12-03,Technology,Accessories,2,18.39,0.2,36.78
CA-2017-112529,SC-20770,2017-11-19,Furniture,Tables,6,119.69,0.3,718.12
CA-2017-112529,SC-20770,2017-11-19,Office Supplies,Art,4,7.94,0.2,31.78
CA-2016-154536,JC-15340,2016-09-05,Office Supplies,Binders,5,1.91,0.7,9.56
CA-2017-141929,RA-19285,2017-09-04,Office Supplies,Binders,2,243.99,0.2,487.98
CA-2017-141929,RA-19285,2017-09-04,Technology,Phones,1,5.56,0.2,5.56
CA-2017-141929,RA-19285,2017-09-04,Office Supplies,Storage,5,43.57,0.0,217.85
CA-2016-109743,SH-19975,2016-09-22,Office Supplies,Art,3,13.59,0.2,40.78
CA-2016-109743,SH-19975,2016-09-22,Technology,Phones,8,7.99,0.2,63.94
CA-2014-159184,JC-15775,2014-09-14,Furniture,Furnishings,5,28.48,0.0,142.4
CA-2014-159184,JC-15775,2014-09-14,Office Supplies,Binders,2,3.58,0.0,7.16
CA-2017-113530,BC-11125,2017-05-19,Furniture,Chairs,12,56.78,0.2,681.41
CA-2017-113530,BC-11125,2017-05-19,Office Supplies,Art,2,1.76,0.0,3.52
CA-2017-113530,BC-11125,2017-05-19,Office Supplies,Art,1,5.58,0.0,5.58
CA-2017-113530,BC-11125,2017-05-19,Technology,Accessories,1,36.32,0.0,36.32
CA-2014-169726,JH-15985,2014-08-09,Office Supplies,Binders,7,294.39,0.2,2060.74
CA-2017-155957,CC-12610,2017-11-26,Office Supplies,Appliances,3,17.42,0.2,52.27
CA-2017-155957,CC-12610,2017-11-26,Office Supplies,Appliances,7,30.45,0.2,213.14
CA-2017-132178,DB-12970,2017-05-03,Office Supplies,Storage,2,34.76,0.0,69.52
CA-2017-132178,DB-12970,2017-05-03,Office Supplies,Storage,8,95.43,0.0,763.44
CA-2016-145177,PP-18955,2016-11-10,Office Supplies,Labels,4,2.3,0.2,9.22
CA-2016-145177,PP-18955,2016-11-10,Technology,Phones,7,5.99,0.4,41.96
CA-2016-145177,PP-18955,2016-11-10,Office Supplies,Paper,2,44.78,0.2,89.57
CA-2016-145177,PP-18955,2016-11-10,Office Supplies,Paper,3,7.42,0.2,22.25
CA-2016-145177,PP-18955,2016-11-10,Office Supplies,Appliances,4,83.72,0.2,334.88
CA-2016-145177,PP-18955,2016-11-10,Furniture,Furnishings,7,21.18,0.2,148.29
CA-2016-145177,PP-18955,2016-11-10,Office Supplies,Paper,1,4.62,0.2,4.62
CA-2016-145177,PP-18955,2016-11-10,Technology,Accessories,7,25.56,0.2,178.92
CA-2016-145177,PP-18955,2016-11-10,Office Supplies,Binders,7,9.98,0.7,69.89
CA-2014-156594,MC-17845,2014-12-20,Office Supplies,Binders,2,243.99,0.2,487.98
CA-2014-156594,MC-17845,2014-12-20,Office Supplies,Art,2,23.65,0.0,47.3
CA-2014-156594,MC-17845,2014-12-20,Office Supplies,Art,1,4.13,0.0,4.13
CA-2014-156594,MC-17845,2014-12-20,Office Supplies,Binders,5,31.02,0.2,155.12
CA-2014-146528,VF-21715,2014-07-25,Office Supplies,Paper,1,6.48,0.0,6.48
CA-2014-146528,VF-21715,2014-07-25,Office Supplies,Supplies,4,3.88,0.0,15.52
CA-2015-168459,MC-17275,2015-11-22,Office Supplies,Binders,2,1.47,0.7,2.95
CA-2015-168459,MC-17275,2015-11-22,Office Supplies,Fasteners,6,9.18,0.2,55.1
CA-2017-109960,DB-13210,2017-12-09,Technology,Accessories,6,17.48,0.0,104.88
CA-2017-109960,DB-13210,2017-12-09,Office Supplies,Art,5,6.94,0.0,34.7
CA-2017-109960,DB-13210,2017-12-09,Office Supplies,Binders,4,8.43,0.0,33.72
CA-2017-109960,DB-13210,2017-12-09,Office Supplies,Paper,3,4.98,0.0,14.94
CA-2017-133004,AJ-10945,2017-08-31,Office Supplies,Appliances,9,70.97,0.0,638.73
CA-2017-168102,CP-12340,2017-04-24,Office Supplies,Storage,2,56.78,0.2,113.57
CA-2017-158036,DB-13555,2017-09-08,Technology,Accessories,1,9.1,0.2,9.1
CA-2015-128083,EB-13750,2015-03-12,Office Supplies,Envelopes,3,2.9,0.2,8.69
CA-2015-128083,EB-13750,2015-03-12,Furniture,Furnishings,4,7.72,0.2,30.88
CA-2015-128083,EB-13750,2015-03-12,Furniture,Furnishings,3,2.14,0.2,6.41
CA-2016-161676,JP-15460,2016-07-18,Office Supplies,Supplies,5,6.76,0.2,33.8
CA-2016-155005,SC-20050,2016-06-13,Technology,Phones,3,125.99,0.0,377.97
US-2017-129777,FM-14290,2017-07-03,Technology,Accessories,10,25.89,0.0,258.9
US-2017-129777,FM-14290,2017-07-03,Office Supplies,Paper,2,12.28,0.0,24.56
CA-2014-129364,TB-21250,2014-12-08,Office Supplies,Labels,7,3.98,0.2,27.89
CA-2014-129364,TB-21250,2014-12-08,Office Supplies,Binders,4,1.61,0.7,6.46
CA-2014-129364,TB-21250,2014-12-08,Technology,Phones,3,17.56,0.2,52.68
CA-2014-129364,TB-21250,2014-12-08,Office Supplies,Supplies,5,2.78,0.2,13.88
CA-2014-129364,TB-21250,2014-12-08,Technology,Accessories,10,10.39,0.2,103.92
CA-2014-129364,TB-21250,2014-12-08,Office Supplies,Labels,5,2.3,0.2,11.52
CA-2014-129364,TB-21250,2014-12-08,Office Supplies,Paper,2,5.18,0.2,10.37
CA-2014-129364,TB-21250,2014-12-08,Office Supplies,Storage,3,13.02,0.2,39.07
CA-2016-104969,EH-14125,2016-04-08,Office Supplies,Envelopes,1,8.87,0.2,8.87
CA-2016-104969,EH-14125,2016-04-08,Office Supplies,Binders,6,20.18,0.7,121.1
CA-2017-154109,ML-17410,2017-11-06,Furniture,Chairs,2,63.69,0.3,127.37
CA-2017-154109,ML-17410,2017-11-06,Office Supplies,Paper,3,15.98,0.2,47.95
CA-2015-156440,MH-17620,2015-12-05,Furniture,Furnishings,2,22.23,0.0,44.46
CA-2015-132626,BT-11680,2015-07-09,Office Supplies,Fasteners,4,3.95,0.0,15.8
CA-2015-132626,BT-11680,2015-07-09,Technology,Machines,3,154.99,0.0,464.97
CA-2015-132626,BT-11680,2015-07-09,Furniture,Furnishings,2,90.98,0.0,181.96
CA-2015-132626,BT-11680,2015-07-09,Office Supplies,Labels,3,4.13,0.0,12.39
CA-2015-132626,BT-11680,2015-07-09,Office Supplies,Binders,3,28.03,0.0,84.09
CA-2015-132626,BT-11680,2015-07-09,Office Supplies,Art,4,19.84,0.0,79.36
CA-2015-132626,BT-11680,2015-07-09,Office Supplies,Binders,9,17.04,0.0,153.36
CA-2015-132626,BT-11680,2015-07-09,Office Supplies,Binders,6,7.28,0.0,43.68
CA-2015-132626,BT-11680,2015-07-09,Office Supplies,Storage,7,14.03,0.0,98.21
CA-2016-102792,JC-15340,2016-12-13,Office Supplies,Art,3,3.28,0.0,9.84
CA-2016-108567,DB-13210,2016-05-20,Office Supplies,Binders,2,1.35,0.7,2.69
CA-2017-140760,DO-13435,2017-06-02,Office Supplies,Paper,6,4.22,0.2,25.34
CA-2017-140760,DO-13435,2017-06-02,Office Supplies,Envelopes,5,8.78,0.2,43.92
US-2015-131359,FA-14230,2015-10-30,Technology,Machines,2,30.0,0.7,59.99
US-2015-131359,FA-14230,2015-10-30,Technology,Copiers,1,439.99,0.2,439.99
US-2015-131359,FA-14230,2015-10-30,Technology,Phones,5,17.59,0.2,87.96
US-2015-131359,FA-14230,2015-10-30,Furniture,Furnishings,4,3.87,0.2,15.49
CA-2016-142097,QJ-19255,2016-10-15,Office Supplies,Binders,7,33.28,0.0,232.96
CA-2016-142097,QJ-19255,2016-10-15,Office Supplies,Envelopes,6,11.09,0.0,66.54
CA-2016-142097,QJ-19255,2016-10-15,Office Supplies,Appliances,3,14.42,0.0,43.26
CA-2015-151680,TC-21475,2015-11-19,Furniture,Furnishings,2,70.98,0.0,141.96
CA-2014-140039,ON-18715,2014-09-13,Office Supplies,Storage,5,15.88,0.2,79.4
CA-2017-160416,AD-10180,2017-11-13,Technology,Accessories,4,40.99,0.0,163.96
CA-2017-169411,AC-10615,2017-12-24,Furniture,Furnishings,1,37.93,0.0,37.93
CA-2016-126543,MF-17665,2016-01-09,Furniture,Furnishings,2,7.58,0.2,15.17
CA-2015-104941,DH-13075,2015-06-13,Office Supplies,Art,6,4.13,0.0,24.78
CA-2015-104941,DH-13075,2015-06-13,Office Supplies,Binders,3,6.38,0.0,19.14
CA-2015-104941,DH-13075,2015-06-13,Technology,Copiers,3,299.99,0.0,899.97
CA-2015-104941,DH-13075,2015-06-13,Office Supplies,Paper,5,6.48,0.0,32.4
CA-2017-160087,EN-13780,2017-03-18,Office Supplies,Art,3,7.94,0.2,23.83
CA-2014-120544,SS-20140,2014-11-23,Furniture,Furnishings,2,3.18,0.6,6.37
CA-2014-120544,SS-20140,2014-11-23,Office Supplies,Appliances,3,11.39,0.8,34.18
CA-2014-120544,SS-20140,2014-11-23,Technology,Accessories,7,0.79,0.2,5.54
CA-2017-113670,RS-19765,2017-10-15,Furniture,Tables,3,170.08,0.2,510.24
CA-2017-113670,RS-19765,2017-10-15,Office Supplies,Paper,5,40.99,0.0,204.95
CA-2017-166198,JW-15955,2017-04-21,Technology,Accessories,1,11.54,0.0,11.54
CA-2017-166198,JW-15955,2017-04-21,Furniture,Furnishings,3,54.2,0.0,162.6
CA-2014-135608,JK-15625,2014-12-08,Office Supplies,Paper,2,22.84,0.0,45.68
CA-2014-135608,JK-15625,2014-12-08,Furniture,Chairs,5,120.78,0.2,603.92
CA-2017-144568,JO-15550,2017-05-29,Office Supplies,Fasteners,5,4.71,0.0,23.55
CA-2016-142370,TP-21130,2016-09-19,Office Supplies,Supplies,2,2.52,0.0,5.04
CA-2016-142370,TP-21130,2016-09-19,Technology,Accessories,5,49.99,0.0,249.95
CA-2016-105900,BS-11590,2016-09-17,Office Supplies,Art,5,6.68,0.0,33.4
CA-2016-151155,AB-10255,2016-12-20,Furniture,Furnishings,4,4.73,0.0,18.92
CA-2016-151155,AB-10255,2016-12-20,Office Supplies,Binders,2,7.71,0.0,15.42
CA-2017-144036,FO-14305,2017-11-22,Office Supplies,Art,8,4.46,0.2,35.71
US-2014-169789,MF-17665,2014-12-30,Office Supplies,Binders,5,110.4,0.7,551.98
CA-2017-127264,SA-20830,2017-04-03,Office Supplies,Art,3,2.35,0.2,7.06
CA-2016-151512,SH-19975,2016-12-26,Office Supplies,Appliances,2,9.36,0.2,18.72
CA-2016-165169,JL-15235,2016-06-05,Office Supplies,Storage,2,180.19,0.0,360.38
CA-2016-165169,JL-15235,2016-06-05,Office Supplies,Art,2,5.58,0.0,11.16
CA-2016-165169,JL-15235,2016-06-05,Office Supplies,Labels,3,4.98,0.0,14.94
CA-2015-109575,KH-16630,2015-09-18,Office Supplies,Storage,2,20.98,0.0,41.96
CA-2015-109575,KH-16630,2015-09-18,Office Supplies,Storage,7,90.98,0.0,636.86
CA-2015-109575,KH-16630,2015-09-18,Technology,Phones,1,499.99,0.0,499.99
CA-2015-109575,KH-16630,2015-09-18,Technology,Phones,7,179.99,0.0,1259.93
CA-2015-109575,KH-16630,2015-09-18,Office Supplies,Binders,4,16.27,0.0,65.08
CA-2017-168193,RM-19750,2017-03-06,Office Supplies,Paper,1,26.38,0.0,26.38
CA-2017-168193,RM-19750,2017-03-06,Furniture,Furnishings,3,23.99,0.0,71.97
CA-2016-115476,VM-21835,2016-03-17,Technology,Phones,2,64.99,0.0,129.98
CA-2016-115476,VM-21835,2016-03-17,Office Supplies,Binders,2,16.27,0.0,32.54
CA-2016-133340,LH-17155,2016-12-09,Technology,Phones,1,10.9,0.0,10.9
CA-2016-133340,LH-17155,2016-12-09,Technology,Accessories,2,29.99,0.0,59.98
CA-2016-133340,LH-17155,2016-12-09,Office Supplies,Appliances,1,61.93,0.1,61.93
CA-2016-137848,WB-21850,2016-01-15,Office Supplies,Envelopes,4,4.13,0.0,16.52
CA-2016-137848,WB-21850,2016-01-15,Office Supplies,Paper,9,6.68,0.0,60.12
CA-2016-137848,WB-21850,2016-01-15,Office Supplies,Binders,3,16.51,0.2,49.54
CA-2014-113047,AP-10915,2014-10-24,Office Supplies,Fasteners,3,3.95,0.0,11.85
CA-2016-149979,RA-19915,2016-09-23,Office Supplies,Storage,5,23.65,0.0,118.25
CA-2016-149979,RA-19915,2016-09-23,Furniture,Chairs,3,122.99,0.0,368.97
CA-2017-161956,DR-12880,2017-08-27,Furniture,Furnishings,2,99.23,0.0,198.46
CA-2017-161956,DR-12880,2017-08-27,Office Supplies,Appliances,4,80.48,0.0,321.92
CA-2017-161956,DR-12880,2017-08-27,Technology,Copiers,2,439.99,0.2,879.98
CA-2017-161956,DR-12880,2017-08-27,Office Supplies,Supplies,5,5.68,0.0,28.4
CA-2017-161956,DR-12880,2017-08-27,Furniture,Chairs,3,76.76,0.2,230.28
CA-2017-161956,DR-12880,2017-08-27,Office Supplies,Paper,3,38.76,0.0,116.28
CA-2017-161956,DR-12880,2017-08-27,Office Supplies,Binders,2,420.78,0.2,841.57
CA-2017-161956,DR-12880,2017-08-27,Office Supplies,Storage,5,70.98,0.0,354.9
CA-2016-116799,JG-15310,2016-03-03,Office Supplies,Paper,7,6.11,0.2,42.78
CA-2016-116799,JG-15310,2016-03-03,Furniture,Chairs,5,112.69,0.3,563.43
CA-2016-111283,LC-16870,2016-02-29,Office Supplies,Art,7,15.87,0.2,111.1
CA-2015-167745,GB-14530,2015-09-18,Office Supplies,Art,2,5.84,0.0,11.68
CA-2015-167745,GB-14530,2015-09-18,Office Supplies,Supplies,2,8.45,0.0,16.9
CA-2015-167745,GB-14530,2015-09-18,Furniture,Furnishings,2,12.2,0.0,24.4
CA-2017-104577,CK-12205,2017-05-12,Office Supplies,Paper,5,17.52,0.0,87.6
CA-2016-156251,TS-21160,2016-08-13,Furniture,Bookcases,2,120.98,0.0,241.96
CA-2016-156251,TS-21160,2016-08-13,Office Supplies,Binders,3,2.84,0.0,8.52
CA-2017-125878,MH-18025,2017-02-25,Office Supplies,Binders,3,0.6,0.8,1.79
CA-2016-163153,DM-12955,2016-03-21,Furniture,Tables,2,49.69,0.3,99.37
CA-2016-163153,DM-12955,2016-03-21,Office Supplies,Art,1,1.34,0.2,1.34
CA-2015-103205,JJ-15760,2015-12-08,Technology,Phones,5,23.99,0.2,119.96
CA-2014-153913,KB-16585,2014-12-16,Furniture,Chairs,9,112.65,0.2,1013.83
CA-2014-153913,KB-16585,2014-12-16,Office Supplies,Fasteners,2,0.99,0.2,1.98
CA-2016-155530,CM-12160,2016-12-17,Furniture,Tables,6,333.92,0.2,2003.52
US-2016-101196,FM-14215,2016-05-12,Office Supplies,Storage,2,41.18,0.2,82.37
CA-2014-115357,RF-19735,2014-08-06,Technology,Accessories,3,20.97,0.0,62.91
US-2014-102715,JK-15370,2014-04-11,Office Supplies,Fasteners,3,2.3,0.2,6.91
US-2014-102715,JK-15370,2014-04-11,Technology,Accessories,3,127.99,0.2,383.98
US-2014-102715,JK-15370,2014-04-11,Office Supplies,Paper,2,5.18,0.2,10.37
US-2014-102715,JK-15370,2014-04-11,Technology,Accessories,7,47.99,0.2,335.94
CA-2015-107937,JB-16045,2015-05-03,Furniture,Furnishings,6,110.98,0.0,665.88
US-2017-148768,PN-18775,2017-11-30,Technology,Phones,3,23.99,0.2,71.98
CA-2017-118521,LF-17185,2017-02-16,Office Supplies,Paper,2,18.97,0.0,37.94
CA-2014-149643,RH-19510,2014-11-16,Technology,Phones,2,136.98,0.0,273.96
CA-2015-135314,MC-17575,2015-07-09,Technology,Phones,3,89.99,0.4,269.98
CA-2017-165204,MN-17935,2017-11-13,Office Supplies,Paper,3,2.97,0.2,8.9
CA-2017-165204,MN-17935,2017-11-13,Office Supplies,Storage,4,180.02,0.2,720.06
CA-2017-125752,EH-14125,2017-07-31,Technology,Accessories,2,20.71,0.2,41.42
CA-2017-112487,TC-21535,2017-12-26,Office Supplies,Binders,2,1.57,0.7,3.13
CA-2016-144218,JD-15895,2016-10-31,Office Supplies,Storage,7,155.06,0.0,1085.42
CA-2016-169971,IL-15100,2016-09-04,Office Supplies,Art,1,3.91,0.2,3.91
CA-2016-169971,IL-15100,2016-09-04,Office Supplies,Art,3,20.79,0.2,62.38
US-2016-133508,SW-20350,2016-04-17,Office Supplies,Fasteners,5,5.81,0.0,29.05
CA-2014-107139,DP-13390,2014-07-05,Office Supplies,Binders,6,30.16,0.2,180.96
CA-2015-111325,BT-11395,2015-02-27,Office Supplies,Binders,3,1.47,0.7,4.42
CA-2015-111325,BT-11395,2015-02-27,Office Supplies,Art,6,2.67,0.2,16.03
CA-2015-163762,JE-15475,2015-11-27,Office Supplies,Art,3,9.93,0.0,29.79
US-2014-117163,EJ-13720,2014-01-27,Office Supplies,Storage,1,57.23,0.0,57.23
US-2014-117163,EJ-13720,2014-01-27,Furniture,Tables,3,111.0,0.2,333.0
US-2014-117163,EJ-13720,2014-01-27,Office Supplies,Art,4,9.11,0.0,36.44
CA-2017-121314,BE-11410,2017-09-23,Office Supplies,Paper,3,83.88,0.2,251.64
CA-2017-147760,KL-16555,2017-11-04,Furniture,Tables,3,174.59,0.4,523.76
CA-2017-147760,KL-16555,2017-11-04,Technology,Phones,5,271.99,0.2,1359.96
CA-2016-156503,NC-18415,2016-10-14,Furniture,Chairs,1,102.59,0.2,102.59
CA-2016-156503,NC-18415,2016-10-14,Technology,Accessories,1,22.7,0.2,22.7
CA-2016-156503,NC-18415,2016-10-14,Office Supplies,Paper,3,31.01,0.2,93.02
CA-2016-156503,NC-18415,2016-10-14,Office Supplies,Supplies,2,6.38,0.2,12.77
CA-2016-156503,NC-18415,2016-10-14,Office Supplies,Envelopes,4,8.75,0.2,35.01
CA-2016-156503,NC-18415,2016-10-14,Office Supplies,Paper,1,39.15,0.2,39.15
CA-2015-113628,AH-10690,2015-11-12,Office Supplies,Art,5,2.35,0.2,11.76
CA-2015-113628,AH-10690,2015-11-12,Office Supplies,Binders,2,2.62,0.7,5.24
CA-2015-113628,AH-10690,2015-11-12,Office Supplies,Binders,3,1.55,0.7,4.66
CA-2015-113628,AH-10690,2015-11-12,Furniture,Chairs,5,104.78,0.2,523.92
CA-2015-113628,AH-10690,2015-11-12,Technology,Phones,1,100.79,0.2,100.79
CA-2015-113628,AH-10690,2015-11-12,Furniture,Chairs,3,48.71,0.2,146.14
CA-2017-147753,PK-19075,2017-03-05,Office Supplies,Labels,2,12.53,0.0,25.06
CA-2015-103961,NG-18430,2015-11-05,Office Supplies,Labels,6,3.3,0.2,19.82
CA-2016-152471,ZD-21925,2016-07-08,Technology,Phones,5,164.79,0.2,823.96
CA-2016-152471,ZD-21925,2016-07-08,Office Supplies,Paper,2,7.99,0.2,15.98
CA-2015-102582,NW-18400,2015-09-15,Furniture,Tables,2,400.98,0.0,801.96
CA-2015-102582,NW-18400,2015-09-15,Technology,Phones,3,19.99,0.0,59.97
CA-2015-102582,NW-18400,2015-09-15,Furniture,Chairs,7,150.98,0.0,1056.86
CA-2017-141873,HG-14845,2017-10-09,Office Supplies,Binders,3,4.27,0.2,12.82
CA-2017-141873,HG-14845,2017-10-09,Furniture,Bookcases,3,104.78,0.2,314.35
CA-2017-141873,HG-14845,2017-10-09,Office Supplies,Paper,2,9.49,0.0,18.98
CA-2017-141873,HG-14845,2017-10-09,Office Supplies,Binders,6,3.04,0.2,18.24
CA-2015-140984,CC-12685,2015-09-14,Office Supplies,Storage,6,165.2,0.0,991.2
CA-2015-140984,CC-12685,2015-09-14,Technology,Copiers,2,439.99,0.2,879.98
CA-2015-140984,CC-12685,2015-09-14,Office Supplies,Binders,9,1.44,0.2,12.96
CA-2014-132801,JG-15805,2014-10-07,Office Supplies,Storage,10,10.74,0.2,107.44
CA-2017-141733,RW-19540,2017-05-07,Furniture,Chairs,5,291.73,0.0,1458.65
CA-2017-141733,RW-19540,2017-05-07,Furniture,Chairs,1,26.64,0.0,26.64
CA-2017-141733,RW-19540,2017-05-07,Furniture,Chairs,2,238.4,0.0,476.8
CA-2017-141733,RW-19540,2017-05-07,Office Supplies,Appliances,2,43.72,0.1,87.44
US-2015-111927,LS-17230,2015-11-14,Furniture,Furnishings,3,25.38,0.0,76.14
US-2015-111927,LS-17230,2015-11-14,Office Supplies,Binders,2,9.98,0.0,19.96
CA-2014-105984,MY-18295,2014-11-24,Technology,Phones,5,209.99,0.4,1049.97
CA-2014-105984,MY-18295,2014-11-24,Furniture,Chairs,3,203.69,0.3,611.06
CA-2014-100363,JM-15655,2014-04-08,Office Supplies,Fasteners,2,1.18,0.2,2.37
CA-2014-100363,JM-15655,2014-04-08,Office Supplies,Paper,3,6.34,0.2,19.01
CA-2014-126760,KM-16720,2014-07-26,Technology,Phones,2,455.99,0.2,911.98
CA-2014-126760,KM-16720,2014-07-26,Furniture,Chairs,3,224.78,0.2,674.35
CA-2014-126760,KM-16720,2014-07-26,Furniture,Furnishings,9,14.89,0.0,134.01
CA-2014-126760,KM-16720,2014-07-26,Technology,Accessories,3,56.99,0.0,170.97
US-2014-109162,KE-16420,2014-06-08,Furniture,Chairs,3,56.78,0.2,170.35
CA-2014-101931,TS-21370,2014-10-28,Office Supplies,Binders,2,3.59,0.2,7.18
CA-2014-101931,TS-21370,2014-10-28,Office Supplies,Supplies,2,3.14,0.0,6.28
CA-2014-101931,TS-21370,2014-10-28,Office Supplies,Supplies,2,240.37,0.0,480.74
CA-2014-101931,TS-21370,2014-10-28,Furniture,Bookcases,6,102.83,0.15,617.0
CA-2014-101931,TS-21370,2014-10-28,Office Supplies,Storage,5,28.28,0.0,141.4
CA-2017-129000,SZ-20035,2017-11-25,Office Supplies,Storage,3,167.27,0.0,501.81
CA-2017-161053,JE-15745,2017-09-22,Office Supplies,Binders,4,172.99,0.0,691.96
CA-2017-161053,JE-15745,2017-09-22,Technology,Accessories,5,6.99,0.0,34.95
CA-2015-142377,MS-17980,2015-12-04,Office Supplies,Paper,7,12.28,0.0,85.96
CA-2015-127593,DH-13675,2015-09-21,Furniture,Furnishings,2,42.65,0.0,85.3
CA-2017-130526,GT-14755,2017-11-26,Office Supplies,Binders,8,4.2,0.8,33.57
US-2017-131849,GH-14410,2017-06-06,Furniture,Furnishings,1,4.95,0.0,4.95
US-2017-131849,GH-14410,2017-06-06,Office Supplies,Storage,5,5.28,0.0,26.4
US-2017-105389,DM-13015,2017-10-23,Office Supplies,Binders,3,1.19,0.8,3.56
US-2017-105389,DM-13015,2017-10-23,Technology,Phones,5,164.79,0.2,823.96
US-2017-105389,DM-13015,2017-10-23,Office Supplies,Art,3,3.42,0.2,10.27
CA-2014-140816,TC-21295,2014-12-20,Technology,Accessories,7,63.99,0.2,447.94
CA-2017-154039,JK-16120,2017-02-17,Furniture,Tables,3,160.32,0.5,480.96
CA-2017-154039,JK-16120,2017-02-17,Technology,Phones,1,124.79,0.2,124.79
CA-2014-135755,NC-18415,2014-05-03,Office Supplies,Binders,3,13.39,0.2,40.18
CA-2014-135755,NC-18415,2014-05-03,Office Supplies,Binders,3,3.63,0.2,10.9
CA-2017-123246,AJ-10960,2017-10-17,Office Supplies,Art,4,2.66,0.0,10.64
CA-2015-157133,LC-16885,2015-11-28,Furniture,Furnishings,5,30.39,0.6,151.96
CA-2014-124709,GW-14605,2014-07-27,Technology,Accessories,2,119.0,0.0,238.0
CA-2017-146360,SC-20305,2017-04-23,Technology,Accessories,6,25.89,0.0,155.34
CA-2015-132486,JF-15355,2015-10-23,Technology,Accessories,9,16.48,0.0,148.32
CA-2015-132486,JF-15355,2015-10-23,Furniture,Chairs,1,240.78,0.2,240.78
CA-2015-132486,JF-15355,2015-10-23,Furniture,Chairs,7,27.42,0.2,191.97
CA-2015-132486,JF-15355,2015-10-23,Office Supplies,Paper,2,5.78,0.0,11.56
CA-2015-132486,JF-15355,2015-10-23,Office Supplies,Envelopes,4,2.95,0.0,11.8
CA-2015-132486,JF-15355,2015-10-23,Furniture,Chairs,3,280.78,0.2,842.35
CA-2016-136231,DM-13015,2016-09-05,Office Supplies,Envelopes,3,7.82,0.2,23.47
CA-2016-136231,DM-13015,2016-09-05,Office Supplies,Binders,7,12.29,0.7,86.06
CA-2016-136231,DM-13015,2016-09-05,Technology,Phones,2,54.39,0.2,108.78
CA-2016-136231,DM-13015,2016-09-05,Office Supplies,Paper,3,3.42,0.2,10.27
CA-2016-140641,EP-13915,2016-10-28,Office Supplies,Binders,5,7.64,0.7,38.19
CA-2014-151001,JG-15805,2014-04-05,Office Supplies,Storage,4,12.41,0.2,49.63
CA-2014-151001,JG-15805,2014-04-05,Office Supplies,Storage,4,13.02,0.2,52.1
CA-2015-129896,PF-19120,2015-06-15,Office Supplies,Paper,2,4.78,0.2,9.57
CA-2015-129896,PF-19120,2015-06-15,Office Supplies,Storage,2,41.18,0.2,82.37
CA-2015-129896,PF-19120,2015-06-15,Furniture,Furnishings,6,60.78,0.2,364.7
CA-2015-129896,PF-19120,2015-06-15,Furniture,Furnishings,4,10.06,0.2,40.26
CA-2014-152849,DW-13195,2014-07-05,Office Supplies,Art,3,1.46,0.2,4.37
US-2017-127341,CK-12595,2017-01-29,Office Supplies,Binders,4,3.03,0.8,12.13
CA-2016-167759,CC-12670,2016-03-03,Technology,Phones,3,44.95,0.0,134.85
CA-2014-100895,SV-20785,2014-06-02,Office Supplies,Art,2,4.28,0.0,8.56
CA-2014-100895,SV-20785,2014-06-02,Technology,Phones,3,79.99,0.0,239.97
CA-2014-100895,SV-20785,2014-06-02,Office Supplies,Storage,2,178.47,0.0,356.94
US-2016-163881,SP-20860,2016-11-24,Technology,Accessories,2,329.95,0.0,659.9
US-2016-163881,SP-20860,2016-11-24,Furniture,Chairs,6,280.79,0.2,1684.75
US-2016-163881,SP-20860,2016-11-24,Technology,Accessories,8,69.99,0.0,559.92
US-2016-144547,MS-17770,2016-11-10,Technology,Accessories,7,39.99,0.2,279.94
US-2014-112200,TC-21475,2014-11-22,Office Supplies,Binders,5,2.0,0.8,9.98
CA-2017-110212,SJ-20125,2017-05-01,Technology,Accessories,5,9.78,0.0,48.9
CA-2017-134285,DS-13180,2017-12-07,Office Supplies,Fasteners,3,1.18,0.2,3.55
CA-2017-134285,DS-13180,2017-12-07,Office Supplies,Paper,3,5.18,0.2,15.55
CA-2017-102267,SC-20800,2017-11-30,Office Supplies,Fasteners,2,1.18,0.2,2.37
CA-2017-157980,SH-20395,2017-12-07,Technology,Accessories,2,63.99,0.2,127.98
CA-2015-121097,SF-20965,2015-01-03,Office Supplies,Paper,2,5.18,0.2,10.37
CA-2015-151043,MG-17680,2015-11-14,Technology,Accessories,2,23.99,0.2,47.98
US-2015-119312,CS-12400,2015-10-02,Office Supplies,Storage,14,19.31,0.0,270.34
CA-2015-167010,VT-21700,2015-04-05,Office Supplies,Appliances,7,14.02,0.2,98.11
CA-2015-167010,VT-21700,2015-04-05,Office Supplies,Storage,4,140.95,0.2,563.81
CA-2015-167010,VT-21700,2015-04-05,Office Supplies,Binders,4,2.61,0.7,10.43
CA-2015-167010,VT-21700,2015-04-05,Furniture,Furnishings,4,136.78,0.2,547.14
CA-2015-167010,VT-21700,2015-04-05,Technology,Phones,5,2.97,0.4,14.85
CA-2015-167010,VT-21700,2015-04-05,Technology,Phones,2,20.99,0.4,41.99
CA-2015-167010,VT-21700,2015-04-05,Furniture,Furnishings,1,7.58,0.2,7.58
CA-2015-167010,VT-21700,2015-04-05,Furniture,Bookcases,5,70.49,0.5,352.45
CA-2017-126788,AB-10105,2017-06-05,Technology,Phones,3,156.79,0.2,470.38
CA-2017-148068,MM-18280,2017-09-18,Office Supplies,Paper,3,6.48,0.0,19.44
CA-2017-148068,MM-18280,2017-09-18,Furniture,Furnishings,2,4.91,0.0,9.82
US-2017-142573,ML-17410,2017-07-18,Furniture,Tables,5,160.32,0.5,801.6
US-2017-142573,ML-17410,2017-07-18,Furniture,Chairs,2,80.78,0.2,161.57
US-2017-142573,ML-17410,2017-07-18,Office Supplies,Paper,2,8.05,0.2,16.1
US-2017-142573,ML-17410,2017-07-18,Office Supplies,Binders,4,1.91,0.7,7.66
US-2017-142573,ML-17410,2017-07-18,Furniture,Chairs,3,103.99,0.2,311.98
US-2015-148817,KD-16495,2015-12-01,Office Supplies,Storage,4,15.42,0.0,61.68
US-2015-148817,KD-16495,2015-12-01,Office Supplies,Binders,4,15.99,0.0,63.96
CA-2016-110044,RF-19735,2016-06-28,Technology,Phones,3,119.99,0.2,359.98
CA-2017-146920,SC-20305,2017-08-28,Office Supplies,Paper,6,4.22,0.2,25.34
CA-2017-146920,SC-20305,2017-08-28,Office Supplies,Paper,5,5.34,0.2,26.72
CA-2014-103940,BN-11515,2014-09-17,Office Supplies,Storage,2,15.14,0.0,30.28
CA-2014-103940,BN-11515,2014-09-17,Office Supplies,Storage,3,19.31,0.0,57.93
CA-2014-103940,BN-11515,2014-09-17,Furniture,Furnishings,2,17.67,0.0,35.34
CA-2014-103940,BN-11515,2014-09-17,Office Supplies,Binders,5,27.45,0.2,137.24
CA-2016-162082,JS-15880,2016-03-14,Furniture,Bookcases,5,48.27,0.32,241.33
CA-2016-162082,JS-15880,2016-03-14,Office Supplies,Paper,1,5.18,0.2,5.18
CA-2016-162082,JS-15880,2016-03-14,Office Supplies,Art,7,20.79,0.2,145.54
CA-2016-132094,VG-21805,2016-08-26,Office Supplies,Art,3,1.82,0.2,5.47
CA-2016-132094,VG-21805,2016-08-26,Technology,Accessories,2,23.99,0.2,47.98
CA-2017-123001,AW-10840,2017-09-02,Office Supplies,Art,5,1.88,0.0,9.4
CA-2017-123001,AW-10840,2017-09-02,Office Supplies,Labels,5,14.8,0.0,74.0
CA-2017-123001,AW-10840,2017-09-02,Technology,Phones,2,100.79,0.2,201.58
CA-2015-118955,LS-17230,2015-06-16,Office Supplies,Envelopes,3,9.58,0.2,28.75
CA-2015-118955,LS-17230,2015-06-16,Office Supplies,Paper,3,9.07,0.2,27.22
CA-2015-118955,LS-17230,2015-06-16,Furniture,Chairs,2,98.69,0.3,197.37
US-2016-143448,MH-17455,2016-12-10,Furniture,Chairs,5,284.98,0.0,1424.9
CA-2017-117863,TS-21340,2017-05-18,Furniture,Furnishings,2,7.28,0.0,14.56
CA-2017-117863,TS-21340,2017-05-18,Office Supplies,Binders,1,3.05,0.2,3.05
CA-2017-160458,EH-13945,2017-05-27,Office Supplies,Paper,5,5.18,0.2,25.92
US-2016-142685,MG-17695,2016-06-23,Office Supplies,Supplies,7,119.31,0.0,835.17
CA-2016-133144,DO-13435,2016-05-16,Office Supplies,Paper,3,5.78,0.0,17.34
CA-2017-167871,AF-10870,2017-11-18,Office Supplies,Paper,1,44.38,0.2,44.38
CA-2017-167871,AF-10870,2017-11-18,Office Supplies,Supplies,1,2.94,0.2,2.94
CA-2016-119963,SN-20710,2016-11-18,Office Supplies,Art,2,3.18,0.2,6.37
CA-2016-119963,SN-20710,2016-11-18,Office Supplies,Labels,2,24.42,0.2,48.85
CA-2016-119963,SN-20710,2016-11-18,Office Supplies,Paper,2,9.82,0.2,19.65
CA-2016-119963,SN-20710,2016-11-18,Furniture,Chairs,6,42.52,0.3,255.11
CA-2014-121167,MO-17500,2014-11-28,Office Supplies,Binders,2,8.62,0.2,17.25
US-2016-151862,ON-18715,2016-03-01,Technology,Phones,2,79.99,0.2,159.98
CA-2017-152961,SC-20095,2017-01-15,Office Supplies,Paper,2,6.35,0.0,12.7
CA-2014-133228,MS-17710,2014-04-04,Furniture,Furnishings,1,5.47,0.0,5.47
CA-2014-133228,MS-17710,2014-04-04,Office Supplies,Art,4,19.84,0.0,79.36
CA-2016-114951,DN-13690,2016-06-26,Furniture,Furnishings,3,7.38,0.0,22.14
CA-2016-156573,RB-19360,2016-05-29,Office Supplies,Binders,3,3.76,0.7,11.28
CA-2016-156573,RB-19360,2016-05-29,Office Supplies,Art,2,2.22,0.2,4.45
CA-2016-156573,RB-19360,2016-05-29,Furniture,Furnishings,3,14.92,0.2,44.76
CA-2015-113901,NH-18610,2015-10-19,Office Supplies,Binders,6,6.38,0.0,38.28
CA-2015-113901,NH-18610,2015-10-19,Technology,Phones,5,29.99,0.0,149.95
CA-2017-134838,ED-13885,2017-02-19,Office Supplies,Art,3,4.28,0.0,12.84
CA-2017-134838,ED-13885,2017-02-19,Furniture,Furnishings,3,14.89,0.0,44.67
CA-2016-120257,PW-19240,2016-09-22,Office Supplies,Art,3,2.62,0.2,7.87
CA-2014-164910,DM-13345,2014-11-12,Office Supplies,Art,3,2.62,0.2,7.87
CA-2016-149902,DW-13540,2016-04-01,Office Supplies,Art,4,22.01,0.0,88.04
CA-2016-146010,EH-14125,2016-05-20,Office Supplies,Binders,7,5.8,0.7,40.64
US-2015-163685,KE-16420,2015-06-01,Office Supplies,Binders,8,0.72,0.8,5.73
US-2015-163685,KE-16420,2015-06-01,Office Supplies,Paper,10,4.22,0.2,42.24
CA-2014-135090,SP-20920,2014-11-22,Office Supplies,Paper,9,5.98,0.0,53.82
CA-2015-132374,PS-19045,2015-02-22,Office Supplies,Art,4,19.84,0.0,79.36
CA-2016-167556,JM-15250,2016-03-29,Office Supplies,Paper,2,6.74,0.0,13.48
CA-2016-167556,JM-15250,2016-03-29,Office Supplies,Binders,5,5.96,0.2,29.8
CA-2016-167556,JM-15250,2016-03-29,Furniture,Furnishings,8,51.75,0.0,414.0
CA-2016-167556,JM-15250,2016-03-29,Office Supplies,Binders,7,5.9,0.2,41.33
US-2016-116400,EB-13930,2016-10-22,Furniture,Furnishings,4,9.98,0.0,39.92
CA-2017-101308,FG-14260,2017-10-02,Office Supplies,Fasteners,3,2.98,0.0,8.94
CA-2017-101308,FG-14260,2017-10-02,Technology,Phones,2,42.39,0.2,84.78
CA-2014-114517,TH-21235,2014-12-23,Furniture,Tables,2,26.66,0.4,53.32
CA-2014-114517,TH-21235,2014-12-23,Office Supplies,Appliances,3,18.84,0.0,56.52
CA-2017-119564,PL-18925,2017-12-15,Furniture,Furnishings,3,7.59,0.0,22.77
CA-2016-135265,CC-12370,2016-07-07,Furniture,Chairs,4,71.99,0.2,287.97
CA-2016-135265,CC-12370,2016-07-07,Technology,Copiers,5,559.99,0.2,2799.96
CA-2016-135265,CC-12370,2016-07-07,Office Supplies,Paper,1,48.94,0.0,48.94
CA-2016-108735,JM-15535,2016-04-17,Furniture,Bookcases,3,85.83,0.15,257.5
CA-2017-112333,KF-16285,2017-04-08,Office Supplies,Storage,4,647.89,0.0,2591.56
CA-2017-112333,KF-16285,2017-04-08,Office Supplies,Appliances,5,8.39,0.0,41.95
US-2016-159415,CS-12175,2016-04-17,Furniture,Furnishings,5,15.82,0.2,79.12
CA-2014-122588,AR-10540,2014-11-25,Furniture,Furnishings,2,26.48,0.0,52.96
CA-2014-137589,MS-17770,2014-11-03,Office Supplies,Supplies,3,95.45,0.2,286.34
CA-2015-161998,DB-13120,2015-05-01,Furniture,Furnishings,3,21.18,0.2,63.55
CA-2015-161998,DB-13120,2015-05-01,Office Supplies,Supplies,3,13.79,0.2,41.38
CA-2015-161998,DB-13120,2015-05-01,Office Supplies,Art,6,28.78,0.2,172.7
CA-2015-105627,DK-12895,2015-03-08,Furniture,Bookcases,3,170.98,0.0,512.94
CA-2015-105627,DK-12895,2015-03-08,Furniture,Chairs,7,122.99,0.0,860.93
CA-2015-105627,DK-12895,2015-03-08,Technology,Phones,5,153.99,0.0,769.95
CA-2015-105627,DK-12895,2015-03-08,Office Supplies,Art,1,14.98,0.0,14.98
CA-2015-105627,DK-12895,2015-03-08,Furniture,Furnishings,6,62.18,0.0,373.08
US-2015-149629,MP-17965,2015-07-17,Furniture,Bookcases,5,46.38,0.2,231.92
CA-2014-116834,Dp-13240,2014-10-11,Furniture,Furnishings,11,5.77,0.0,63.47
CA-2014-116834,Dp-13240,2014-10-11,Technology,Accessories,5,69.0,0.0,345.0
CA-2016-145730,CC-12220,2016-03-03,Furniture,Tables,3,212.63,0.3,637.9
CA-2016-145730,CC-12220,2016-03-03,Technology,Machines,3,95.97,0.4,287.91
CA-2016-145730,CC-12220,2016-03-03,Office Supplies,Envelopes,3,12.2,0.2,36.6
US-2015-168732,KM-16660,2015-12-10,Office Supplies,Art,1,1.78,0.0,1.78
US-2015-168732,KM-16660,2015-12-10,Office Supplies,Paper,4,6.48,0.0,25.92
US-2015-168732,KM-16660,2015-12-10,Technology,Accessories,6,16.99,0.0,101.94
CA-2015-107468,MK-17905,2015-12-18,Office Supplies,Art,2,3.42,0.2,6.85
CA-2017-144463,SC-20725,2017-01-01,Furniture,Furnishings,11,43.13,0.0,474.43
CA-2017-100811,CC-12475,2017-11-21,Office Supplies,Paper,2,4.22,0.2,8.45
CA-2017-100811,CC-12475,2017-11-21,Office Supplies,Storage,4,9.82,0.2,39.3
CA-2015-153612,BT-11305,2015-12-22,Office Supplies,Art,4,4.28,0.0,17.12
CA-2015-165624,FH-14350,2015-08-23,Office Supplies,Appliances,3,180.98,0.0,542.94
CA-2015-165624,FH-14350,2015-08-23,Office Supplies,Labels,3,2.88,0.0,8.64
CA-2015-165624,FH-14350,2015-08-23,Office Supplies,Paper,5,38.76,0.0,193.8
CA-2015-165624,FH-14350,2015-08-23,Office Supplies,Paper,5,4.28,0.0,21.4
CA-2015-165624,FH-14350,2015-08-23,Office Supplies,Paper,2,48.94,0.0,97.88
CA-2015-165624,FH-14350,2015-08-23,Technology,Accessories,9,27.99,0.0,251.91
CA-2015-165624,FH-14350,2015-08-23,Office Supplies,Appliances,3,8.62,0.0,25.86
CA-2014-154963,AA-10645,2014-06-22,Furniture,Chairs,3,56.69,0.3,170.06
CA-2014-154963,AA-10645,2014-06-22,Technology,Phones,3,27.59,0.4,82.78
CA-2014-154963,AA-10645,2014-06-22,Furniture,Chairs,5,170.79,0.3,853.93
CA-2017-130764,JO-15145,2017-10-27,Furniture,Bookcases,5,111.33,0.15,556.66
CA-2017-130764,JO-15145,2017-10-27,Technology,Phones,4,23.96,0.2,95.84
CA-2017-139311,SF-20965,2017-08-11,Office Supplies,Paper,4,7.42,0.2,29.66
CA-2017-139311,SF-20965,2017-08-11,Office Supplies,Art,7,1.31,0.2,9.18
CA-2017-139311,SF-20965,2017-08-11,Technology,Phones,2,76.79,0.2,153.58
CA-2017-139311,SF-20965,2017-08-11,Office Supplies,Binders,8,1.61,0.8,12.86
CA-2017-124296,CS-12355,2017-12-24,Technology,Machines,3,159.99,0.0,479.97
CA-2017-124296,CS-12355,2017-12-24,Furniture,Chairs,4,58.22,0.0,232.88
CA-2016-169957,SN-20710,2016-09-26,Office Supplies,Appliances,6,39.48,0.0,236.88
CA-2016-169957,SN-20710,2016-09-26,Office Supplies,Paper,5,5.98,0.0,29.9
CA-2016-169957,SN-20710,2016-09-26,Technology,Accessories,4,25.0,0.0,100.0
US-2016-108777,JM-15655,2016-12-12,Office Supplies,Binders,3,6.23,0.7,18.69
US-2016-108777,JM-15655,2016-12-12,Technology,Accessories,6,63.99,0.2,383.95
CA-2015-148859,FH-14350,2015-12-28,Office Supplies,Storage,2,12.41,0.2,24.82
CA-2014-110786,AJ-10795,2014-12-29,Furniture,Furnishings,5,4.98,0.0,24.9
CA-2014-110786,AJ-10795,2014-12-29,Office Supplies,Paper,4,5.28,0.0,21.12
CA-2014-110786,AJ-10795,2014-12-29,Technology,Machines,6,127.99,0.2,767.95
CA-2014-110786,AJ-10795,2014-12-29,Office Supplies,Binders,3,4.78,0.2,14.35
CA-2014-110786,AJ-10795,2014-12-29,Technology,Phones,3,63.99,0.2,191.98
CA-2014-110786,AJ-10795,2014-12-29,Office Supplies,Labels,9,30.53,0.0,274.77
CA-2014-110786,AJ-10795,2014-12-29,Furniture,Furnishings,6,11.76,0.0,70.56
CA-2015-137750,JF-15565,2015-06-25,Furniture,Furnishings,5,40.97,0.0,204.85
CA-2015-136378,CS-11845,2015-04-02,Office Supplies,Binders,3,3.05,0.8,9.16
CA-2017-100356,SP-20920,2017-10-21,Office Supplies,Appliances,2,12.0,0.8,23.99
US-2015-166520,KE-16420,2015-07-16,Office Supplies,Paper,3,26.96,0.0,80.88
US-2015-166520,KE-16420,2015-07-16,Technology,Accessories,10,59.99,0.0,599.9
CA-2017-136350,GA-14515,2017-06-24,Furniture,Furnishings,3,92.23,0.0,276.69
CA-2017-136350,GA-14515,2017-06-24,Furniture,Chairs,2,86.38,0.1,172.76
CA-2014-122931,SM-20950,2014-09-29,Office Supplies,Art,3,1.41,0.2,4.22
CA-2014-122931,SM-20950,2014-09-29,Furniture,Tables,2,204.64,0.4,409.27
CA-2014-122931,SM-20950,2014-09-29,Office Supplies,Labels,11,5.04,0.2,55.44
CA-2014-122931,SM-20950,2014-09-29,Office Supplies,Paper,4,5.23,0.2,20.93
CA-2014-122931,SM-20950,2014-09-29,Office Supplies,Storage,6,300.27,0.2,1801.63
CA-2014-122931,SM-20950,2014-09-29,Furniture,Tables,1,67.18,0.4,67.18
CA-2014-163034,DK-12985,2014-11-24,Office Supplies,Storage,5,129.24,0.2,646.2
CA-2015-124058,LC-16885,2015-11-20,Technology,Phones,7,10.39,0.2,72.74
CA-2015-124058,LC-16885,2015-11-20,Furniture,Chairs,3,190.72,0.2,572.16
CA-2016-129196,XP-21865,2016-11-01,Technology,Accessories,3,22.7,0.2,68.11
US-2015-138716,CS-11845,2015-09-17,Office Supplies,Binders,3,8.34,0.2,25.03
US-2016-122182,BD-11770,2016-03-10,Technology,Accessories,1,39.99,0.2,39.99
US-2014-130358,DL-13330,2014-06-23,Office Supplies,Art,9,2.22,0.2,20.02
US-2014-130358,DL-13330,2014-06-23,Office Supplies,Supplies,1,3.1,0.2,3.1
CA-2014-102673,KH-16630,2014-11-01,Office Supplies,Fasteners,5,1.5,0.2,7.52
CA-2014-102673,KH-16630,2014-11-01,Office Supplies,Art,3,3.42,0.2,10.27
CA-2014-102673,KH-16630,2014-11-01,Office Supplies,Labels,12,3.98,0.2,47.81
CA-2014-102673,KH-16630,2014-11-01,Technology,Phones,9,108.76,0.2,978.84
CA-2016-145303,TP-21415,2016-08-28,Office Supplies,Binders,9,1.46,0.8,13.14
CA-2016-145303,TP-21415,2016-08-28,Office Supplies,Binders,4,2.51,0.8,10.02
CA-2016-145303,TP-21415,2016-08-28,Furniture,Bookcases,2,78.19,0.32,156.37
CA-2015-156104,NP-18685,2015-12-06,Technology,Copiers,2,499.99,0.0,999.98
US-2015-164308,SC-20680,2015-09-24,Technology,Phones,6,136.99,0.0,821.94
CA-2017-108112,DK-12895,2017-11-15,Furniture,Furnishings,4,55.02,0.2,220.06
CA-2017-108112,DK-12895,2017-11-15,Furniture,Furnishings,4,84.78,0.2,339.14
CA-2015-100685,SM-20950,2015-12-19,Office Supplies,Binders,2,3.52,0.0,7.04
CA-2015-100685,SM-20950,2015-12-19,Office Supplies,Fasteners,4,1.26,0.0,5.04
CA-2015-100685,SM-20950,2015-12-19,Office Supplies,Paper,3,38.76,0.0,116.28
CA-2015-165414,LS-17245,2015-12-21,Technology,Phones,3,15.99,0.2,47.98
CA-2016-140417,KE-16420,2016-09-25,Office Supplies,Paper,9,6.67,0.2,60.05
CA-2016-140417,KE-16420,2016-09-25,Office Supplies,Binders,1,5.02,0.7,5.02
US-2017-151316,MC-17635,2017-06-24,Office Supplies,Binders,3,61.0,0.8,182.99
US-2017-151316,MC-17635,2017-06-24,Office Supplies,Paper,3,3.42,0.2,10.27
CA-2017-163692,Dp-13240,2017-09-07,Office Supplies,Binders,3,2.62,0.7,7.86
CA-2016-111913,LC-16930,2016-08-04,Technology,Phones,2,151.19,0.2,302.38
CA-2016-111913,LC-16930,2016-08-04,Office Supplies,Binders,3,6.98,0.2,20.95
CA-2016-111913,LC-16930,2016-08-04,Office Supplies,Binders,3,3.93,0.2,11.78
US-2014-156559,LH-16900,2014-08-19,Furniture,Bookcases,9,70.98,0.0,638.82
CA-2016-161473,TB-21175,2016-04-01,Office Supplies,Labels,2,10.35,0.0,20.7
CA-2016-161473,TB-21175,2016-04-01,Office Supplies,Supplies,3,3.65,0.0,10.95
CA-2016-161473,TB-21175,2016-04-01,Office Supplies,Binders,3,4.78,0.2,14.35
CA-2017-166576,JM-15865,2017-05-16,Office Supplies,Storage,2,110.51,0.2,221.02
CA-2015-102491,KW-16435,2015-08-24,Technology,Machines,7,440.0,0.0,3080.0
CA-2015-102491,KW-16435,2015-08-24,Technology,Accessories,4,19.99,0.0,79.96
CA-2015-102491,KW-16435,2015-08-24,Technology,Phones,3,195.99,0.0,587.97
CA-2014-116904,SC-20095,2014-09-23,Office Supplies,Paper,5,6.48,0.0,32.4
CA-2014-116904,SC-20095,2014-09-23,Office Supplies,Storage,5,80.98,0.0,404.9
CA-2014-116904,SC-20095,2014-09-23,Office Supplies,Binders,5,1889.99,0.0,9449.95
CA-2014-116904,SC-20095,2014-09-23,Office Supplies,Binders,2,6.47,0.0,12.94
US-2017-102288,ZC-21910,2017-06-19,Office Supplies,Appliances,1,2.26,0.8,2.26
US-2017-102288,ZC-21910,2017-06-19,Office Supplies,Appliances,1,0.44,0.8,0.44
US-2017-102288,ZC-21910,2017-06-19,Office Supplies,Paper,8,18.27,0.2,146.18
CA-2017-137456,RB-19465,2017-12-21,Furniture,Furnishings,2,7.96,0.0,15.92
US-2017-155999,JK-15370,2017-08-07,Technology,Phones,5,31.99,0.2,159.96
US-2017-155999,JK-15370,2017-08-07,Office Supplies,Binders,2,6.88,0.2,13.76
US-2016-148334,DD-13570,2016-08-22,Office Supplies,Binders,2,2.16,0.8,4.31
CA-2015-105599,MC-17275,2015-09-07,Office Supplies,Storage,2,6.98,0.0,13.96
CA-2015-105599,MC-17275,2015-09-07,Furniture,Tables,3,9.14,0.4,27.41
CA-2015-153717,DL-13495,2015-12-25,Technology,Phones,2,36.99,0.0,73.98
CA-2015-153717,DL-13495,2015-12-25,Furniture,Bookcases,1,160.98,0.0,160.98
CA-2015-153717,DL-13495,2015-12-25,Office Supplies,Paper,3,5.78,0.0,17.34
CA-2015-153717,DL-13495,2015-12-25,Office Supplies,Art,1,3.28,0.0,3.28
CA-2015-116687,NC-18625,2015-05-02,Office Supplies,Labels,3,2.95,0.2,8.86
CA-2015-116687,NC-18625,2015-05-02,Technology,Phones,3,52.79,0.2,158.38
CA-2016-163573,AC-10450,2016-11-24,Office Supplies,Binders,5,243.99,0.2,1219.96
CA-2015-153416,TS-21340,2015-11-24,Office Supplies,Binders,2,1.58,0.2,3.17
CA-2015-153416,TS-21340,2015-11-24,Office Supplies,Paper,3,6.48,0.0,19.44
CA-2015-153416,TS-21340,2015-11-24,Office Supplies,Storage,7,64.98,0.0,454.86
CA-2015-153416,TS-21340,2015-11-24,Office Supplies,Binders,8,11.42,0.2,91.39
CA-2017-117394,MM-17920,2017-09-04,Technology,Accessories,4,4.76,0.2,19.04
CA-2017-133823,LP-17080,2017-05-11,Office Supplies,Paper,6,6.24,0.0,37.44
CA-2017-133823,LP-17080,2017-05-11,Office Supplies,Labels,3,12.53,0.0,37.59
CA-2017-133823,LP-17080,2017-05-11,Office Supplies,Binders,2,13.02,0.2,26.03
CA-2014-127523,BG-11695,2014-05-11,Office Supplies,Appliances,3,11.97,0.0,35.91
CA-2017-123239,MG-18145,2017-07-27,Furniture,Furnishings,3,30.34,0.2,91.03
CA-2017-156769,GZ-14470,2017-05-06,Office Supplies,Art,6,9.11,0.0,54.66
CA-2014-127299,JL-15835,2014-09-19,Office Supplies,Storage,6,11.22,0.2,67.34
CA-2014-127299,JL-15835,2014-09-19,Technology,Machines,3,875.0,0.5,2624.98
CA-2015-121272,DO-13435,2015-03-29,Office Supplies,Appliances,4,18.32,0.0,73.28
CA-2014-115336,AB-10600,2014-11-18,Office Supplies,Binders,5,2.9,0.8,14.48
CA-2015-111703,KB-16315,2015-07-02,Office Supplies,Paper,3,3.98,0.2,11.95
CA-2015-111703,KB-16315,2015-07-02,Office Supplies,Paper,3,5.18,0.2,15.55
CA-2014-128839,TT-21070,2014-09-08,Office Supplies,Fasteners,9,5.0,0.0,45.0
CA-2014-128839,TT-21070,2014-09-08,Technology,Machines,3,69.99,0.0,209.97
CA-2017-105914,PV-18985,2017-10-02,Office Supplies,Binders,5,22.42,0.2,112.12
CA-2017-105914,PV-18985,2017-10-02,Office Supplies,Storage,7,225.02,0.0,1575.14
CA-2017-110926,DD-13570,2017-11-19,Office Supplies,Fasteners,7,3.58,0.0,25.06
CA-2016-117226,KD-16495,2016-12-30,Office Supplies,Binders,6,1.15,0.8,6.92
CA-2017-127313,RA-19285,2017-12-01,Office Supplies,Storage,3,12.46,0.2,37.39
CA-2017-127313,RA-19285,2017-12-01,Furniture,Furnishings,5,15.82,0.2,79.12
CA-2016-136287,SS-20590,2016-06-13,Office Supplies,Labels,3,6.3,0.0,18.9
US-2014-107699,JH-15820,2014-05-19,Office Supplies,Binders,9,6.38,0.0,57.42
CA-2017-112725,EH-14125,2017-01-30,Office Supplies,Art,7,1.82,0.0,12.74
CA-2017-112725,EH-14125,2017-01-30,Office Supplies,Art,3,2.94,0.0,8.82
CA-2017-112725,EH-14125,2017-01-30,Furniture,Chairs,1,120.78,0.2,120.78
CA-2015-136196,TP-21415,2015-11-28,Furniture,Furnishings,3,107.53,0.0,322.59
CA-2017-106068,RB-19330,2017-10-23,Office Supplies,Binders,3,3.25,0.8,9.76
CA-2017-106068,RB-19330,2017-10-23,Office Supplies,Storage,1,13.72,0.2,13.72
CA-2017-106068,RB-19330,2017-10-23,Technology,Accessories,1,55.2,0.2,55.2
CA-2017-106068,RB-19330,2017-10-23,Office Supplies,Storage,4,64.78,0.2,259.14
CA-2017-100160,CB-12025,2017-09-07,Office Supplies,Labels,5,5.85,0.2,29.24
CA-2017-100160,CB-12025,2017-09-07,Office Supplies,Paper,3,5.18,0.2,15.55
CA-2017-100160,CB-12025,2017-09-07,Office Supplies,Envelopes,3,1.63,0.2,4.9
CA-2016-139689,MP-17965,2016-12-29,Office Supplies,Binders,4,9.52,0.7,38.09
CA-2016-139689,MP-17965,2016-12-29,Office Supplies,Binders,3,0.94,0.7,2.81
CA-2015-101091,SW-20245,2015-12-05,Technology,Accessories,2,23.99,0.2,47.98
CA-2015-101091,SW-20245,2015-12-05,Office Supplies,Binders,6,4.34,0.7,26.06
CA-2014-126907,SM-20950,2014-11-01,Office Supplies,Paper,3,5.23,0.2,15.7
US-2016-164588,AP-10915,2016-04-16,Office Supplies,Art,3,4.28,0.0,12.84
CA-2017-115546,AH-10465,2017-05-14,Technology,Phones,3,179.99,0.0,539.97
CA-2017-115546,AH-10465,2017-05-14,Office Supplies,Storage,2,11.29,0.0,22.58
CA-2015-163587,EP-13915,2015-03-14,Office Supplies,Labels,4,4.13,0.0,16.52
CA-2015-163587,EP-13915,2015-03-14,Office Supplies,Binders,3,223.98,0.0,671.94
US-2017-106131,TP-21565,2017-01-14,Technology,Accessories,7,24.15,0.2,169.06
US-2017-106131,TP-21565,2017-01-14,Office Supplies,Storage,9,18.74,0.2,168.62
CA-2015-160213,AR-10825,2015-03-08,Office Supplies,Paper,3,6.48,0.0,19.44
CA-2014-157924,HA-14920,2014-10-11,Office Supplies,Storage,4,7.98,0.0,31.92
CA-2014-157924,HA-14920,2014-10-11,Furniture,Chairs,2,216.78,0.2,433.57
CA-2015-100216,HJ-14875,2015-04-13,Office Supplies,Paper,6,5.18,0.2,31.1
CA-2015-100216,HJ-14875,2015-04-13,Office Supplies,Paper,3,18.27,0.2,54.82
CA-2017-100601,JK-15370,2017-11-16,Office Supplies,Storage,7,6.98,0.0,48.86
CA-2016-152163,JF-15355,2016-07-01,Office Supplies,Binders,2,7.1,0.0,14.2
CA-2016-152163,JF-15355,2016-07-01,Office Supplies,Paper,2,6.48,0.0,12.96
CA-2016-152163,JF-15355,2016-07-01,Office Supplies,Binders,2,29.17,0.0,58.34
CA-2015-154340,EK-13795,2015-11-29,Office Supplies,Art,2,28.15,0.0,56.3
CA-2014-128846,RS-19765,2014-04-07,Technology,Phones,5,125.99,0.0,629.95
CA-2014-128846,RS-19765,2014-04-07,Office Supplies,Paper,3,40.99,0.0,122.97
CA-2016-148593,BD-11320,2016-06-16,Office Supplies,Paper,5,9.27,0.0,46.35
US-2017-119039,BF-11170,2017-03-06,Office Supplies,Binders,9,1.66,0.2,14.98
CA-2017-128426,JK-15730,2017-10-07,Office Supplies,Binders,5,0.85,0.8,4.24
US-2017-136868,CR-12820,2017-10-06,Technology,Accessories,4,79.99,0.0,319.96
US-2017-136868,CR-12820,2017-10-06,Office Supplies,Paper,3,5.68,0.0,17.04
US-2017-136868,CR-12820,2017-10-06,Office Supplies,Storage,3,114.97,0.0,344.91
CA-2016-143749,AG-10300,2016-12-05,Furniture,Bookcases,1,81.94,0.0,81.94
CA-2016-111493,CM-12160,2016-10-21,Technology,Accessories,6,16.36,0.0,98.16
CA-2017-112536,SG-20890,2017-05-18,Office Supplies,Binders,7,0.98,0.8,6.87
CA-2017-112536,SG-20890,2017-05-18,Office Supplies,Binders,1,2.0,0.8,2.0
CA-2017-112536,SG-20890,2017-05-18,Office Supplies,Storage,2,4.46,0.2,8.93
CA-2016-157714,CS-12175,2016-09-26,Office Supplies,Paper,1,9.99,0.0,9.99
CA-2017-166709,HL-15040,2017-11-17,Technology,Copiers,3,3499.99,0.0,10499.97
CA-2015-129392,DM-13015,2015-07-08,Office Supplies,Paper,5,4.22,0.2,21.12
CA-2015-150875,HK-14890,2015-11-16,Furniture,Tables,2,348.21,0.0,696.42
CA-2015-150875,HK-14890,2015-11-16,Technology,Phones,3,101.59,0.2,304.78
CA-2015-154200,BG-11740,2015-06-18,Office Supplies,Art,2,25.99,0.0,51.98
CA-2016-124233,CK-12595,2016-04-08,Furniture,Furnishings,5,4.94,0.0,24.7
US-2015-134271,RF-19735,2015-04-18,Office Supplies,Labels,3,7.31,0.0,21.93
US-2016-161683,CJ-12010,2016-12-03,Office Supplies,Appliances,4,98.7,0.2,394.82
US-2016-161683,CJ-12010,2016-12-03,Office Supplies,Binders,4,4.55,0.7,18.19
CA-2015-143105,MA-17560,2015-12-10,Office Supplies,Labels,1,7.31,0.0,7.31
CA-2015-143105,MA-17560,2015-12-10,Technology,Copiers,2,399.99,0.2,799.98
CA-2015-143105,MA-17560,2015-12-10,Office Supplies,Paper,6,6.88,0.0,41.28
CA-2015-143105,MA-17560,2015-12-10,Office Supplies,Paper,7,26.38,0.0,184.66
CA-2014-145387,AM-10705,2014-10-31,Office Supplies,Art,5,9.85,0.0,49.25
CA-2014-145387,AM-10705,2014-10-31,Office Supplies,Paper,2,5.08,0.0,10.16
CA-2014-145387,AM-10705,2014-10-31,Furniture,Furnishings,2,7.38,0.0,14.76
CA-2014-145387,AM-10705,2014-10-31,Office Supplies,Binders,2,17.04,0.0,34.08
CA-2014-145387,AM-10705,2014-10-31,Furniture,Furnishings,3,5.89,0.0,17.67
CA-2014-145387,AM-10705,2014-10-31,Furniture,Chairs,5,320.98,0.0,1604.9
CA-2014-145387,AM-10705,2014-10-31,Furniture,Tables,1,385.69,0.3,385.69
CA-2017-109715,AH-10585,2017-12-09,Office Supplies,Paper,2,7.99,0.2,15.98
CA-2014-166457,PF-19120,2014-05-05,Office Supplies,Paper,3,3.14,0.0,9.42
CA-2014-166457,PF-19120,2014-05-05,Office Supplies,Art,2,3.28,0.0,6.56
CA-2014-166457,PF-19120,2014-05-05,Office Supplies,Paper,2,12.28,0.0,24.56
CA-2016-164637,RD-19480,2016-03-04,Office Supplies,Binders,3,42.8,0.0,128.4
CA-2014-103590,JL-15505,2014-11-30,Office Supplies,Envelopes,4,15.57,0.0,62.28
CA-2015-111234,AB-10600,2015-02-18,Office Supplies,Labels,3,3.08,0.0,9.24
CA-2017-149881,NC-18535,2017-04-01,Furniture,Bookcases,8,60.33,0.15,482.66
CA-2017-149881,NC-18535,2017-04-01,Technology,Machines,2,2399.99,0.2,4799.98
CA-2017-134565,TB-21400,2017-06-11,Office Supplies,Paper,2,18.97,0.0,37.94
CA-2017-134565,TB-21400,2017-06-11,Office Supplies,Binders,6,3.05,0.2,18.29
CA-2017-134565,TB-21400,2017-06-11,Technology,Machines,5,77.16,0.2,385.8
CA-2017-134565,TB-21400,2017-06-11,Office Supplies,Storage,2,51.48,0.0,102.96
CA-2017-134565,TB-21400,2017-06-11,Furniture,Bookcases,3,58.14,0.0,174.42
CA-2016-108644,SJ-20215,2016-09-30,Office Supplies,Binders,2,0.98,0.8,1.96
US-2014-102631,EB-13840,2014-12-13,Furniture,Furnishings,3,31.48,0.6,94.43
CA-2017-120327,WB-21850,2017-11-11,Office Supplies,Fasteners,4,11.48,0.0,45.92
CA-2015-154970,SR-20740,2015-01-05,Furniture,Chairs,1,61.58,0.2,61.58
CA-2016-113803,VG-21805,2016-03-24,Office Supplies,Paper,1,22.48,0.0,22.48
CA-2017-100223,LS-16945,2017-07-05,Furniture,Furnishings,9,36.89,0.6,332.03
CA-2017-100223,LS-16945,2017-07-05,Office Supplies,Binders,9,1.27,0.8,11.39
CA-2017-100223,LS-16945,2017-07-05,Office Supplies,Paper,3,5.18,0.2,15.55
CA-2017-100223,LS-16945,2017-07-05,Office Supplies,Paper,6,5.18,0.2,31.1
CA-2017-100223,LS-16945,2017-07-05,Office Supplies,Binders,1,6.32,0.8,6.32
CA-2014-168823,MA-17560,2014-09-21,Office Supplies,Paper,3,3.78,0.2,11.35
CA-2014-168823,MA-17560,2014-09-21,Office Supplies,Labels,9,2.31,0.2,20.81
CA-2016-162404,NF-18475,2016-07-23,Office Supplies,Binders,4,2.85,0.8,11.42
CA-2017-104024,MD-17860,2017-08-29,Office Supplies,Art,7,1.34,0.2,9.41
CA-2017-147144,MZ-17335,2017-03-26,Office Supplies,Art,1,19.83,0.0,19.83
CA-2017-158673,KB-16600,2017-12-29,Office Supplies,Paper,2,104.85,0.0,209.7
CA-2014-133704,MA-17995,2014-09-20,Office Supplies,Appliances,4,10.98,0.0,43.92
CA-2014-133704,MA-17995,2014-09-20,Office Supplies,Binders,3,6.74,0.2,20.23
CA-2016-159142,ME-17320,2016-04-04,Technology,Phones,3,49.99,0.0,149.97
CA-2016-159142,ME-17320,2016-04-04,Office Supplies,Paper,3,9.27,0.0,27.81
CA-2014-138436,JD-15895,2014-03-26,Technology,Accessories,3,22.1,0.0,66.3
CA-2017-117702,LS-16975,2017-11-28,Office Supplies,Art,1,1.64,0.0,1.64
CA-2017-117702,LS-16975,2017-11-28,Furniture,Furnishings,5,209.84,0.0,1049.2
CA-2017-117702,LS-16975,2017-11-28,Furniture,Furnishings,5,4.18,0.0,20.9
CA-2016-157336,SJ-20500,2016-12-01,Office Supplies,Binders,6,14.68,0.0,88.08
CA-2016-157336,SJ-20500,2016-12-01,Furniture,Chairs,4,187.98,0.0,751.92
CA-2014-168130,BS-11365,2014-09-19,Furniture,Chairs,7,126.73,0.1,887.1
CA-2015-155068,RA-19285,2015-10-23,Technology,Phones,7,7.99,0.2,55.94
CA-2015-155068,RA-19285,2015-10-23,Office Supplies,Art,2,5.34,0.2,10.69
CA-2015-155068,RA-19285,2015-10-23,Technology,Phones,2,5.91,0.2,11.82
CA-2017-163160,TS-21610,2017-10-13,Office Supplies,Paper,3,21.1,0.2,63.31
CA-2017-163160,TS-21610,2017-10-13,Office Supplies,Binders,4,24.2,0.8,96.78
CA-2017-163160,TS-21610,2017-10-13,Furniture,Furnishings,3,3.49,0.6,10.48
CA-2015-101924,KB-16585,2015-09-04,Office Supplies,Binders,2,4.88,0.7,9.76
CA-2016-124793,MM-18280,2016-03-14,Furniture,Chairs,2,98.39,0.2,196.78
CA-2017-118367,LO-17170,2017-10-28,Office Supplies,Envelopes,2,23.99,0.0,47.98
CA-2017-164819,RS-19420,2017-10-15,Office Supplies,Labels,5,2.61,0.0,13.05
CA-2017-158344,CC-12475,2017-08-07,Technology,Accessories,4,15.99,0.0,63.96
CA-2017-123351,KT-16480,2017-09-21,Office Supplies,Appliances,1,80.48,0.0,80.48
CA-2017-110429,DM-13015,2017-11-03,Office Supplies,Binders,3,3.89,0.7,11.67
US-2016-131611,EP-13915,2016-11-05,Furniture,Tables,8,107.89,0.3,863.13
US-2016-131611,EP-13915,2016-11-05,Office Supplies,Binders,3,1.19,0.8,3.56
US-2016-131611,EP-13915,2016-11-05,Furniture,Bookcases,7,136.67,0.32,956.66
US-2016-131611,EP-13915,2016-11-05,Office Supplies,Binders,3,4.2,0.8,12.59
US-2016-131611,EP-13915,2016-11-05,Technology,Accessories,5,34.39,0.2,171.96
US-2017-124821,AM-10705,2017-06-25,Furniture,Tables,4,217.85,0.0,871.4
CA-2015-166975,SH-20635,2015-11-26,Furniture,Furnishings,11,62.95,0.2,692.47
CA-2016-123806,LA-16780,2016-11-24,Furniture,Furnishings,4,51.94,0.0,207.76
US-2017-158505,SF-20200,2017-07-21,Technology,Phones,9,7.99,0.2,71.93
US-2017-158505,SF-20200,2017-07-21,Office Supplies,Art,1,25.99,0.0,25.99
CA-2015-142692,AG-10495,2015-10-23,Office Supplies,Binders,1,3.59,0.2,3.59
CA-2015-123456,KN-16450,2015-07-09,Office Supplies,Appliances,2,24.32,0.8,48.63
CA-2017-151358,NF-18595,2017-08-18,Office Supplies,Storage,2,161.55,0.0,323.1
US-2016-107440,BS-11365,2016-04-16,Technology,Machines,7,1299.99,0.0,9099.93
US-2016-107440,BS-11365,2016-04-16,Furniture,Furnishings,2,4.98,0.0,9.96
US-2016-107440,BS-11365,2016-04-16,Office Supplies,Binders,5,5.06,0.0,25.3
CA-2014-166989,RM-19675,2014-11-14,Office Supplies,Paper,2,5.68,0.0,11.36
CA-2014-166989,RM-19675,2014-11-14,Furniture,Chairs,2,34.63,0.1,69.26
CA-2014-103100,AB-10105,2014-12-20,Office Supplies,Labels,1,3.69,0.0,3.69
CA-2014-103100,AB-10105,2014-12-20,Office Supplies,Binders,3,367.99,0.0,1103.97
CA-2015-105690,CA-11965,2015-11-21,Furniture,Bookcases,2,123.07,0.32,246.13
CA-2015-105690,CA-11965,2015-11-21,Office Supplies,Labels,2,5.85,0.2,11.7
CA-2015-105690,CA-11965,2015-11-21,Technology,Copiers,1,439.99,0.2,439.99
CA-2017-127516,EH-14005,2017-12-28,Office Supplies,Storage,1,64.78,0.2,64.78
US-2015-117184,ON-18715,2015-05-17,Office Supplies,Binders,5,6.66,0.8,33.28
US-2015-117184,ON-18715,2015-05-17,Office Supplies,Paper,3,4.7,0.2,14.09
CA-2017-102407,AT-10435,2017-12-09,Office Supplies,Art,2,5.58,0.0,11.16
CA-2017-102407,AT-10435,2017-12-09,Furniture,Tables,9,99.59,0.2,896.33
CA-2017-102407,AT-10435,2017-12-09,Office Supplies,Appliances,1,189.0,0.0,189.0
CA-2017-130967,EB-13870,2017-03-10,Technology,Phones,3,17.99,0.4,53.98
CA-2017-101581,DW-13195,2017-10-22,Furniture,Tables,5,35.44,0.5,177.22
CA-2017-169124,MB-17305,2017-07-03,Furniture,Furnishings,3,43.13,0.0,129.39
CA-2017-117261,TH-21235,2017-09-04,Office Supplies,Storage,4,13.58,0.0,54.32
CA-2017-129021,PO-18850,2017-08-23,Technology,Phones,13,335.99,0.2,4367.9
CA-2017-129021,PO-18850,2017-08-23,Office Supplies,Paper,2,24.78,0.2,49.57
CA-2017-129021,PO-18850,2017-08-23,Office Supplies,Appliances,6,26.9,0.2,161.38
CA-2017-129021,PO-18850,2017-08-23,Furniture,Furnishings,2,1.39,0.2,2.78
CA-2017-129021,PO-18850,2017-08-23,Office Supplies,Paper,5,1.74,0.2,8.72
CA-2014-123253,DE-13255,2014-08-22,Office Supplies,Art,1,3.91,0.2,3.91
CA-2016-121601,MO-17500,2016-10-04,Office Supplies,Envelopes,7,8.54,0.2,59.75
CA-2014-162278,AH-10585,2014-10-26,Furniture,Furnishings,4,15.98,0.0,63.92
CA-2014-162278,AH-10585,2014-10-26,Technology,Phones,5,76.79,0.2,383.96
CA-2016-161095,CS-12250,2016-06-28,Office Supplies,Binders,3,2.58,0.2,7.75
CA-2016-161095,CS-12250,2016-06-28,Office Supplies,Binders,2,16.78,0.2,33.57
CA-2014-125829,WB-21850,2014-11-04,Technology,Phones,7,95.19,0.2,666.34
CA-2014-125829,WB-21850,2014-11-04,Furniture,Tables,4,143.43,0.2,573.73
CA-2014-125829,WB-21850,2014-11-04,Office Supplies,Binders,3,7.31,0.2,21.94
CA-2014-125829,WB-21850,2014-11-04,Office Supplies,Paper,3,6.48,0.0,19.44
CA-2014-125829,WB-21850,2014-11-04,Technology,Machines,4,111.99,0.2,447.97
CA-2014-123127,SP-20620,2014-09-08,Office Supplies,Appliances,2,8.39,0.0,16.78
CA-2015-115945,AB-10165,2015-06-25,Office Supplies,Art,2,10.48,0.0,20.96
CA-2015-115945,AB-10165,2015-06-25,Office Supplies,Binders,3,29.58,0.2,88.75
CA-2015-115945,AB-10165,2015-06-25,Office Supplies,Storage,3,101.41,0.0,304.23
CA-2015-136735,HA-14920,2015-07-26,Office Supplies,Envelopes,2,83.93,0.0,167.86
US-2017-136189,DC-13285,2017-12-07,Furniture,Furnishings,6,13.73,0.0,82.38
CA-2014-152345,ST-20530,2014-12-29,Technology,Phones,3,7.99,0.2,23.98
CA-2014-152345,ST-20530,2014-12-29,Office Supplies,Storage,1,33.29,0.0,33.29
US-2015-147662,KB-16315,2015-02-14,Office Supplies,Binders,2,7.48,0.7,14.95
US-2015-147662,KB-16315,2015-02-14,Technology,Phones,3,107.99,0.4,323.98
US-2015-147662,KB-16315,2015-02-14,Office Supplies,Binders,2,1.14,0.7,2.29
US-2015-147662,KB-16315,2015-02-14,Office Supplies,Art,3,4.78,0.2,14.35
US-2015-147662,KB-16315,2015-02-14,Technology,Accessories,3,23.99,0.2,71.98
CA-2016-153346,TB-21355,2016-01-25,Office Supplies,Art,3,3.07,0.0,9.21
CA-2016-153346,TB-21355,2016-01-25,Office Supplies,Paper,5,3.6,0.0,18.0
CA-2017-118360,JC-15775,2017-04-01,Office Supplies,Paper,9,4.77,0.0,42.93
CA-2017-149853,PO-18850,2017-10-03,Office Supplies,Paper,3,5.18,0.2,15.55
CA-2017-149853,PO-18850,2017-10-03,Office Supplies,Appliances,5,3.58,0.2,17.92
CA-2017-107909,SS-20875,2017-09-01,Technology,Accessories,1,19.99,0.0,19.99
CA-2017-107909,SS-20875,2017-09-01,Office Supplies,Binders,5,4.58,0.2,22.92
CA-2015-112375,RD-19720,2015-12-21,Technology,Accessories,6,8.48,0.2,50.88
CA-2015-112375,RD-19720,2015-12-21,Office Supplies,Envelopes,2,13.66,0.2,27.31
CA-2015-154795,GZ-14470,2015-12-20,Office Supplies,Envelopes,1,7.92,0.2,7.92
CA-2015-154795,GZ-14470,2015-12-20,Furniture,Furnishings,2,7.18,0.2,14.37
CA-2015-125234,SN-20710,2015-11-27,Technology,Accessories,3,35.99,0.0,107.97
CA-2015-125234,SN-20710,2015-11-27,Office Supplies,Paper,3,37.94,0.0,113.82
CA-2017-133501,DK-12895,2017-08-27,Office Supplies,Paper,1,5.18,0.2,5.18
US-2014-129609,VM-21835,2014-03-22,Office Supplies,Art,2,8.14,0.0,16.28
CA-2017-130309,GB-14575,2017-12-17,Office Supplies,Storage,3,181.46,0.0,544.38
CA-2017-105410,ND-18370,2017-03-19,Office Supplies,Binders,6,3.3,0.2,19.82
CA-2017-105410,ND-18370,2017-03-19,Technology,Phones,6,109.58,0.2,657.5
CA-2017-105410,ND-18370,2017-03-19,Technology,Accessories,2,49.77,0.0,99.54
CA-2017-105410,ND-18370,2017-03-19,Technology,Accessories,4,49.99,0.0,199.96
CA-2016-120355,MM-17260,2016-09-18,Furniture,Chairs,2,315.89,0.1,631.78
CA-2016-120355,MM-17260,2016-09-18,Furniture,Furnishings,3,20.24,0.0,60.72
CA-2017-169894,MV-17485,2017-11-24,Office Supplies,Binders,2,10.36,0.7,20.72
CA-2017-169894,MV-17485,2017-11-24,Office Supplies,Storage,8,51.98,0.2,415.87
US-2017-100482,JL-15130,2017-04-11,Office Supplies,Storage,2,8.38,0.2,16.77
US-2017-100482,JL-15130,2017-04-11,Technology,Accessories,2,13.56,0.2,27.12
CA-2017-107748,AG-10330,2017-12-10,Technology,Phones,4,23.96,0.2,95.84
CA-2017-107748,AG-10330,2017-12-10,Office Supplies,Paper,2,6.48,0.0,12.96
CA-2017-153654,MD-17860,2017-11-24,Office Supplies,Binders,8,2.38,0.7,19.01
CA-2015-155600,RO-19780,2015-12-04,Office Supplies,Binders,7,228.29,0.7,1598.06
CA-2015-155600,RO-19780,2015-12-04,Office Supplies,Art,4,9.24,0.2,36.96
CA-2017-162565,RR-19315,2017-12-11,Office Supplies,Paper,2,5.18,0.2,10.37
CA-2017-162565,RR-19315,2017-12-11,Furniture,Furnishings,1,77.72,0.6,77.72
CA-2017-162565,RR-19315,2017-12-11,Furniture,Chairs,2,260.23,0.3,520.46
CA-2016-127642,CP-12340,2016-05-21,Office Supplies,Paper,2,55.98,0.0,111.96
US-2017-163195,LL-16840,2017-02-17,Technology,Phones,3,9.72,0.0,29.16
CA-2017-111332,NC-18340,2017-05-20,Office Supplies,Art,3,43.98,0.0,131.94
CA-2017-111332,NC-18340,2017-05-20,Office Supplies,Art,4,6.48,0.0,25.92
CA-2017-111332,NC-18340,2017-05-20,Office Supplies,Storage,4,176.19,0.0,704.76
CA-2017-111332,NC-18340,2017-05-20,Office Supplies,Fasteners,3,2.47,0.0,7.41
CA-2017-111332,NC-18340,2017-05-20,Office Supplies,Art,10,2.15,0.0,21.5
CA-2017-117044,HA-14920,2017-09-11,Office Supplies,Fasteners,4,2.63,0.2,10.53
CA-2017-117044,HA-14920,2017-09-11,Office Supplies,Paper,6,3.42,0.2,20.54
US-2016-165078,MA-17995,2016-11-05,Office Supplies,Binders,5,20.98,0.0,104.9
US-2016-165078,MA-17995,2016-11-05,Office Supplies,Art,2,19.84,0.0,39.68
US-2016-165078,MA-17995,2016-11-05,Office Supplies,Labels,5,10.35,0.0,51.75
US-2017-169320,LH-16900,2017-07-23,Office Supplies,Art,2,5.84,0.0,11.68
US-2017-169320,LH-16900,2017-07-23,Technology,Accessories,5,31.95,0.0,159.75
CA-2016-158575,SB-20290,2016-11-18,Office Supplies,Appliances,6,17.33,0.2,103.97
CA-2014-166954,BT-11305,2014-04-25,Furniture,Furnishings,5,60.65,0.0,303.25
CA-2014-166954,BT-11305,2014-04-25,Office Supplies,Appliances,3,90.24,0.0,270.72
CA-2014-166954,BT-11305,2014-04-25,Furniture,Chairs,5,297.41,0.2,1487.04
CA-2015-140830,PS-18970,2015-11-30,Office Supplies,Envelopes,2,8.74,0.0,17.48
CA-2015-140830,PS-18970,2015-11-30,Office Supplies,Envelopes,2,35.94,0.0,71.88
CA-2015-152891,TB-21625,2015-10-25,Office Supplies,Art,3,20.15,0.0,60.45
CA-2015-152891,TB-21625,2015-10-25,Furniture,Tables,3,84.39,0.2,253.18
US-2015-122784,RA-19915,2015-07-20,Office Supplies,Binders,5,0.58,0.8,2.88
US-2015-122784,RA-19915,2015-07-20,Furniture,Bookcases,4,96.24,0.3,384.94
US-2015-122784,RA-19915,2015-07-20,Technology,Phones,2,76.79,0.2,153.58
US-2015-122784,RA-19915,2015-07-20,Furniture,Bookcases,5,182.69,0.3,913.43
CA-2016-156811,BP-11095,2016-10-27,Office Supplies,Appliances,4,10.98,0.0,43.92
CA-2016-156811,BP-11095,2016-10-27,Office Supplies,Binders,3,8.34,0.2,25.03
CA-2017-111556,CD-11920,2017-11-20,Office Supplies,Paper,7,6.68,0.0,46.76
CA-2017-111556,CD-11920,2017-11-20,Furniture,Bookcases,2,91.98,0.2,183.97
CA-2017-111556,CD-11920,2017-11-20,Technology,Phones,3,419.99,0.0,1259.97
CA-2017-111556,CD-11920,2017-11-20,Office Supplies,Art,3,22.99,0.0,68.97
CA-2016-108868,KB-16585,2016-09-08,Office Supplies,Art,2,35.18,0.2,70.37
CA-2016-108868,KB-16585,2016-09-08,Technology,Phones,5,11.99,0.2,59.96
CA-2014-142965,SW-20245,2014-07-20,Office Supplies,Storage,1,25.98,0.2,25.98
CA-2014-142965,SW-20245,2014-07-20,Office Supplies,Binders,3,9.12,0.7,27.36
CA-2016-148740,AH-10690,2016-11-15,Technology,Phones,2,180.69,0.2,361.38
US-2014-138758,JL-15835,2014-07-07,Furniture,Chairs,2,86.09,0.3,172.19
US-2014-138758,JL-15835,2014-07-07,Furniture,Furnishings,2,34.5,0.2,69.01
CA-2016-131737,GZ-14470,2016-03-17,Office Supplies,Envelopes,5,39.98,0.0,199.9
CA-2016-131737,GZ-14470,2016-03-17,Office Supplies,Appliances,3,300.65,0.0,901.95
CA-2016-131737,GZ-14470,2016-03-17,Furniture,Furnishings,5,194.3,0.0,971.5
CA-2016-114538,RC-19825,2016-12-26,Office Supplies,Art,2,5.66,0.2,11.33
CA-2014-127936,CL-12565,2014-09-02,Office Supplies,Art,3,7.08,0.0,21.24
CA-2015-164336,MW-18220,2015-07-05,Technology,Accessories,3,11.6,0.2,34.8
CA-2015-164336,MW-18220,2015-07-05,Office Supplies,Storage,3,12.99,0.2,38.98
CA-2016-100041,BF-10975,2016-11-20,Office Supplies,Paper,2,4.54,0.0,9.08
CA-2016-100041,BF-10975,2016-11-20,Office Supplies,Paper,3,104.85,0.0,314.55
CA-2016-100041,BF-10975,2016-11-20,Office Supplies,Binders,1,4.91,0.0,4.91
US-2014-154879,SN-20710,2014-05-06,Office Supplies,Labels,2,2.89,0.0,5.78
US-2014-154879,SN-20710,2014-05-06,Office Supplies,Art,6,17.99,0.0,107.94
CA-2014-130624,TB-21280,2014-06-21,Office Supplies,Paper,3,6.55,0.0,19.65
CA-2014-130624,TB-21280,2014-06-21,Technology,Phones,3,205.99,0.0,617.97
CA-2014-130624,TB-21280,2014-06-21,Office Supplies,Appliances,3,19.9,0.0,59.7
CA-2017-132339,JB-15400,2017-08-19,Office Supplies,Binders,1,387.99,0.0,387.99
CA-2014-153983,AH-10210,2014-11-29,Technology,Phones,2,287.96,0.2,575.92
CA-2014-153983,AH-10210,2014-11-29,Office Supplies,Fasteners,5,6.08,0.0,30.4
CA-2017-112900,KL-16645,2017-04-09,Office Supplies,Binders,8,59.78,0.0,478.24
CA-2014-160157,MH-17455,2014-12-20,Furniture,Furnishings,3,63.62,0.2,190.85
CA-2014-139633,EC-14050,2014-12-17,Office Supplies,Binders,4,1.37,0.7,5.48
CA-2015-163090,GH-14665,2015-11-17,Office Supplies,Supplies,5,8.18,0.2,40.92
CA-2014-117016,SC-20095,2014-03-04,Office Supplies,Art,3,5.18,0.2,15.55
CA-2017-159464,TB-21355,2017-05-18,Office Supplies,Appliances,2,8.62,0.0,17.24
CA-2017-159464,TB-21355,2017-05-18,Furniture,Bookcases,3,100.98,0.0,302.94
CA-2017-159464,TB-21355,2017-05-18,Technology,Phones,5,6.95,0.0,34.75
CA-2017-159464,TB-21355,2017-05-18,Office Supplies,Binders,6,18.99,0.0,113.94
CA-2017-159464,TB-21355,2017-05-18,Technology,Phones,2,27.99,0.0,55.98
US-2017-103226,DW-13195,2017-09-22,Office Supplies,Paper,3,9.06,0.0,27.18
CA-2017-119452,CL-12565,2017-03-21,Furniture,Chairs,6,300.98,0.0,1805.88
CA-2017-147725,LT-17110,2017-09-14,Office Supplies,Art,3,23.65,0.0,70.95
CA-2016-168893,AP-10915,2016-11-03,Office Supplies,Fasteners,4,5.0,0.0,20.0
CA-2016-168893,AP-10915,2016-11-03,Office Supplies,Art,3,2.66,0.0,7.98
CA-2016-168893,AP-10915,2016-11-03,Furniture,Furnishings,5,4.82,0.0,24.1
CA-2016-168893,AP-10915,2016-11-03,Office Supplies,Art,1,8.75,0.0,8.75
CA-2016-168893,AP-10915,2016-11-03,Furniture,Tables,3,280.98,0.0,842.94
CA-2016-163398,CB-12415,2016-05-03,Office Supplies,Binders,1,2.18,0.8,2.18
CA-2016-163398,CB-12415,2016-05-03,Office Supplies,Art,7,3.91,0.2,27.38
CA-2016-163398,CB-12415,2016-05-03,Office Supplies,Appliances,3,8.8,0.8,26.41
CA-2016-162726,MT-17815,2016-12-27,Office Supplies,Paper,2,5.18,0.2,10.37
CA-2016-162726,MT-17815,2016-12-27,Office Supplies,Paper,4,5.92,0.2,23.68
US-2016-111290,DK-13375,2016-07-22,Technology,Accessories,1,109.95,0.0,109.95
US-2016-111290,DK-13375,2016-07-22,Office Supplies,Storage,5,193.17,0.0,965.85
US-2016-111290,DK-13375,2016-07-22,Office Supplies,Art,5,5.84,0.0,29.2
US-2016-111290,DK-13375,2016-07-22,Office Supplies,Paper,5,6.48,0.0,32.4
US-2014-147704,SR-20740,2014-11-16,Office Supplies,Envelopes,5,15.67,0.0,78.35
US-2014-147704,SR-20740,2014-11-16,Office Supplies,Paper,6,5.28,0.0,31.68
US-2014-147704,SR-20740,2014-11-16,Office Supplies,Binders,4,7.28,0.0,29.12
US-2014-147704,SR-20740,2014-11-16,Office Supplies,Storage,5,33.89,0.0,169.45
CA-2015-121965,LH-17155,2015-06-19,Furniture,Furnishings,2,6.28,0.0,12.56
CA-2015-121965,LH-17155,2015-06-19,Office Supplies,Paper,1,6.48,0.0,6.48
CA-2015-121965,LH-17155,2015-06-19,Office Supplies,Envelopes,3,62.23,0.0,186.69
CA-2016-147137,AA-10645,2016-07-04,Furniture,Furnishings,5,5.08,0.0,25.4
CA-2016-147137,AA-10645,2016-07-04,Office Supplies,Envelopes,2,21.98,0.0,43.96
CA-2016-147137,AA-10645,2016-07-04,Furniture,Bookcases,5,255.83,0.15,1279.16
CA-2016-147137,AA-10645,2016-07-04,Office Supplies,Storage,4,6.98,0.0,27.92
US-2015-146745,AS-10630,2015-09-03,Furniture,Chairs,2,64.78,0.2,129.57
US-2015-146745,AS-10630,2015-09-03,Office Supplies,Binders,2,3.18,0.2,6.37
CA-2017-115175,MC-17575,2017-08-07,Office Supplies,Paper,5,48.91,0.0,244.55
CA-2017-105851,SE-20110,2017-03-13,Office Supplies,Supplies,2,666.25,0.2,1332.5
US-2017-125717,DS-13030,2017-09-28,Furniture,Furnishings,1,32.78,0.2,32.78
US-2017-125717,DS-13030,2017-09-28,Office Supplies,Storage,2,73.59,0.2,147.18
US-2017-125717,DS-13030,2017-09-28,Technology,Accessories,2,27.19,0.2,54.38
US-2017-125717,DS-13030,2017-09-28,Office Supplies,Binders,4,19.19,0.7,76.78
US-2017-125717,DS-13030,2017-09-28,Office Supplies,Paper,3,4.78,0.2,14.35
US-2017-125717,DS-13030,2017-09-28,Office Supplies,Appliances,2,104.9,0.2,209.79
CA-2015-163895,NS-18640,2015-08-07,Office Supplies,Binders,1,3.3,0.2,3.3
CA-2017-168641,KA-16525,2017-11-24,Office Supplies,Art,9,1.82,0.0,16.38
CA-2017-168641,KA-16525,2017-11-24,Office Supplies,Envelopes,2,83.98,0.0,167.96
CA-2017-168641,KA-16525,2017-11-24,Furniture,Bookcases,2,160.78,0.2,321.57
CA-2017-168641,KA-16525,2017-11-24,Office Supplies,Paper,2,6.48,0.0,12.96
CA-2017-156895,DJ-13510,2017-05-08,Furniture,Chairs,3,42.69,0.3,128.06
CA-2017-121300,MG-17680,2017-09-29,Furniture,Chairs,1,63.69,0.3,63.69
CA-2017-121300,MG-17680,2017-09-29,Technology,Accessories,3,79.99,0.2,239.98
CA-2017-121300,MG-17680,2017-09-29,Furniture,Tables,2,172.11,0.4,344.22
CA-2017-121300,MG-17680,2017-09-29,Office Supplies,Paper,3,5.18,0.2,15.55
CA-2017-121300,MG-17680,2017-09-29,Furniture,Furnishings,4,5.31,0.2,21.25
CA-2017-121300,MG-17680,2017-09-29,Office Supplies,Paper,2,4.22,0.2,8.45
CA-2017-130211,BD-11620,2017-10-22,Office Supplies,Storage,3,111.03,0.0,333.09
CA-2017-130211,BD-11620,2017-10-22,Furniture,Tables,2,124.49,0.0,248.98
CA-2014-147235,CD-11920,2014-03-24,Office Supplies,Paper,5,4.98,0.0,24.9
CA-2016-109365,XP-21865,2016-11-03,Office Supplies,Fasteners,7,2.18,0.0,15.26
CA-2016-109365,XP-21865,2016-11-03,Office Supplies,Appliances,2,21.66,0.0,43.32
CA-2016-109365,XP-21865,2016-11-03,Office Supplies,Binders,12,3.63,0.2,43.58
CA-2016-109365,XP-21865,2016-11-03,Office Supplies,Paper,3,38.76,0.0,116.28
CA-2016-109365,XP-21865,2016-11-03,Office Supplies,Binders,2,4.65,0.2,9.3
CA-2016-109365,XP-21865,2016-11-03,Office Supplies,Paper,3,6.48,0.0,19.44
CA-2016-109365,XP-21865,2016-11-03,Office Supplies,Paper,3,104.85,0.0,314.55
CA-2015-162621,CA-12055,2015-09-05,Office Supplies,Binders,5,3.25,0.8,16.27
CA-2015-162621,CA-12055,2015-09-05,Office Supplies,Supplies,9,7.68,0.2,69.12
CA-2015-162621,CA-12055,2015-09-05,Office Supplies,Binders,3,1.49,0.8,4.47
CA-2017-105921,JM-15250,2017-08-14,Furniture,Tables,3,139.43,0.2,418.3
CA-2014-150798,JK-15730,2014-12-01,Technology,Copiers,2,329.99,0.4,659.99
CA-2014-150798,JK-15730,2014-12-01,Furniture,Furnishings,2,4.06,0.2,8.13
CA-2014-150798,JK-15730,2014-12-01,Office Supplies,Paper,7,5.18,0.2,36.29
CA-2014-150798,JK-15730,2014-12-01,Furniture,Chairs,6,151.62,0.3,909.72
CA-2017-112753,CC-12670,2017-06-18,Furniture,Bookcases,9,101.99,0.15,917.92
CA-2017-112753,CC-12670,2017-06-18,Office Supplies,Paper,6,6.48,0.0,38.88
CA-2017-155075,GW-14605,2017-12-02,Office Supplies,Binders,4,157.79,0.7,631.18
CA-2014-103401,GR-14560,2014-11-21,Office Supplies,Paper,2,6.48,0.0,12.96
CA-2016-124814,FM-14215,2016-04-10,Office Supplies,Paper,2,6.48,0.0,12.96
CA-2016-124814,FM-14215,2016-04-10,Office Supplies,Binders,5,4.64,0.2,23.2
CA-2014-116757,MS-17980,2014-06-30,Office Supplies,Paper,5,5.18,0.2,25.92
CA-2014-116757,MS-17980,2014-06-30,Office Supplies,Fasteners,6,3.55,0.2,21.31
US-2014-138247,BF-11170,2014-12-24,Technology,Phones,7,24.81,0.2,173.66
US-2014-138247,BF-11170,2014-12-24,Office Supplies,Appliances,2,180.98,0.0,361.96
US-2014-138247,BF-11170,2014-12-24,Technology,Accessories,3,20.95,0.0,62.85
US-2014-138247,BF-11170,2014-12-24,Technology,Phones,3,272.79,0.2,818.38
US-2014-138247,BF-11170,2014-12-24,Office Supplies,Storage,1,20.34,0.0,20.34
US-2014-138247,BF-11170,2014-12-24,Furniture,Furnishings,1,23.99,0.0,23.99
CA-2017-167003,VS-21820,2017-05-23,Furniture,Tables,3,57.1,0.2,171.29
CA-2016-119935,KM-16225,2016-11-10,Furniture,Furnishings,2,18.65,0.0,37.3
CA-2016-119935,KM-16225,2016-11-10,Office Supplies,Binders,2,40.98,0.0,81.96
CA-2016-118969,LP-17095,2016-10-02,Office Supplies,Binders,6,9.13,0.7,54.79
CA-2016-145240,BG-11740,2016-09-06,Office Supplies,Storage,1,10.78,0.2,10.78
CA-2016-120873,BW-11200,2016-10-27,Furniture,Chairs,1,290.98,0.0,290.98
US-2017-111920,PS-18970,2017-10-22,Office Supplies,Art,4,9.11,0.0,36.44
US-2016-128678,RB-19570,2016-09-15,Office Supplies,Paper,5,4.28,0.0,21.4
US-2016-128678,RB-19570,2016-09-15,Office Supplies,Binders,7,6.95,0.2,48.66
CA-2016-101385,JW-16075,2016-09-25,Office Supplies,Art,4,4.14,0.0,16.56
CA-2017-107167,ND-18460,2017-06-10,Office Supplies,Storage,8,168.44,0.2,1347.52
CA-2014-109491,LC-16930,2014-02-20,Technology,Accessories,3,20.77,0.0,62.31
CA-2014-109491,LC-16930,2014-02-20,Furniture,Furnishings,4,5.08,0.0,20.32
CA-2017-105445,BP-11095,2017-02-20,Office Supplies,Fasteners,3,3.14,0.2,9.43
CA-2014-107454,RD-19720,2014-11-02,Office Supplies,Labels,7,4.98,0.0,34.86
CA-2014-107454,RD-19720,2014-11-02,Furniture,Furnishings,6,14.89,0.0,89.34
US-2017-105046,BE-11335,2017-07-17,Technology,Phones,2,134.99,0.0,269.98
US-2017-105046,BE-11335,2017-07-17,Office Supplies,Paper,5,19.98,0.0,99.9
US-2017-105046,BE-11335,2017-07-17,Furniture,Furnishings,4,9.77,0.0,39.08
CA-2017-152856,RS-19765,2017-09-08,Technology,Accessories,4,29.21,0.2,116.83
CA-2016-134691,KC-16540,2016-11-14,Office Supplies,Binders,2,1.15,0.8,2.3
CA-2016-118759,MB-17305,2016-11-14,Furniture,Chairs,2,204.0,0.1,408.01
CA-2016-118759,MB-17305,2016-11-14,Office Supplies,Storage,3,13.48,0.0,40.44
CA-2014-140403,TN-21040,2014-10-10,Furniture,Chairs,3,40.78,0.2,122.35
CA-2014-140403,TN-21040,2014-10-10,Office Supplies,Envelopes,2,7.64,0.0,15.28
CA-2015-163104,MC-18130,2015-03-19,Office Supplies,Paper,2,5.98,0.0,11.96
CA-2017-138464,VF-21715,2017-07-08,Furniture,Furnishings,3,5.28,0.0,15.84
CA-2017-138464,VF-21715,2017-07-08,Office Supplies,Binders,3,28.79,0.2,86.38
CA-2017-138464,VF-21715,2017-07-08,Office Supplies,Art,3,6.08,0.0,18.24
CA-2017-138464,VF-21715,2017-07-08,Office Supplies,Art,4,3.28,0.0,13.12
CA-2015-104129,ES-14080,2015-02-27,Technology,Phones,2,52.99,0.0,105.98
CA-2015-104129,ES-14080,2015-02-27,Furniture,Tables,7,70.56,0.3,493.92
US-2017-132206,MK-17905,2017-06-16,Office Supplies,Binders,7,0.85,0.8,5.94
CA-2017-113474,TM-21490,2017-03-30,Office Supplies,Envelopes,2,162.93,0.0,325.86
CA-2015-126557,RL-19615,2015-07-12,Furniture,Chairs,9,42.62,0.3,383.61
CA-2015-126557,RL-19615,2015-07-12,Technology,Phones,2,74.24,0.2,148.48
CA-2015-126557,RL-19615,2015-07-12,Technology,Phones,7,76.79,0.2,537.54
CA-2015-126557,RL-19615,2015-07-12,Office Supplies,Binders,2,0.96,0.8,1.93
CA-2015-126557,RL-19615,2015-07-12,Office Supplies,Art,3,2.3,0.2,6.91
CA-2015-126557,RL-19615,2015-07-12,Furniture,Furnishings,1,7.76,0.6,7.76
CA-2015-126557,RL-19615,2015-07-12,Technology,Phones,4,164.79,0.2,659.17
US-2017-107636,NM-18520,2017-04-30,Office Supplies,Labels,2,2.88,0.0,5.76
US-2014-165862,GK-14620,2014-07-13,Furniture,Tables,3,117.07,0.2,351.22
US-2014-106334,JF-15490,2014-12-27,Furniture,Chairs,3,76.76,0.2,230.28
US-2014-106334,JF-15490,2014-12-27,Office Supplies,Paper,3,4.28,0.0,12.84
CA-2016-101448,EB-13930,2016-02-27,Office Supplies,Binders,3,18.94,0.0,56.82
CA-2015-130218,SG-20470,2015-03-23,Office Supplies,Fasteners,4,7.89,0.0,31.56
CA-2015-130218,SG-20470,2015-03-23,Office Supplies,Storage,4,6.98,0.0,27.92
US-2017-117331,ND-18370,2017-10-21,Office Supplies,Binders,1,8.56,0.7,8.56
CA-2014-127383,CM-11815,2014-12-31,Office Supplies,Envelopes,2,24.78,0.2,49.57
CA-2014-110219,EB-13870,2014-05-05,Furniture,Chairs,3,42.62,0.3,127.87
CA-2015-118871,HM-14860,2015-12-04,Office Supplies,Envelopes,3,90.48,0.0,271.44
CA-2015-118871,HM-14860,2015-12-04,Technology,Phones,3,36.78,0.2,110.35
CA-2015-118871,HM-14860,2015-12-04,Furniture,Furnishings,5,7.28,0.0,36.4
CA-2017-129490,SJ-20125,2017-09-26,Furniture,Chairs,4,104.78,0.2,419.14
CA-2014-101175,DM-12955,2014-12-09,Office Supplies,Storage,6,16.78,0.2,100.7
US-2017-149510,MC-17575,2017-12-03,Office Supplies,Appliances,3,15.07,0.2,45.22
US-2017-149510,MC-17575,2017-12-03,Office Supplies,Binders,6,4.8,0.7,28.78
US-2017-149510,MC-17575,2017-12-03,Office Supplies,Paper,4,6.11,0.2,24.45
CA-2015-111990,DB-13660,2015-11-08,Office Supplies,Binders,6,1.75,0.8,10.48
CA-2014-169460,NF-18595,2014-04-19,Furniture,Furnishings,3,25.38,0.0,76.14
US-2015-152128,NM-18445,2015-05-25,Office Supplies,Art,3,7.08,0.0,21.24
US-2015-152128,NM-18445,2015-05-25,Office Supplies,Binders,2,63.98,0.0,127.96
CA-2017-126662,AB-10255,2017-07-17,Technology,Copiers,2,239.99,0.2,479.98
CA-2016-139395,MG-17650,2016-12-12,Technology,Phones,7,93.99,0.0,657.93
CA-2016-139395,MG-17650,2016-12-12,Furniture,Furnishings,4,8.37,0.0,33.48
CA-2016-139395,MG-17650,2016-12-12,Office Supplies,Art,5,2.78,0.0,13.9
CA-2016-139395,MG-17650,2016-12-12,Office Supplies,Storage,2,13.43,0.0,26.86
US-2014-121734,SE-20110,2014-04-11,Office Supplies,Binders,1,9.58,0.2,9.58
CA-2015-110947,AG-10765,2015-06-09,Office Supplies,Binders,3,37.7,0.0,113.1
US-2014-150126,AS-10045,2014-07-27,Office Supplies,Paper,11,5.98,0.0,65.78
CA-2015-164427,AR-10405,2015-07-31,Technology,Accessories,6,39.95,0.0,239.7
CA-2016-120250,AP-10720,2016-09-19,Furniture,Furnishings,3,8.54,0.2,25.63
CA-2016-121993,JB-16000,2016-06-10,Office Supplies,Labels,8,2.95,0.2,23.62
US-2016-100405,TS-21430,2016-08-26,Office Supplies,Art,2,4.13,0.0,8.26
US-2017-163790,NL-18310,2017-11-02,Office Supplies,Envelopes,7,10.94,0.0,76.58
US-2017-163790,NL-18310,2017-11-02,Office Supplies,Art,5,1.76,0.0,8.8
US-2017-163790,NL-18310,2017-11-02,Office Supplies,Binders,6,98.39,0.2,590.35
US-2017-163790,NL-18310,2017-11-02,Office Supplies,Fasteners,3,1.86,0.0,5.58
US-2017-163790,NL-18310,2017-11-02,Furniture,Furnishings,3,8.34,0.0,25.02
US-2017-163790,NL-18310,2017-11-02,Office Supplies,Storage,7,64.65,0.0,452.55
CA-2016-129868,MC-18130,2016-12-26,Office Supplies,Supplies,2,8.88,0.0,17.76
CA-2016-129868,MC-18130,2016-12-26,Technology,Phones,2,151.19,0.2,302.38
CA-2016-129868,MC-18130,2016-12-26,Furniture,Chairs,3,48.78,0.2,146.35
CA-2016-129868,MC-18130,2016-12-26,Office Supplies,Appliances,2,3.95,0.0,7.9
CA-2016-129868,MC-18130,2016-12-26,Furniture,Tables,3,300.9,0.2,902.71
CA-2016-129868,MC-18130,2016-12-26,Office Supplies,Art,3,17.99,0.0,53.97
CA-2016-140564,TC-21475,2016-12-05,Office Supplies,Art,8,4.24,0.0,33.92
US-2017-169502,MG-17650,2017-08-28,Office Supplies,Supplies,3,7.27,0.0,21.81
US-2017-169502,MG-17650,2017-08-28,Office Supplies,Appliances,5,18.32,0.0,91.6
CA-2015-146948,MG-17890,2015-07-16,Furniture,Chairs,1,150.98,0.0,150.98
CA-2015-146948,MG-17890,2015-07-16,Office Supplies,Envelopes,9,15.25,0.0,137.25
CA-2015-146948,MG-17890,2015-07-16,Office Supplies,Fasteners,4,2.88,0.0,11.52
US-2015-113327,BF-11170,2015-05-26,Office Supplies,Paper,1,18.27,0.2,18.27
US-2015-113327,BF-11170,2015-05-26,Office Supplies,Paper,4,38.43,0.2,153.73
US-2015-113327,BF-11170,2015-05-26,Office Supplies,Envelopes,2,6.11,0.2,12.22
US-2015-113327,BF-11170,2015-05-26,Technology,Accessories,7,23.99,0.2,167.94
CA-2015-135020,MS-17770,2015-05-28,Technology,Phones,1,45.99,0.0,45.99
CA-2015-135020,MS-17770,2015-05-28,Office Supplies,Storage,3,178.47,0.0,535.41
CA-2015-135020,MS-17770,2015-05-28,Office Supplies,Binders,2,3.05,0.2,6.1
CA-2015-135020,MS-17770,2015-05-28,Office Supplies,Paper,7,6.48,0.0,45.36
US-2017-141852,JE-15745,2017-11-09,Furniture,Furnishings,8,5.89,0.0,47.12
CA-2016-109407,HG-14965,2016-01-24,Office Supplies,Binders,4,7.84,0.0,31.36
US-2017-165953,EP-13915,2016-12-31,Office Supplies,Art,3,15.87,0.2,47.62
US-2017-165953,EP-13915,2016-12-31,Office Supplies,Paper,5,4.7,0.2,23.48
CA-2016-144540,GH-14410,2016-09-05,Office Supplies,Appliances,3,20.93,0.8,62.79
CA-2016-144540,GH-14410,2016-09-05,Office Supplies,Fasteners,9,3.16,0.2,28.44
CA-2015-159863,DS-13180,2015-09-04,Technology,Accessories,3,44.79,0.2,134.38
CA-2015-117800,TH-21550,2015-09-21,Technology,Phones,2,294.95,0.0,589.9
CA-2015-117800,TH-21550,2015-09-21,Furniture,Chairs,3,180.98,0.0,542.94
CA-2017-145219,RM-19675,2017-12-24,Technology,Copiers,6,479.99,0.2,2879.95
CA-2017-145219,RM-19675,2017-12-24,Office Supplies,Binders,3,30.16,0.2,90.48
CA-2015-161214,SF-20965,2015-10-05,Office Supplies,Storage,5,15.51,0.0,77.55
CA-2017-147228,SO-20335,2017-09-09,Office Supplies,Supplies,3,2.94,0.2,8.83
CA-2017-147228,SO-20335,2017-09-09,Office Supplies,Paper,4,44.38,0.2,177.54
CA-2017-147228,SO-20335,2017-09-09,Office Supplies,Storage,2,129.24,0.2,258.48
CA-2017-147228,SO-20335,2017-09-09,Furniture,Furnishings,3,4.71,0.2,14.14
CA-2016-101336,CK-12760,2016-11-13,Office Supplies,Storage,5,15.51,0.0,77.55
CA-2016-101336,CK-12760,2016-11-13,Office Supplies,Storage,2,12.44,0.0,24.88
CA-2016-101336,CK-12760,2016-11-13,Office Supplies,Art,5,28.15,0.0,140.75
CA-2016-101336,CK-12760,2016-11-13,Office Supplies,Storage,3,12.21,0.0,36.63
US-2015-126235,GA-14725,2015-10-15,Furniture,Furnishings,2,8.57,0.0,17.14
CA-2017-168396,BD-11725,2017-08-03,Office Supplies,Labels,5,10.35,0.0,51.75
CA-2017-168396,BD-11725,2017-08-03,Furniture,Furnishings,3,41.32,0.0,123.96
CA-2015-130456,DS-13180,2015-08-21,Furniture,Bookcases,6,97.73,0.15,586.4
CA-2015-130456,DS-13180,2015-08-21,Office Supplies,Storage,1,80.98,0.0,80.98
CA-2017-116288,BS-11380,2017-03-12,Office Supplies,Storage,3,80.98,0.0,242.94
CA-2017-168228,AP-10915,2017-04-27,Office Supplies,Art,4,30.98,0.0,123.92
CA-2017-168228,AP-10915,2017-04-27,Office Supplies,Art,3,4.13,0.0,12.39
CA-2017-168228,AP-10915,2017-04-27,Office Supplies,Art,2,23.65,0.0,47.3
CA-2016-102162,JF-15565,2016-09-11,Technology,Copiers,8,199.99,0.0,1599.92
CA-2016-102162,JF-15565,2016-09-11,Office Supplies,Envelopes,1,11.09,0.0,11.09
CA-2017-130141,HA-14905,2017-10-22,Office Supplies,Binders,4,0.79,0.7,3.17
CA-2017-130141,HA-14905,2017-10-22,Furniture,Chairs,4,144.78,0.2,579.14
CA-2015-147501,Co-12640,2015-08-02,Office Supplies,Binders,2,3.18,0.2,6.37
CA-2015-147501,Co-12640,2015-08-02,Technology,Machines,2,279.2,0.2,558.4
CA-2016-143910,BC-11125,2016-08-12,Furniture,Chairs,2,72.88,0.1,145.76
CA-2014-146885,EB-13840,2014-05-30,Office Supplies,Paper,3,4.54,0.0,13.62
CA-2016-139556,DB-13360,2016-04-26,Furniture,Chairs,3,144.88,0.1,434.65
CA-2017-129357,KB-16585,2017-05-14,Office Supplies,Paper,9,48.91,0.0,440.19
CA-2017-129357,KB-16585,2017-05-14,Office Supplies,Supplies,5,12.88,0.0,64.4
CA-2017-150987,AH-10120,2017-04-08,Office Supplies,Paper,5,48.91,0.0,244.55
CA-2017-150987,AH-10120,2017-04-08,Office Supplies,Paper,4,48.94,0.0,195.76
CA-2017-132647,GH-14410,2017-02-17,Office Supplies,Paper,2,5.88,0.0,11.76
CA-2017-132647,GH-14410,2017-02-17,Office Supplies,Storage,5,33.29,0.0,166.45
CA-2017-159107,KT-16480,2017-06-24,Office Supplies,Fasteners,1,2.88,0.0,2.88
CA-2014-160738,KH-16330,2014-05-05,Office Supplies,Storage,2,22.62,0.2,45.25
CA-2015-112130,SV-20785,2015-05-03,Office Supplies,Art,2,29.95,0.2,59.9
CA-2015-112130,SV-20785,2015-05-03,Office Supplies,Appliances,2,11.85,0.2,23.7
CA-2015-112130,SV-20785,2015-05-03,Office Supplies,Paper,2,3.98,0.2,7.97
CA-2015-112130,SV-20785,2015-05-03,Office Supplies,Appliances,7,2.6,0.2,18.2
CA-2015-112130,SV-20785,2015-05-03,Technology,Accessories,3,9.18,0.2,27.55
CA-2015-112130,SV-20785,2015-05-03,Furniture,Chairs,6,140.69,0.3,844.12
CA-2015-112130,SV-20785,2015-05-03,Office Supplies,Storage,3,25.58,0.2,76.75
CA-2016-111409,PO-18850,2016-09-18,Office Supplies,Labels,1,3.0,0.2,3.0
CA-2016-116232,AC-10450,2016-09-22,Office Supplies,Binders,9,0.83,0.7,7.51
CA-2016-116232,AC-10450,2016-09-22,Office Supplies,Labels,2,8.28,0.2,16.56
CA-2016-116547,KB-16585,2016-01-10,Furniture,Furnishings,4,19.98,0.0,79.92
CA-2016-116547,KB-16585,2016-01-10,Technology,Accessories,2,34.99,0.0,69.98
US-2017-133200,DB-13555,2017-05-06,Office Supplies,Binders,10,1.11,0.8,11.06
US-2017-133200,DB-13555,2017-05-06,Furniture,Bookcases,7,89.07,0.32,623.46
US-2017-133200,DB-13555,2017-05-06,Office Supplies,Storage,5,154.54,0.2,772.68
CA-2016-133550,KL-16645,2016-07-31,Office Supplies,Appliances,4,70.78,0.1,283.14
CA-2016-133550,KL-16645,2016-07-31,Technology,Phones,4,158.99,0.0,635.96
CA-2016-133550,KL-16645,2016-07-31,Technology,Phones,1,118.99,0.0,118.99
CA-2016-133550,KL-16645,2016-07-31,Furniture,Furnishings,3,90.98,0.0,272.94
CA-2017-139416,AG-10270,2017-03-27,Furniture,Furnishings,2,7.5,0.2,15.01
CA-2014-114510,JF-15295,2014-03-14,Office Supplies,Binders,4,8.27,0.2,33.09
CA-2014-114510,JF-15295,2014-03-14,Office Supplies,Storage,1,80.98,0.0,80.98
CA-2014-114510,JF-15295,2014-03-14,Technology,Accessories,12,6.9,0.0,82.8
CA-2014-114510,JF-15295,2014-03-14,Office Supplies,Storage,2,10.68,0.0,21.36
CA-2014-114510,JF-15295,2014-03-14,Office Supplies,Binders,2,31.02,0.2,62.05
CA-2016-169215,RE-19450,2016-07-14,Office Supplies,Fasteners,9,3.29,0.0,29.61
CA-2016-127698,MV-18190,2016-12-01,Technology,Phones,9,95.99,0.2,863.93
CA-2016-159912,GB-14530,2016-08-29,Furniture,Tables,4,60.48,0.4,241.92
CA-2016-159912,GB-14530,2016-08-29,Furniture,Bookcases,4,40.97,0.5,163.88
CA-2016-159912,GB-14530,2016-08-29,Office Supplies,Binders,2,1.74,0.7,3.49
CA-2016-159912,GB-14530,2016-08-29,Office Supplies,Fasteners,7,1.51,0.2,10.58
CA-2016-101987,HL-15040,2016-06-24,Technology,Phones,9,48.99,0.0,440.91
US-2017-154851,BP-11155,2017-03-30,Office Supplies,Binders,5,1.14,0.7,5.72
CA-2014-138681,CT-11995,2014-12-20,Furniture,Furnishings,2,25.98,0.2,51.97
CA-2014-138681,CT-11995,2014-12-20,Technology,Accessories,3,23.99,0.2,71.98
CA-2014-138681,CT-11995,2014-12-20,Furniture,Chairs,3,80.78,0.2,242.35
CA-2014-138681,CT-11995,2014-12-20,Office Supplies,Paper,5,44.38,0.2,221.92
CA-2014-138681,CT-11995,2014-12-20,Office Supplies,Paper,2,4.22,0.2,8.45
US-2015-138121,JL-15835,2015-12-17,Office Supplies,Binders,4,7.38,0.0,29.52
US-2015-138121,JL-15835,2015-12-17,Furniture,Chairs,3,100.98,0.0,302.94
US-2015-138121,JL-15835,2015-12-17,Furniture,Chairs,2,71.18,0.0,142.36
US-2015-138121,JL-15835,2015-12-17,Furniture,Chairs,9,60.74,0.0,546.66
US-2015-138121,JL-15835,2015-12-17,Furniture,Furnishings,3,70.71,0.0,212.13
CA-2017-140298,JK-16120,2017-05-11,Office Supplies,Art,2,2.62,0.2,5.25
CA-2017-140298,JK-16120,2017-05-11,Office Supplies,Storage,2,37.21,0.2,74.42
CA-2017-140298,JK-16120,2017-05-11,Office Supplies,Paper,2,3.42,0.2,6.85
CA-2017-140298,JK-16120,2017-05-11,Furniture,Furnishings,1,8.0,0.6,8.0
CA-2016-166240,DH-13075,2016-06-24,Office Supplies,Appliances,2,4.36,0.8,8.71
CA-2016-158435,AG-10900,2016-05-17,Office Supplies,Supplies,7,9.31,0.0,65.17
CA-2016-158435,AG-10900,2016-05-17,Office Supplies,Labels,2,7.31,0.0,14.62
CA-2016-158435,AG-10900,2016-05-17,Furniture,Furnishings,4,43.31,0.0,173.24
CA-2017-138149,WB-21850,2017-06-29,Office Supplies,Binders,5,179.18,0.2,895.92
CA-2017-138149,WB-21850,2017-06-29,Office Supplies,Storage,3,43.57,0.0,130.71
CA-2017-138149,WB-21850,2017-06-29,Office Supplies,Art,2,5.84,0.0,11.68
CA-2017-138149,WB-21850,2017-06-29,Technology,Accessories,3,20.77,0.0,62.31
CA-2014-112403,JO-15280,2014-03-31,Office Supplies,Binders,1,0.85,0.7,0.85
CA-2014-108273,EJ-13720,2014-12-16,Office Supplies,Paper,7,5.18,0.2,36.29
CA-2014-108273,EJ-13720,2014-12-16,Furniture,Furnishings,2,28.28,0.6,56.57
CA-2017-121643,AB-10105,2017-05-18,Technology,Phones,2,172.35,0.2,344.7
US-2015-122910,LT-16765,2015-05-12,Technology,Phones,2,100.79,0.2,201.58
CA-2017-143126,CM-12655,2017-12-03,Furniture,Tables,2,260.98,0.0,521.96
CA-2015-129042,EM-13960,2015-12-12,Office Supplies,Art,3,2.74,0.0,8.22
CA-2015-109736,DJ-13420,2015-10-10,Office Supplies,Paper,7,6.48,0.0,45.36
CA-2015-142601,DE-13255,2015-04-18,Office Supplies,Storage,7,135.31,0.0,947.17
CA-2015-142601,DE-13255,2015-04-18,Office Supplies,Paper,2,30.98,0.0,61.96
CA-2014-106229,NR-18550,2014-06-07,Furniture,Tables,3,89.64,0.5,268.94
US-2017-135230,CK-12325,2017-09-01,Office Supplies,Art,1,7.58,0.0,7.58
CA-2016-159653,JF-15490,2016-05-22,Office Supplies,Labels,3,4.91,0.0,14.73
CA-2016-131968,LB-16795,2016-11-11,Office Supplies,Binders,2,4.94,0.7,9.89
CA-2016-131968,LB-16795,2016-11-11,Office Supplies,Appliances,3,223.85,0.2,671.54
CA-2014-119151,MP-18175,2014-11-25,Office Supplies,Storage,4,279.48,0.0,1117.92
CA-2014-119151,MP-18175,2014-11-25,Furniture,Bookcases,3,91.98,0.2,275.95
CA-2014-123323,LH-16900,2014-11-07,Office Supplies,Binders,7,17.59,0.2,123.14
CA-2016-124681,SV-20935,2016-07-18,Technology,Accessories,3,5.19,0.2,15.58
US-2015-103996,RB-19435,2015-03-29,Office Supplies,Paper,6,35.44,0.0,212.64
US-2015-103996,RB-19435,2015-03-29,Office Supplies,Paper,3,3.29,0.0,9.87
US-2015-103996,RB-19435,2015-03-29,Technology,Accessories,3,17.75,0.0,53.25
US-2015-103996,RB-19435,2015-03-29,Furniture,Furnishings,3,6.64,0.0,19.92
CA-2016-120530,Dl-13600,2016-04-07,Furniture,Chairs,3,219.58,0.1,658.75
CA-2015-155054,PS-19045,2015-06-13,Office Supplies,Binders,2,4.13,0.0,8.26
CA-2015-155054,PS-19045,2015-06-13,Office Supplies,Binders,2,14.92,0.0,29.84
CA-2015-155054,PS-19045,2015-06-13,Technology,Accessories,2,33.99,0.0,67.98
CA-2015-105725,GT-14755,2015-02-18,Office Supplies,Labels,2,30.53,0.0,61.06
CA-2015-105725,GT-14755,2015-02-18,Furniture,Tables,1,35.54,0.2,35.54
CA-2017-164364,CS-12355,2017-11-12,Office Supplies,Labels,2,4.98,0.0,9.96
CA-2017-164364,CS-12355,2017-11-12,Office Supplies,Art,3,3.07,0.0,9.21
CA-2017-164364,CS-12355,2017-11-12,Office Supplies,Supplies,3,9.31,0.0,27.93
CA-2017-168123,JD-16060,2017-03-05,Office Supplies,Fasteners,2,3.95,0.0,7.9
CA-2017-168123,JD-16060,2017-03-05,Office Supplies,Storage,4,55.29,0.0,221.16
CA-2017-168123,JD-16060,2017-03-05,Office Supplies,Binders,2,63.98,0.0,127.96
CA-2017-168123,JD-16060,2017-03-05,Office Supplies,Binders,3,6.23,0.0,18.69
CA-2016-120005,TS-21160,2016-03-03,Office Supplies,Supplies,3,8.45,0.0,25.35
CA-2016-120005,TS-21160,2016-03-03,Furniture,Furnishings,3,11.76,0.0,35.28
CA-2016-123526,BV-11245,2016-12-24,Office Supplies,Paper,5,6.68,0.0,33.4
CA-2016-127649,DL-13495,2016-10-07,Technology,Machines,3,279.2,0.2,837.6
CA-2016-159989,EB-13870,2016-12-09,Technology,Phones,3,13.56,0.2,40.68
CA-2017-103499,ES-14020,2017-11-20,Furniture,Chairs,2,104.78,0.2,209.57
US-2015-167220,JB-15925,2015-12-12,Technology,Accessories,4,5.59,0.2,22.37
CA-2017-126354,SC-20380,2017-02-03,Office Supplies,Binders,2,1.94,0.7,3.88
CA-2017-126354,SC-20380,2017-02-03,Office Supplies,Paper,3,38.43,0.2,115.3
CA-2017-169817,EB-13870,2017-09-21,Office Supplies,Binders,2,0.95,0.7,1.91
US-2017-144582,TC-21475,2017-04-30,Office Supplies,Binders,7,6.2,0.8,43.37
CA-2014-121573,SG-20605,2014-11-03,Technology,Phones,4,195.99,0.0,783.96
CA-2014-121573,SG-20605,2014-11-03,Office Supplies,Binders,2,24.45,0.2,48.9
CA-2014-121573,SG-20605,2014-11-03,Office Supplies,Binders,2,3.93,0.2,7.86
CA-2016-117660,BM-11785,2016-12-30,Office Supplies,Labels,2,2.95,0.2,5.9
CA-2016-117660,BM-11785,2016-12-30,Office Supplies,Supplies,2,6.86,0.2,13.71
CA-2014-112851,NR-18550,2014-09-17,Office Supplies,Envelopes,3,60.98,0.0,182.94
CA-2017-123701,PG-18820,2017-11-24,Office Supplies,Art,4,6.94,0.0,27.76
CA-2015-118227,DB-13270,2015-04-24,Office Supplies,Art,1,25.99,0.0,25.99
CA-2015-123155,NS-18640,2015-03-09,Technology,Accessories,5,22.7,0.2,113.52
CA-2015-123155,NS-18640,2015-03-09,Technology,Phones,3,119.96,0.2,359.88
CA-2017-158883,CS-11860,2017-06-02,Office Supplies,Paper,4,6.34,0.2,25.34
US-2016-114888,CC-12430,2016-09-19,Office Supplies,Binders,3,3.98,0.2,11.95
US-2016-114888,CC-12430,2016-09-19,Office Supplies,Supplies,3,2.08,0.0,6.24
US-2014-167262,AC-10450,2014-10-31,Technology,Phones,8,92.79,0.2,742.34
CA-2017-119746,CM-12385,2017-11-23,Furniture,Furnishings,1,6.46,0.6,6.46
CA-2017-119746,CM-12385,2017-11-23,Office Supplies,Labels,5,2.3,0.2,11.52
CA-2017-119746,CM-12385,2017-11-23,Technology,Phones,2,111.19,0.2,222.38
CA-2017-108091,EK-13795,2017-11-16,Office Supplies,Art,4,5.84,0.0,23.36
CA-2016-101630,CK-12760,2016-02-19,Office Supplies,Labels,3,2.89,0.0,8.67
CA-2016-101630,CK-12760,2016-02-19,Office Supplies,Supplies,3,8.57,0.0,25.71
CA-2017-132346,PK-19075,2017-11-07,Office Supplies,Appliances,7,14.42,0.0,100.94
CA-2014-150301,MH-18025,2014-07-08,Furniture,Chairs,1,63.88,0.1,63.88
CA-2014-159310,SC-20725,2014-11-07,Furniture,Chairs,4,170.79,0.3,683.14
CA-2014-159310,SC-20725,2014-11-07,Office Supplies,Binders,3,0.49,0.8,1.48
CA-2014-159310,SC-20725,2014-11-07,Office Supplies,Supplies,7,5.82,0.2,40.71
US-2017-147984,GB-14575,2017-01-28,Office Supplies,Paper,5,55.98,0.0,279.9
CA-2015-104346,IM-15070,2015-12-11,Office Supplies,Art,5,2.62,0.2,13.12
CA-2015-104346,IM-15070,2015-12-11,Furniture,Bookcases,4,17.39,0.7,69.58
CA-2015-104346,IM-15070,2015-12-11,Office Supplies,Art,3,1.41,0.2,4.22
CA-2015-104346,IM-15070,2015-12-11,Technology,Accessories,4,14.52,0.2,58.08
CA-2015-104346,IM-15070,2015-12-11,Furniture,Furnishings,9,5.82,0.2,52.42
CA-2015-104346,IM-15070,2015-12-11,Furniture,Furnishings,5,10.98,0.2,54.92
CA-2015-104346,IM-15070,2015-12-11,Furniture,Tables,5,72.99,0.5,364.95
CA-2015-104346,IM-15070,2015-12-11,Office Supplies,Paper,3,28.35,0.2,85.06
CA-2015-104346,IM-15070,2015-12-11,Office Supplies,Paper,3,9.23,0.2,27.7
US-2015-141684,MM-18055,2015-06-29,Office Supplies,Paper,4,6.24,0.0,24.96
CA-2015-144722,MF-18250,2015-03-16,Furniture,Furnishings,1,43.13,0.0,43.13
CA-2015-120516,CK-12595,2015-08-13,Office Supplies,Binders,3,1.88,0.0,5.64
US-2016-148901,MK-17905,2016-05-14,Office Supplies,Binders,3,19.19,0.7,57.58
US-2016-148901,MK-17905,2016-05-14,Office Supplies,Paper,6,5.18,0.2,31.1
US-2016-148901,MK-17905,2016-05-14,Furniture,Furnishings,3,10.06,0.2,30.19
US-2016-148901,MK-17905,2016-05-14,Technology,Phones,5,8.72,0.2,43.6
US-2016-148901,MK-17905,2016-05-14,Office Supplies,Art,2,2.38,0.2,4.77
US-2016-148901,MK-17905,2016-05-14,Office Supplies,Binders,2,5.19,0.7,10.38
US-2016-148901,MK-17905,2016-05-14,Office Supplies,Binders,8,1.67,0.7,13.39
CA-2017-136364,MH-17455,2017-07-13,Technology,Phones,1,39.59,0.4,39.59
CA-2017-136364,MH-17455,2017-07-13,Furniture,Furnishings,9,10.11,0.2,91.01
CA-2015-137708,NG-18430,2015-11-22,Office Supplies,Paper,2,18.97,0.0,37.94
CA-2015-137708,NG-18430,2015-11-22,Office Supplies,Paper,10,4.28,0.0,42.8
CA-2015-137708,NG-18430,2015-11-22,Office Supplies,Storage,3,11.21,0.0,33.63
CA-2014-149055,PB-19210,2014-11-23,Office Supplies,Envelopes,3,20.94,0.2,62.81
CA-2015-151589,RE-19450,2015-12-27,Office Supplies,Paper,4,48.91,0.0,195.64
CA-2015-151589,RE-19450,2015-12-27,Technology,Phones,2,119.95,0.0,239.9
CA-2016-121370,EB-14110,2016-11-14,Furniture,Chairs,3,126.69,0.3,380.06
CA-2016-121370,EB-14110,2016-11-14,Technology,Copiers,4,299.99,0.4,1199.98
CA-2016-121370,EB-14110,2016-11-14,Furniture,Furnishings,3,16.19,0.2,48.58
CA-2016-111696,TB-21625,2016-05-08,Office Supplies,Paper,3,5.98,0.0,17.94
CA-2014-139598,MG-17695,2014-12-26,Office Supplies,Paper,3,6.09,0.2,18.26
CA-2014-139598,MG-17695,2014-12-26,Office Supplies,Appliances,2,17.33,0.2,34.66
CA-2014-139598,MG-17695,2014-12-26,Office Supplies,Appliances,2,40.78,0.2,81.55
CA-2014-139598,MG-17695,2014-12-26,Office Supplies,Storage,4,56.78,0.2,227.14
CA-2017-117436,LW-17125,2017-06-08,Office Supplies,Binders,2,5.18,0.0,10.36
CA-2015-140025,PF-19120,2015-04-07,Office Supplies,Appliances,8,57.91,0.8,463.25
CA-2015-140025,PF-19120,2015-04-07,Technology,Accessories,6,63.99,0.2,383.95
CA-2016-134222,NZ-18565,2016-07-10,Office Supplies,Binders,6,7.48,0.7,44.86
CA-2016-140018,CK-12205,2016-11-21,Technology,Machines,7,4.34,0.7,30.34
CA-2016-140018,CK-12205,2016-11-21,Furniture,Chairs,3,42.52,0.3,127.55
CA-2016-140018,CK-12205,2016-11-21,Furniture,Furnishings,3,25.98,0.2,77.95
US-2017-136707,JE-15610,2017-11-12,Office Supplies,Binders,4,3.5,0.2,14.02
CA-2014-152562,JO-15145,2014-11-01,Office Supplies,Storage,2,34.76,0.0,69.52
CA-2014-152562,JO-15145,2014-11-01,Office Supplies,Art,3,1.88,0.0,5.64
CA-2016-152408,TT-21220,2016-05-15,Office Supplies,Binders,3,4.59,0.2,13.78
CA-2014-120278,MS-17365,2014-11-07,Office Supplies,Appliances,6,40.98,0.0,245.88
CA-2014-120278,MS-17365,2014-11-07,Office Supplies,Storage,3,12.21,0.0,36.63
CA-2014-120278,MS-17365,2014-11-07,Office Supplies,Storage,2,11.29,0.0,22.58
CA-2014-120278,MS-17365,2014-11-07,Office Supplies,Binders,3,4.13,0.0,12.39
CA-2017-167661,MP-18175,2017-10-05,Office Supplies,Binders,5,7.98,0.2,39.92
CA-2017-167661,MP-18175,2017-10-05,Office Supplies,Paper,2,30.98,0.0,61.96
CA-2017-167661,MP-18175,2017-10-05,Office Supplies,Binders,4,4.98,0.2,19.94
CA-2017-106831,FH-14350,2017-06-01,Office Supplies,Binders,2,1.9,0.7,3.8
CA-2017-106831,FH-14350,2017-06-01,Office Supplies,Paper,6,4.62,0.2,27.74
CA-2017-106831,FH-14350,2017-06-01,Technology,Phones,4,39.59,0.4,158.38
CA-2017-154123,SC-20050,2017-11-20,Furniture,Furnishings,2,13.79,0.0,27.58
CA-2016-136049,NM-18520,2016-12-23,Office Supplies,Binders,3,1.85,0.7,5.55
CA-2017-118402,JO-15280,2017-09-29,Office Supplies,Storage,5,48.78,0.2,243.92
US-2016-139388,CC-12475,2016-11-07,Office Supplies,Fasteners,4,3.74,0.0,14.96
US-2014-128685,MZ-17515,2014-04-04,Office Supplies,Binders,2,3.59,0.2,7.18
CA-2015-124044,MS-17830,2015-07-23,Office Supplies,Binders,3,3.5,0.2,10.51
CA-2014-164469,GK-14620,2014-06-25,Technology,Phones,5,52.79,0.2,263.96
CA-2014-164469,GK-14620,2014-06-25,Office Supplies,Art,11,6.51,0.2,71.63
CA-2014-164469,GK-14620,2014-06-25,Office Supplies,Art,1,9.33,0.2,9.33
CA-2014-107818,MC-17275,2014-09-08,Office Supplies,Art,2,2.94,0.0,5.88
CA-2014-107818,MC-17275,2014-09-08,Furniture,Chairs,5,195.18,0.2,975.92
CA-2014-107818,MC-17275,2014-09-08,Office Supplies,Art,8,37.98,0.0,303.84
CA-2014-107818,MC-17275,2014-09-08,Office Supplies,Storage,6,80.98,0.0,485.88
CA-2014-113320,LH-17155,2014-12-12,Furniture,Furnishings,3,4.18,0.0,12.54
CA-2014-113320,LH-17155,2014-12-12,Office Supplies,Storage,3,2.98,0.0,8.94
CA-2014-113320,LH-17155,2014-12-12,Furniture,Furnishings,3,3.08,0.0,9.24
CA-2015-137526,PB-19150,2015-01-13,Office Supplies,Binders,3,23.34,0.2,70.01
CA-2015-137526,PB-19150,2015-01-13,Furniture,Furnishings,4,19.4,0.0,77.6
CA-2015-137526,PB-19150,2015-01-13,Furniture,Furnishings,9,51.65,0.0,464.85
CA-2017-136063,SS-20140,2017-12-15,Office Supplies,Art,7,1.46,0.2,10.19
CA-2016-101546,GK-14620,2016-12-18,Office Supplies,Binders,2,896.99,0.0,1793.98
CA-2014-138940,GM-14455,2014-04-11,Technology,Phones,6,126.39,0.2,758.35
CA-2016-125164,SH-19975,2016-11-10,Office Supplies,Binders,1,20.37,0.2,20.37
CA-2016-125164,SH-19975,2016-11-10,Office Supplies,Binders,3,16.62,0.2,49.85
CA-2017-163531,SC-20725,2017-06-26,Technology,Phones,3,79.99,0.0,239.97
CA-2017-122490,TT-21070,2017-11-13,Furniture,Chairs,6,400.78,0.2,2404.7
CA-2017-122490,TT-21070,2017-11-13,Office Supplies,Binders,11,51.18,0.2,563.02
CA-2017-122490,TT-21070,2017-11-13,Office Supplies,Storage,3,114.97,0.0,344.91
CA-2017-122490,TT-21070,2017-11-13,Office Supplies,Labels,3,2.88,0.0,8.64
CA-2017-131366,SC-20440,2017-11-24,Technology,Phones,2,44.99,0.4,89.99
CA-2017-131366,SC-20440,2017-11-24,Office Supplies,Paper,7,32.79,0.2,229.54
CA-2017-164042,KL-16645,2017-05-23,Office Supplies,Fasteners,2,0.91,0.2,1.82
CA-2017-164042,KL-16645,2017-05-23,Office Supplies,Appliances,5,3.66,0.8,18.32
CA-2017-164042,KL-16645,2017-05-23,Office Supplies,Storage,3,16.27,0.2,48.82
CA-2017-164042,KL-16645,2017-05-23,Office Supplies,Binders,1,1.19,0.8,1.19
CA-2014-132864,KN-16390,2014-12-02,Technology,Accessories,5,23.96,0.2,119.8
US-2014-155817,SL-20155,2014-10-03,Office Supplies,Storage,2,30.78,0.2,61.57
US-2014-155817,SL-20155,2014-10-03,Office Supplies,Art,3,2.06,0.2,6.19
US-2016-131891,PW-19240,2016-07-29,Office Supplies,Binders,3,0.74,0.7,2.21
CA-2017-143567,TB-21175,2017-11-02,Office Supplies,Envelopes,2,2.66,0.0,5.32
CA-2017-143567,TB-21175,2017-11-02,Furniture,Chairs,4,243.98,0.0,975.92
CA-2017-143567,TB-21175,2017-11-02,Technology,Accessories,9,249.99,0.0,2249.91
CA-2017-143567,TB-21175,2017-11-02,Office Supplies,Storage,4,14.98,0.0,59.92
CA-2017-104080,AH-10210,2017-03-08,Office Supplies,Binders,5,34.24,0.2,171.2
CA-2017-104080,AH-10210,2017-03-08,Office Supplies,Art,2,1.68,0.0,3.36
CA-2014-151379,SC-20695,2014-12-16,Office Supplies,Paper,5,22.84,0.0,114.2
CA-2016-163167,RF-19345,2016-11-28,Furniture,Chairs,3,60.89,0.0,182.67
CA-2016-163167,RF-19345,2016-11-28,Technology,Accessories,6,16.95,0.0,101.7
CA-2016-163167,RF-19345,2016-11-28,Office Supplies,Storage,3,375.34,0.0,1126.02
CA-2016-163167,RF-19345,2016-11-28,Office Supplies,Storage,6,210.55,0.0,1263.3
CA-2016-135776,EH-13765,2016-12-23,Office Supplies,Art,3,2.94,0.0,8.82
CA-2016-135776,EH-13765,2016-12-23,Office Supplies,Paper,2,18.97,0.0,37.94
CA-2016-135776,EH-13765,2016-12-23,Office Supplies,Art,2,2.1,0.0,4.2
CA-2016-135776,EH-13765,2016-12-23,Office Supplies,Storage,2,113.64,0.0,227.28
CA-2016-135776,EH-13765,2016-12-23,Office Supplies,Paper,1,47.9,0.0,47.9
CA-2016-135776,EH-13765,2016-12-23,Office Supplies,Envelopes,2,30.98,0.0,61.96
CA-2016-135776,EH-13765,2016-12-23,Office Supplies,Storage,4,279.48,0.0,1117.92
US-2014-122021,AC-10660,2014-10-15,Furniture,Chairs,2,91.69,0.3,183.37
US-2014-122021,AC-10660,2014-10-15,Office Supplies,Paper,2,3.98,0.2,7.97
CA-2016-130484,SG-20470,2016-08-22,Office Supplies,Binders,8,3.29,0.7,26.35
CA-2017-120936,CA-12310,2017-12-17,Office Supplies,Storage,4,120.33,0.0,481.32
CA-2017-120936,CA-12310,2017-12-17,Office Supplies,Supplies,1,13.98,0.0,13.98
CA-2017-110884,SH-20395,2017-03-07,Office Supplies,Binders,6,4.32,0.2,25.92
CA-2017-110884,SH-20395,2017-03-07,Office Supplies,Labels,3,30.53,0.0,91.59
US-2014-161613,MC-17605,2014-12-01,Furniture,Chairs,3,224.69,0.3,674.06
US-2014-146353,JE-15610,2014-10-14,Office Supplies,Binders,4,5.73,0.0,22.92
US-2014-146353,JE-15610,2014-10-14,Office Supplies,Storage,5,53.98,0.0,269.9
CA-2014-133809,MS-17530,2014-11-18,Office Supplies,Binders,8,1.48,0.7,11.81
CA-2014-133809,MS-17530,2014-11-18,Technology,Phones,2,4.79,0.4,9.59
CA-2017-127306,BH-11710,2017-01-14,Office Supplies,Envelopes,3,6.11,0.2,18.34
CA-2017-127306,BH-11710,2017-01-14,Office Supplies,Paper,7,5.18,0.2,36.29
CA-2017-127306,BH-11710,2017-01-14,Technology,Phones,2,55.99,0.2,111.98
CA-2017-127306,BH-11710,2017-01-14,Office Supplies,Binders,5,1.19,0.7,5.97
CA-2017-127306,BH-11710,2017-01-14,Office Supplies,Binders,2,1.25,0.7,2.51
CA-2015-161830,ME-17725,2015-09-24,Office Supplies,Art,2,17.98,0.0,35.96
CA-2015-161830,ME-17725,2015-09-24,Office Supplies,Binders,3,4.98,0.2,14.95
CA-2017-163125,MB-17305,2017-10-09,Office Supplies,Art,7,9.59,0.2,67.14
CA-2017-163125,MB-17305,2017-10-09,Furniture,Chairs,3,84.69,0.3,254.06
CA-2016-160304,BM-11575,2016-01-02,Furniture,Bookcases,3,57.98,0.0,173.94
CA-2016-160304,BM-11575,2016-01-02,Technology,Phones,2,115.99,0.0,231.98
CA-2017-101728,SC-20575,2017-08-19,Office Supplies,Binders,2,1.15,0.8,2.3
CA-2017-114055,MH-18115,2017-12-25,Office Supplies,Paper,2,48.04,0.0,96.08
CA-2017-114055,MH-18115,2017-12-25,Office Supplies,Fasteners,2,1.81,0.0,3.62
CA-2017-114055,MH-18115,2017-12-25,Office Supplies,Paper,6,104.85,0.0,629.1
CA-2017-114055,MH-18115,2017-12-25,Technology,Phones,2,45.24,0.0,90.48
CA-2017-126438,AR-10345,2017-09-10,Office Supplies,Art,2,7.44,0.0,14.88
CA-2017-117653,MO-17500,2017-10-19,Furniture,Tables,1,91.28,0.5,91.28
CA-2017-143245,AD-10180,2017-12-01,Office Supplies,Paper,3,6.48,0.0,19.44
CA-2017-143245,AD-10180,2017-12-01,Furniture,Chairs,3,299.05,0.0,897.15
US-2014-138828,KD-16345,2014-09-02,Office Supplies,Art,5,11.55,0.0,57.75
US-2014-138828,KD-16345,2014-09-02,Office Supplies,Paper,3,4.98,0.0,14.94
CA-2017-143651,FM-14215,2017-03-25,Office Supplies,Art,2,11.55,0.0,23.1
CA-2015-106978,ZC-21910,2015-09-28,Office Supplies,Envelopes,1,12.54,0.2,12.54
CA-2015-106978,ZC-21910,2015-09-28,Office Supplies,Binders,2,0.54,0.7,1.08
CA-2015-106978,ZC-21910,2015-09-28,Office Supplies,Fasteners,3,1.5,0.2,4.51
CA-2015-155124,KS-16300,2015-03-15,Technology,Phones,3,5.59,0.2,16.78
CA-2017-150931,DP-13390,2017-01-06,Office Supplies,Binders,7,4.82,0.0,33.74
CA-2014-157147,BD-11605,2014-01-13,Office Supplies,Storage,5,265.17,0.0,1325.85
CA-2014-157147,BD-11605,2014-01-13,Furniture,Bookcases,3,111.33,0.15,334.0
CA-2014-157147,BD-11605,2014-01-13,Office Supplies,Art,5,3.98,0.0,19.9
CA-2015-156482,IL-15100,2015-02-06,Furniture,Chairs,9,140.98,0.0,1268.82
CA-2015-156482,IL-15100,2015-02-06,Furniture,Bookcases,4,70.98,0.0,283.92
CA-2015-156482,IL-15100,2015-02-06,Office Supplies,Art,2,2.84,0.0,5.68
CA-2017-106782,LP-17095,2017-12-21,Office Supplies,Storage,1,375.34,0.0,375.34
CA-2016-151372,JH-15985,2016-09-05,Office Supplies,Paper,2,48.04,0.0,96.08
CA-2016-151372,JH-15985,2016-09-05,Office Supplies,Binders,2,5.84,0.2,11.68
CA-2016-151372,JH-15985,2016-09-05,Office Supplies,Fasteners,2,2.18,0.0,4.36
CA-2014-102085,JD-16015,2014-10-04,Office Supplies,Labels,4,7.31,0.0,29.24
CA-2017-107125,BD-11320,2017-11-27,Office Supplies,Binders,7,16.78,0.2,117.49
CA-2017-107125,BD-11320,2017-11-27,Furniture,Furnishings,3,6.28,0.0,18.84
CA-2016-125815,DL-13330,2016-10-28,Office Supplies,Art,3,4.14,0.0,12.42
CA-2015-144190,NC-18415,2015-06-09,Office Supplies,Paper,2,6.48,0.0,12.96
CA-2017-117926,AS-10225,2017-12-08,Office Supplies,Appliances,1,69.48,0.0,69.48
CA-2015-153906,MS-17980,2015-03-16,Technology,Phones,2,42.95,0.0,85.9
CA-2014-160262,TS-21205,2014-06-09,Office Supplies,Art,7,2.58,0.0,18.06
CA-2014-160262,TS-21205,2014-06-09,Office Supplies,Paper,3,26.38,0.0,79.14
CA-2014-160262,TS-21205,2014-06-09,Furniture,Furnishings,2,18.7,0.0,37.4
CA-2015-127607,JK-15730,2015-03-20,Office Supplies,Binders,2,1.26,0.8,2.51
CA-2015-127607,JK-15730,2015-03-20,Office Supplies,Fasteners,9,2.1,0.2,18.86
CA-2016-166226,TC-21535,2016-11-18,Technology,Phones,1,61.19,0.2,61.19
CA-2016-166226,TC-21535,2016-11-18,Office Supplies,Appliances,1,67.84,0.0,67.84
CA-2014-156587,AB-10015,2014-03-07,Furniture,Chairs,1,48.71,0.2,48.71
CA-2014-156587,AB-10015,2014-03-07,Office Supplies,Art,3,5.98,0.0,17.94
CA-2014-156587,AB-10015,2014-03-07,Office Supplies,Storage,3,80.98,0.0,242.94
CA-2016-141180,DP-13000,2016-05-15,Office Supplies,Binders,4,1.94,0.7,7.76
CA-2015-109708,CY-12745,2015-05-25,Technology,Phones,4,116.76,0.2,467.04
CA-2015-122406,BE-11455,2015-08-02,Technology,Phones,3,42.95,0.0,128.85
CA-2015-122406,BE-11455,2015-08-02,Office Supplies,Paper,2,4.2,0.0,8.4
CA-2015-122406,BE-11455,2015-08-02,Technology,Accessories,2,99.99,0.0,199.98
CA-2015-122406,BE-11455,2015-08-02,Furniture,Chairs,1,110.98,0.0,110.98
US-2016-153815,KL-16555,2016-11-06,Furniture,Chairs,2,103.99,0.2,207.98
US-2016-153815,KL-16555,2016-11-06,Office Supplies,Paper,2,18.06,0.2,36.11
US-2016-153815,KL-16555,2016-11-06,Furniture,Furnishings,2,17.78,0.2,35.57
US-2016-153815,KL-16555,2016-11-06,Office Supplies,Paper,2,44.38,0.2,88.77
CA-2016-164896,PS-19045,2016-11-07,Office Supplies,Paper,2,6.45,0.0,12.9
CA-2015-142202,JR-16210,2015-09-18,Technology,Accessories,9,79.68,0.2,717.12
CA-2015-165050,AH-10210,2015-12-07,Office Supplies,Binders,5,4.27,0.2,21.36
CA-2015-165050,AH-10210,2015-12-07,Office Supplies,Binders,2,3.34,0.2,6.69
CA-2015-165050,AH-10210,2015-12-07,Technology,Phones,6,128.99,0.0,773.94
US-2016-131114,RW-19630,2016-12-09,Office Supplies,Supplies,3,6.86,0.2,20.57
US-2016-131114,RW-19630,2016-12-09,Office Supplies,Appliances,2,2.18,0.8,4.36
US-2016-131114,RW-19630,2016-12-09,Technology,Accessories,4,4.76,0.2,19.04
CA-2014-160066,AH-10075,2014-11-16,Office Supplies,Labels,2,2.61,0.0,5.22
CA-2016-109925,IM-15070,2016-11-06,Office Supplies,Storage,3,28.28,0.0,84.84
CA-2015-160696,CK-12760,2015-09-06,Office Supplies,Fasteners,5,1.45,0.2,7.24
CA-2014-125171,AG-10390,2014-09-03,Office Supplies,Labels,5,2.88,0.0,14.4
CA-2016-149279,CL-12700,2016-04-24,Office Supplies,Paper,3,5.18,0.2,15.55
CA-2016-149279,CL-12700,2016-04-24,Furniture,Chairs,6,220.96,0.2,1325.76
CA-2016-149279,CL-12700,2016-04-24,Office Supplies,Binders,2,1.55,0.7,3.11
CA-2017-107321,AW-10930,2017-08-31,Office Supplies,Binders,3,2.22,0.2,6.67
CA-2017-107321,AW-10930,2017-08-31,Technology,Phones,4,172.35,0.2,689.41
US-2017-122714,HG-14965,2017-12-07,Office Supplies,Binders,5,378.0,0.8,1889.99
CA-2015-153038,RB-19645,2015-12-18,Office Supplies,Envelopes,8,6.99,0.2,55.94
CA-2015-153038,RB-19645,2015-12-18,Office Supplies,Labels,8,2.3,0.2,18.43
CA-2015-153038,RB-19645,2015-12-18,Furniture,Furnishings,5,4.06,0.2,20.32
CA-2014-132227,SZ-20035,2014-11-04,Office Supplies,Binders,4,13.02,0.2,52.06
CA-2017-155824,KS-16300,2017-03-10,Office Supplies,Appliances,1,48.78,0.2,48.78
CA-2017-155824,KS-16300,2017-03-10,Office Supplies,Binders,4,3.27,0.7,13.09
CA-2016-129238,SC-20050,2016-01-31,Technology,Phones,1,109.59,0.2,109.59
CA-2016-129238,SC-20050,2016-01-31,Office Supplies,Paper,5,11.34,0.0,56.7
CA-2017-159688,AB-10060,2017-05-07,Technology,Accessories,1,79.99,0.0,79.99
CA-2016-136126,EH-14125,2016-05-24,Office Supplies,Supplies,5,13.9,0.0,69.5
CA-2016-136126,EH-14125,2016-05-24,Office Supplies,Paper,4,47.9,0.0,191.6
CA-2016-155033,CC-12475,2016-10-07,Office Supplies,Paper,2,5.28,0.0,10.56
CA-2014-156006,TM-21010,2014-04-30,Technology,Accessories,3,15.93,0.0,47.79
CA-2015-158659,SC-20695,2015-11-10,Office Supplies,Storage,5,142.86,0.0,714.3
CA-2015-169796,Dp-13240,2015-11-09,Technology,Machines,2,1160.95,0.0,2321.9
CA-2015-169796,Dp-13240,2015-11-09,Office Supplies,Storage,3,5.98,0.0,17.94
CA-2015-102876,LR-17035,2015-09-07,Office Supplies,Binders,1,9.52,0.7,9.52
CA-2015-102876,LR-17035,2015-09-07,Technology,Phones,6,131.99,0.4,791.96
CA-2015-102876,LR-17035,2015-09-07,Office Supplies,Binders,3,1.64,0.7,4.92
US-2017-139647,TS-21370,2017-05-11,Furniture,Bookcases,7,30.0,0.7,209.98
US-2017-160465,SW-20350,2017-07-21,Office Supplies,Binders,3,11.31,0.7,33.93
US-2017-160465,SW-20350,2017-07-21,Office Supplies,Storage,7,31.76,0.2,222.32
US-2017-160465,SW-20350,2017-07-21,Technology,Phones,6,35.09,0.4,210.56
CA-2014-153850,TH-21100,2014-11-24,Furniture,Furnishings,7,5.02,0.2,35.17
CA-2014-153850,TH-21100,2014-11-24,Technology,Phones,4,375.59,0.4,1502.38
CA-2014-127558,SS-20410,2014-11-15,Furniture,Furnishings,3,3.37,0.0,10.11
CA-2014-127558,SS-20410,2014-11-15,Technology,Accessories,3,257.49,0.0,772.47
CA-2014-127558,SS-20410,2014-11-15,Office Supplies,Supplies,2,10.23,0.0,20.46
CA-2017-136511,MZ-17515,2017-03-23,Office Supplies,Supplies,3,115.86,0.0,347.58
CA-2016-133795,JE-15475,2016-12-18,Technology,Accessories,2,36.32,0.0,72.64
CA-2016-133795,JE-15475,2016-12-18,Technology,Accessories,3,257.49,0.0,772.47
CA-2016-133795,JE-15475,2016-12-18,Furniture,Furnishings,4,9.98,0.0,39.92
US-2017-130953,RF-19735,2017-07-29,Office Supplies,Binders,2,16.74,0.0,33.48
US-2017-130953,RF-19735,2017-07-29,Technology,Phones,3,153.99,0.0,461.97
US-2017-130953,RF-19735,2017-07-29,Office Supplies,Appliances,2,68.81,0.0,137.62
US-2017-130953,RF-19735,2017-07-29,Furniture,Chairs,3,100.89,0.0,302.67
CA-2014-151792,CV-12295,2014-09-02,Technology,Accessories,3,79.99,0.2,239.98
CA-2017-139304,VG-21790,2017-01-29,Office Supplies,Art,3,2.78,0.0,8.34
CA-2017-139304,VG-21790,2017-01-29,Office Supplies,Supplies,1,8.57,0.0,8.57
CA-2017-139304,VG-21790,2017-01-29,Office Supplies,Binders,8,14.95,0.2,119.62
CA-2016-155166,BB-11545,2016-12-26,Furniture,Chairs,3,70.98,0.0,212.94
CA-2016-155166,BB-11545,2016-12-26,Office Supplies,Appliances,1,26.49,0.0,26.49
CA-2015-103954,HR-14770,2015-08-09,Furniture,Bookcases,5,137.48,0.0,687.4
CA-2014-169803,SC-20260,2014-04-06,Furniture,Tables,3,217.85,0.0,653.55
CA-2014-169803,SC-20260,2014-04-06,Technology,Accessories,2,16.95,0.0,33.9
CA-2017-141719,EG-13900,2017-11-17,Technology,Accessories,5,47.99,0.2,239.96
CA-2015-136469,TS-21370,2015-07-11,Furniture,Tables,4,49.96,0.3,199.84
CA-2015-136469,TS-21370,2015-07-11,Technology,Phones,2,358.0,0.0,716.0
CA-2015-136469,TS-21370,2015-07-11,Office Supplies,Binders,7,31.58,0.0,221.06
CA-2016-158694,AI-10855,2016-11-10,Office Supplies,Paper,3,22.57,0.0,67.71
CA-2016-158694,AI-10855,2016-11-10,Office Supplies,Appliances,4,32.48,0.0,129.92
CA-2016-158694,AI-10855,2016-11-10,Furniture,Furnishings,9,51.94,0.0,467.46
CA-2016-158694,AI-10855,2016-11-10,Office Supplies,Paper,5,12.28,0.0,61.4
CA-2016-158694,AI-10855,2016-11-10,Office Supplies,Storage,4,180.19,0.0,720.76
CA-2016-158694,AI-10855,2016-11-10,Office Supplies,Binders,3,1.73,0.2,5.18
CA-2016-158694,AI-10855,2016-11-10,Office Supplies,Art,5,2.94,0.0,14.7
US-2014-104759,DD-13570,2014-03-31,Office Supplies,Binders,7,1.16,0.8,8.13
US-2014-104759,DD-13570,2014-03-31,Technology,Accessories,2,39.99,0.2,79.98
CA-2015-150511,AB-10060,2015-09-18,Office Supplies,Paper,2,9.27,0.0,18.54
CA-2015-134922,KB-16240,2015-11-07,Office Supplies,Envelopes,2,12.2,0.2,24.4
US-2017-120607,JC-15775,2017-05-19,Office Supplies,Paper,4,48.91,0.0,195.64
CA-2015-141243,AH-10465,2015-01-03,Technology,Accessories,5,79.68,0.2,398.4
CA-2015-141243,AH-10465,2015-01-03,Office Supplies,Art,3,2.35,0.2,7.06
CA-2015-141243,AH-10465,2015-01-03,Furniture,Bookcases,9,150.27,0.32,1352.4
CA-2015-162166,NM-18520,2015-09-08,Office Supplies,Paper,5,5.28,0.0,26.4
CA-2015-162166,NM-18520,2015-09-08,Office Supplies,Storage,6,6.98,0.0,41.88
CA-2016-120796,CS-11950,2016-04-03,Office Supplies,Binders,9,11.09,0.7,99.85
CA-2016-109722,TP-21130,2016-12-05,Technology,Phones,2,349.99,0.0,699.98
CA-2016-109722,TP-21130,2016-12-05,Office Supplies,Storage,9,64.98,0.0,584.82
CA-2015-136798,DL-12925,2015-05-08,Office Supplies,Binders,2,21.99,0.0,43.98
CA-2015-136798,DL-12925,2015-05-08,Technology,Phones,3,125.99,0.0,377.97
CA-2015-136798,DL-12925,2015-05-08,Furniture,Furnishings,3,41.32,0.0,123.96
CA-2017-122196,CA-12265,2017-09-22,Technology,Phones,2,195.99,0.0,391.98
CA-2017-142090,SC-20380,2017-11-30,Technology,Accessories,3,127.99,0.2,383.98
CA-2017-142090,SC-20380,2017-11-30,Furniture,Tables,7,254.53,0.4,1781.68
CA-2017-160934,TT-21460,2017-01-15,Office Supplies,Art,5,4.28,0.0,21.4
CA-2014-124478,MA-17560,2014-08-08,Technology,Copiers,1,549.99,0.0,549.99
CA-2014-124478,MA-17560,2014-08-08,Office Supplies,Appliances,3,55.84,0.1,167.54
CA-2014-124478,MA-17560,2014-08-08,Office Supplies,Envelopes,3,12.78,0.0,38.34
CA-2014-124478,MA-17560,2014-08-08,Furniture,Furnishings,6,8.98,0.0,53.88
CA-2014-124478,MA-17560,2014-08-08,Technology,Phones,2,149.99,0.0,299.98
CA-2015-145485,JM-16195,2015-11-05,Office Supplies,Storage,4,15.7,0.0,62.8
CA-2017-151071,MB-18085,2017-04-25,Office Supplies,Binders,2,6.95,0.2,13.9
CA-2014-134572,SV-20365,2014-04-20,Furniture,Tables,5,148.82,0.3,744.1
CA-2014-134572,SV-20365,2014-04-20,Office Supplies,Storage,5,8.97,0.2,44.84
CA-2014-134572,SV-20365,2014-04-20,Furniture,Tables,2,200.8,0.3,401.59
CA-2017-143217,CG-12040,2017-11-11,Office Supplies,Binders,3,6.08,0.0,18.24
US-2017-133312,BD-11500,2017-11-25,Furniture,Bookcases,3,119.83,0.15,359.5
US-2017-133312,BD-11500,2017-11-25,Office Supplies,Storage,1,10.48,0.0,10.48
US-2015-137533,JK-15640,2015-12-18,Office Supplies,Paper,4,5.18,0.2,20.74
CA-2016-155138,JM-15580,2016-09-08,Technology,Accessories,4,8.79,0.2,35.17
CA-2016-155138,JM-15580,2016-09-08,Office Supplies,Paper,3,21.57,0.2,64.7
CA-2016-108350,SC-20230,2016-06-06,Office Supplies,Paper,4,26.38,0.0,105.52
CA-2015-144302,ME-17320,2015-06-19,Office Supplies,Binders,2,2.9,0.8,5.79
CA-2015-109001,KN-16390,2015-03-05,Technology,Phones,7,66.59,0.4,466.16
CA-2015-109001,KN-16390,2015-03-05,Technology,Accessories,1,10.31,0.2,10.31
CA-2015-109001,KN-16390,2015-03-05,Office Supplies,Binders,3,0.85,0.7,2.56
CA-2017-132738,HM-14860,2017-08-04,Office Supplies,Paper,2,3.98,0.2,7.97
CA-2017-132738,HM-14860,2017-08-04,Office Supplies,Envelopes,1,8.78,0.2,8.78
CA-2017-156720,JM-15580,2017-12-30,Office Supplies,Fasteners,3,1.01,0.2,3.02
CA-2015-119102,KH-16690,2015-05-23,Office Supplies,Storage,3,17.15,0.0,51.45
US-2014-140452,BK-11260,2014-12-06,Office Supplies,Appliances,4,3.5,0.8,14.02
US-2014-140452,BK-11260,2014-12-06,Furniture,Tables,5,42.99,0.5,214.95
US-2014-140452,BK-11260,2014-12-06,Technology,Phones,4,8.76,0.2,35.04
US-2014-140452,BK-11260,2014-12-06,Furniture,Furnishings,3,3.59,0.6,10.78
US-2014-140452,BK-11260,2014-12-06,Office Supplies,Binders,2,2.3,0.8,4.6
US-2014-140452,BK-11260,2014-12-06,Office Supplies,Storage,2,17.58,0.2,35.17
CA-2015-141936,PN-18775,2015-08-07,Office Supplies,Binders,3,6.38,0.2,19.15
CA-2014-158442,AZ-10750,2014-03-17,Office Supplies,Art,2,2.22,0.2,4.45
CA-2014-158442,AZ-10750,2014-03-17,Office Supplies,Paper,1,5.18,0.2,5.18
CA-2014-158442,AZ-10750,2014-03-17,Office Supplies,Paper,3,5.18,0.2,15.55
CA-2015-167374,GM-14500,2015-03-26,Office Supplies,Paper,6,6.67,0.2,40.03
CA-2015-167374,GM-14500,2015-03-26,Technology,Accessories,3,5.59,0.2,16.78
CA-2014-116568,BM-11785,2014-12-14,Furniture,Chairs,4,46.58,0.2,186.3
CA-2015-147102,NH-18610,2015-09-19,Technology,Accessories,4,16.59,0.0,66.36
CA-2017-132213,PN-18775,2017-04-25,Office Supplies,Art,9,4.67,0.2,42.05
CA-2017-132213,PN-18775,2017-04-25,Office Supplies,Art,5,13.58,0.2,67.92
CA-2014-138450,EH-13765,2014-10-18,Office Supplies,Envelopes,6,8.75,0.2,52.51
CA-2014-138450,EH-13765,2014-10-18,Office Supplies,Storage,6,31.15,0.2,186.91
CA-2014-138450,EH-13765,2014-10-18,Office Supplies,Paper,4,2.51,0.2,10.05
CA-2015-153073,HA-14905,2015-11-13,Furniture,Furnishings,9,1.94,0.6,17.5
CA-2016-147970,AB-10150,2016-01-31,Office Supplies,Paper,3,5.18,0.2,15.55
CA-2016-150658,MS-17365,2016-11-17,Office Supplies,Binders,3,3.59,0.2,10.78
CA-2017-125640,DD-13570,2017-07-25,Office Supplies,Labels,1,3.3,0.2,3.3
CA-2017-154137,MT-17815,2017-11-11,Office Supplies,Storage,1,35.48,0.0,35.48
CA-2015-127173,GM-14500,2015-09-26,Office Supplies,Fasteners,3,11.48,0.0,34.44
CA-2015-127173,GM-14500,2015-09-26,Technology,Machines,7,89.99,0.0,629.93
CA-2015-127173,GM-14500,2015-09-26,Office Supplies,Binders,9,8.78,0.2,79.06
CA-2014-149538,KB-16585,2014-04-04,Office Supplies,Storage,5,46.51,0.0,232.55
CA-2014-149538,KB-16585,2014-04-04,Technology,Accessories,2,49.99,0.0,99.98
CA-2014-149538,KB-16585,2014-04-04,Office Supplies,Paper,3,6.48,0.0,19.44
CA-2014-149538,KB-16585,2014-04-04,Office Supplies,Paper,2,6.48,0.0,12.96
CA-2014-160766,DM-13015,2014-09-14,Furniture,Tables,9,51.59,0.4,464.29
CA-2014-160766,DM-13015,2014-09-14,Office Supplies,Envelopes,7,9.78,0.0,68.46
CA-2014-160766,DM-13015,2014-09-14,Technology,Machines,4,699.99,0.0,2799.96
CA-2014-160766,DM-13015,2014-09-14,Office Supplies,Appliances,2,300.65,0.0,601.3
CA-2014-160766,DM-13015,2014-09-14,Technology,Phones,1,16.99,0.0,16.99
CA-2014-160766,DM-13015,2014-09-14,Technology,Phones,3,95.99,0.0,287.97
CA-2014-160766,DM-13015,2014-09-14,Office Supplies,Paper,9,4.98,0.0,44.82
CA-2017-146626,BP-11185,2017-12-29,Furniture,Furnishings,8,12.64,0.0,101.12
CA-2015-123330,EP-13915,2015-06-21,Technology,Phones,3,35.99,0.2,107.98
CA-2017-155607,FG-14260,2017-11-26,Office Supplies,Appliances,7,8.39,0.0,58.73
CA-2017-155607,FG-14260,2017-11-26,Office Supplies,Binders,4,23.34,0.2,93.34
CA-2016-151323,AB-10255,2016-10-23,Office Supplies,Fasteners,5,3.41,0.0,17.05
CA-2015-146696,RD-19480,2015-12-14,Office Supplies,Binders,2,4.05,0.2,8.1
CA-2016-128972,TS-21430,2016-11-13,Furniture,Furnishings,4,7.59,0.0,30.36
CA-2017-128335,JA-15970,2017-09-29,Office Supplies,Envelopes,3,7.78,0.0,23.34
CA-2017-128335,JA-15970,2017-09-29,Office Supplies,Paper,5,10.31,0.0,51.55
CA-2015-154886,SW-20455,2015-11-08,Technology,Accessories,2,59.95,0.0,119.9
CA-2016-111213,FP-14320,2016-04-01,Furniture,Chairs,6,219.58,0.1,1317.49
CA-2016-111213,FP-14320,2016-04-01,Office Supplies,Supplies,8,7.98,0.0,63.84
CA-2016-111213,FP-14320,2016-04-01,Office Supplies,Binders,1,3.59,0.2,3.59
CA-2017-161333,JL-15835,2017-02-02,Furniture,Furnishings,2,43.13,0.0,86.26
CA-2017-161333,JL-15835,2017-02-02,Office Supplies,Storage,4,34.76,0.0,139.04
CA-2017-161333,JL-15835,2017-02-02,Office Supplies,Appliances,4,11.7,0.0,46.8
CA-2017-128734,JL-15175,2017-12-24,Furniture,Furnishings,4,2.14,0.2,8.54
CA-2017-128734,JL-15175,2017-12-24,Furniture,Chairs,3,280.79,0.2,842.38
CA-2014-141796,JG-15160,2014-06-21,Technology,Phones,3,404.95,0.0,1214.85
CA-2017-125101,SH-19975,2017-03-06,Office Supplies,Storage,2,33.89,0.0,67.78
CA-2017-169929,LS-17200,2017-09-25,Office Supplies,Storage,5,7.98,0.0,39.9
US-2014-121566,CS-11860,2014-06-30,Office Supplies,Binders,1,2.69,0.2,2.69
US-2014-121566,CS-11860,2014-06-30,Office Supplies,Art,3,2.2,0.0,6.6
US-2015-124219,KW-16570,2015-08-07,Office Supplies,Binders,4,7.1,0.0,28.4
US-2015-124219,KW-16570,2015-08-07,Furniture,Furnishings,3,70.98,0.0,212.94
CA-2017-163006,GH-14410,2017-06-30,Technology,Phones,2,500.79,0.2,1001.58
CA-2017-163006,GH-14410,2017-06-30,Furniture,Chairs,3,189.69,0.3,569.06
CA-2017-163006,GH-14410,2017-06-30,Furniture,Furnishings,2,7.11,0.6,14.22
CA-2015-156146,AG-10495,2015-10-26,Technology,Phones,2,52.79,0.2,105.58
CA-2015-156146,AG-10495,2015-10-26,Technology,Phones,2,34.36,0.2,68.72
CA-2014-111192,TS-21430,2014-07-30,Furniture,Bookcases,8,170.98,0.0,1367.84
CA-2016-115378,AJ-10945,2016-11-18,Furniture,Chairs,2,150.98,0.0,301.96
CA-2015-161627,SJ-20215,2015-07-06,Furniture,Chairs,3,56.78,0.2,170.35
CA-2014-121006,SC-20020,2014-11-10,Office Supplies,Art,2,1.95,0.0,3.9
CA-2014-121006,SC-20020,2014-11-10,Office Supplies,Paper,3,4.28,0.0,12.84
CA-2014-121006,SC-20020,2014-11-10,Office Supplies,Paper,3,5.28,0.0,15.84
CA-2014-121006,SC-20020,2014-11-10,Furniture,Chairs,3,187.98,0.0,563.94
CA-2014-121006,SC-20020,2014-11-10,Office Supplies,Storage,3,20.98,0.0,62.94
CA-2014-121006,SC-20020,2014-11-10,Office Supplies,Storage,3,178.47,0.0,535.41
CA-2016-122903,LA-16780,2016-05-27,Furniture,Chairs,5,700.98,0.0,3504.9
CA-2016-122903,LA-16780,2016-05-27,Office Supplies,Paper,3,48.04,0.0,144.12
CA-2016-122903,LA-16780,2016-05-27,Office Supplies,Paper,3,104.85,0.0,314.55
CA-2015-107741,FC-14335,2015-03-08,Office Supplies,Art,1,3.41,0.2,3.41
CA-2017-106432,CA-12265,2017-10-19,Office Supplies,Binders,2,1.04,0.8,2.07
CA-2017-106432,CA-12265,2017-10-19,Furniture,Bookcases,3,109.47,0.32,328.4
CA-2016-148908,JH-15985,2016-11-05,Office Supplies,Binders,2,26.62,0.2,53.25
CA-2016-123015,AJ-10795,2016-12-26,Office Supplies,Binders,3,1.66,0.2,4.99
US-2015-120502,BT-11395,2015-04-13,Furniture,Furnishings,2,18.84,0.0,37.68
US-2015-120502,BT-11395,2015-04-13,Technology,Phones,2,129.29,0.2,258.58
US-2015-120502,BT-11395,2015-04-13,Office Supplies,Appliances,2,37.92,0.0,75.84
CA-2017-108749,DJ-13510,2017-09-12,Office Supplies,Paper,7,6.48,0.0,45.36
CA-2017-108749,DJ-13510,2017-09-12,Office Supplies,Binders,3,15.26,0.0,45.78
CA-2017-163335,AG-10675,2017-09-24,Office Supplies,Storage,3,13.43,0.0,40.29
CA-2017-163335,AG-10675,2017-09-24,Office Supplies,Binders,7,5.53,0.0,38.71
CA-2015-134719,JD-15790,2015-10-10,Office Supplies,Storage,6,300.27,0.2,1801.63
US-2015-154389,EH-14125,2015-11-27,Technology,Phones,8,93.59,0.4,748.75
CA-2015-115567,ZC-21910,2015-09-13,Technology,Accessories,4,49.99,0.0,199.96
CA-2015-115567,ZC-21910,2015-09-13,Furniture,Chairs,7,216.6,0.0,1516.2
US-2017-136679,XP-21865,2017-11-14,Technology,Accessories,6,27.99,0.2,167.95
US-2017-136679,XP-21865,2017-11-14,Office Supplies,Art,2,22.52,0.2,45.04
US-2017-141943,DK-12985,2017-05-05,Office Supplies,Envelopes,2,11.58,0.0,23.16
CA-2014-101560,CS-12250,2014-11-28,Furniture,Furnishings,5,79.52,0.0,397.6
CA-2014-101560,CS-12250,2014-11-28,Office Supplies,Paper,7,12.28,0.0,85.96
CA-2014-101560,CS-12250,2014-11-28,Office Supplies,Art,4,3.28,0.0,13.12
CA-2014-101560,CS-12250,2014-11-28,Office Supplies,Binders,3,15.22,0.0,45.66
CA-2014-159709,AI-10855,2014-05-10,Office Supplies,Envelopes,3,52.71,0.0,158.13
CA-2014-159709,AI-10855,2014-05-10,Technology,Phones,5,8.72,0.2,43.6
CA-2016-103982,AA-10315,2016-03-03,Office Supplies,Supplies,3,1310.02,0.2,3930.07
CA-2016-103982,AA-10315,2016-03-03,Office Supplies,Fasteners,1,2.3,0.2,2.3
CA-2016-103982,AA-10315,2016-03-03,Technology,Phones,3,143.99,0.2,431.98
CA-2016-103982,AA-10315,2016-03-03,Technology,Accessories,7,5.96,0.2,41.72
CA-2015-142454,RE-19450,2015-08-15,Furniture,Furnishings,7,14.89,0.0,104.23
CA-2015-142454,RE-19450,2015-08-15,Office Supplies,Storage,3,23.42,0.0,70.26
CA-2015-102015,TM-21010,2015-09-12,Office Supplies,Art,2,4.63,0.0,9.26
CA-2015-102015,TM-21010,2015-09-12,Office Supplies,Storage,2,52.99,0.0,105.98
CA-2015-102015,TM-21010,2015-09-12,Office Supplies,Fasteners,1,1.24,0.0,1.24
CA-2015-102015,TM-21010,2015-09-12,Office Supplies,Labels,2,10.35,0.0,20.7
CA-2015-102015,TM-21010,2015-09-12,Office Supplies,Paper,5,5.78,0.0,28.9
CA-2015-102015,TM-21010,2015-09-12,Office Supplies,Envelopes,1,27.18,0.0,27.18
CA-2015-156755,YS-21880,2015-01-12,Office Supplies,Storage,3,155.06,0.0,465.18
CA-2015-130876,AZ-10750,2015-05-12,Office Supplies,Storage,3,12.21,0.0,36.63
CA-2016-145898,CM-12445,2016-09-26,Office Supplies,Storage,3,17.15,0.0,51.45
CA-2016-145898,CM-12445,2016-09-26,Office Supplies,Labels,3,2.61,0.0,7.83
CA-2016-145898,CM-12445,2016-09-26,Office Supplies,Art,5,7.08,0.0,35.4
CA-2016-145898,CM-12445,2016-09-26,Office Supplies,Paper,5,5.98,0.0,29.9
US-2017-159562,JB-16000,2017-09-09,Office Supplies,Envelopes,2,8.74,0.0,17.48
CA-2017-134635,NS-18640,2017-04-15,Office Supplies,Paper,3,26.38,0.0,79.14
CA-2017-167080,LC-16930,2017-06-10,Office Supplies,Art,5,1.68,0.0,8.4
CA-2017-145653,CA-12775,2017-09-01,Furniture,Chairs,7,71.18,0.0,498.26
CA-2014-140487,SR-20425,2014-06-14,Furniture,Bookcases,3,70.98,0.0,212.94
CA-2017-117401,PP-18955,2017-05-18,Office Supplies,Appliances,7,100.98,0.0,706.86
CA-2017-117401,PP-18955,2017-05-18,Technology,Phones,5,22.99,0.0,114.95
CA-2017-117401,PP-18955,2017-05-18,Office Supplies,Binders,7,6.17,0.0,43.19
US-2017-109582,JM-15865,2017-09-12,Office Supplies,Paper,3,55.48,0.0,166.44
CA-2016-119865,AS-10090,2016-06-21,Office Supplies,Binders,5,7.31,0.2,36.56
CA-2016-119865,AS-10090,2016-06-21,Office Supplies,Binders,6,31.02,0.2,186.14
CA-2016-119865,AS-10090,2016-06-21,Furniture,Bookcases,2,176.78,0.2,353.57
US-2014-147648,LS-16975,2014-11-26,Office Supplies,Paper,2,40.99,0.0,81.98
CA-2017-124436,SA-20830,2017-03-19,Office Supplies,Binders,2,7.31,0.2,14.62
CA-2017-124436,SA-20830,2017-03-19,Furniture,Tables,5,139.43,0.2,697.16
CA-2017-124436,SA-20830,2017-03-19,Furniture,Furnishings,1,30.93,0.0,30.93
CA-2017-124436,SA-20830,2017-03-19,Office Supplies,Binders,7,3.93,0.2,27.5
CA-2014-115084,LS-17200,2014-10-18,Furniture,Chairs,6,100.89,0.0,605.34
CA-2017-131037,TM-21490,2017-08-22,Furniture,Tables,1,210.01,0.2,210.01
CA-2016-111143,TT-21265,2016-11-19,Office Supplies,Appliances,3,18.32,0.0,54.96
CA-2014-166744,DN-13690,2014-09-20,Furniture,Furnishings,3,54.74,0.0,164.22
CA-2014-166744,DN-13690,2014-09-20,Furniture,Bookcases,3,120.98,0.0,362.94
CA-2014-166744,DN-13690,2014-09-20,Technology,Accessories,2,29.99,0.0,59.98
CA-2016-116561,EB-14110,2016-09-11,Office Supplies,Storage,3,110.98,0.0,332.94
CA-2016-116561,EB-14110,2016-09-11,Office Supplies,Binders,2,19.94,0.2,39.87
CA-2016-110730,CM-11815,2016-09-23,Office Supplies,Supplies,2,6.84,0.0,13.68
CA-2017-146367,HM-14860,2017-08-04,Office Supplies,Binders,3,1.11,0.8,3.32
CA-2016-149454,KM-16375,2016-07-25,Office Supplies,Binders,1,10.44,0.0,10.44
CA-2016-156265,BF-11020,2016-08-02,Furniture,Tables,2,68.23,0.2,136.46
CA-2016-156265,BF-11020,2016-08-02,Technology,Phones,3,111.19,0.2,333.58
CA-2016-156265,BF-11020,2016-08-02,Office Supplies,Binders,2,6.27,0.2,12.54
US-2015-168914,JE-15745,2015-05-21,Office Supplies,Appliances,8,2.6,0.8,20.77
US-2017-110989,EJ-14155,2017-11-03,Technology,Accessories,3,14.5,0.0,43.5
CA-2015-106215,BN-11470,2015-04-16,Office Supplies,Fasteners,4,3.14,0.2,12.58
US-2016-169369,EC-14050,2016-12-12,Technology,Accessories,5,49.99,0.0,249.95
US-2016-169369,EC-14050,2016-12-12,Office Supplies,Paper,4,12.28,0.0,49.12
CA-2015-132318,TT-21220,2015-10-30,Office Supplies,Appliances,3,60.97,0.0,182.91
US-2014-131982,NP-18685,2014-03-07,Office Supplies,Binders,2,53.82,0.2,107.65
CA-2015-125185,AH-10195,2015-03-05,Furniture,Chairs,2,49.69,0.3,99.37
CA-2015-125185,AH-10195,2015-03-05,Furniture,Furnishings,2,16.78,0.2,33.57
CA-2016-130078,CC-12145,2016-08-08,Office Supplies,Paper,2,5.28,0.0,10.56
US-2017-114034,DL-13315,2017-01-03,Office Supplies,Paper,6,6.48,0.0,38.88
US-2017-115595,XP-21865,2017-10-09,Office Supplies,Paper,5,7.04,0.0,35.2
CA-2017-158722,MA-17560,2017-10-20,Office Supplies,Paper,3,15.18,0.2,45.53
CA-2014-105165,SZ-20035,2014-09-07,Technology,Phones,3,65.59,0.2,196.78
CA-2014-105165,SZ-20035,2014-09-07,Office Supplies,Binders,2,1.46,0.8,2.92
CA-2014-105165,SZ-20035,2014-09-07,Furniture,Tables,1,200.8,0.3,200.8
CA-2014-105165,SZ-20035,2014-09-07,Technology,Accessories,4,11.67,0.2,46.69
CA-2014-105165,SZ-20035,2014-09-07,Office Supplies,Art,3,7.29,0.2,21.86
CA-2017-147452,CS-11845,2017-09-30,Office Supplies,Paper,2,5.88,0.0,11.76
CA-2017-147452,CS-11845,2017-09-30,Office Supplies,Paper,3,55.98,0.0,167.94
CA-2017-147452,CS-11845,2017-09-30,Office Supplies,Appliances,1,3.89,0.0,3.89
US-2017-114657,MH-18115,2017-11-16,Technology,Machines,4,13.11,0.0,52.44
CA-2017-144484,CB-12025,2017-09-11,Furniture,Furnishings,4,8.09,0.0,32.36
CA-2017-144484,CB-12025,2017-09-11,Office Supplies,Appliances,5,81.32,0.0,406.6
CA-2017-125913,JO-15145,2017-01-16,Furniture,Furnishings,4,6.98,0.0,27.92
CA-2017-125913,JO-15145,2017-01-16,Furniture,Tables,7,57.1,0.2,399.67
US-2016-158309,PA-19060,2016-11-26,Office Supplies,Binders,4,0.94,0.7,3.74
CA-2015-162887,SV-20785,2015-11-07,Furniture,Chairs,3,238.4,0.0,715.2
CA-2017-147333,KL-16555,2017-12-14,Technology,Accessories,4,39.95,0.0,159.8
CA-2017-147333,KL-16555,2017-12-14,Technology,Accessories,5,8.95,0.0,44.75
CA-2014-113859,BC-11125,2014-09-13,Furniture,Chairs,6,56.69,0.3,340.12
CA-2014-159681,PO-18850,2014-12-07,Office Supplies,Paper,4,26.38,0.0,105.52
US-2017-104094,AG-10675,2017-09-07,Technology,Accessories,1,13.48,0.0,13.48
CA-2017-152709,DB-13210,2017-10-07,Office Supplies,Storage,2,42.76,0.0,85.52
CA-2015-105158,SP-20860,2015-09-05,Furniture,Furnishings,2,3.08,0.0,6.16
CA-2015-105158,SP-20860,2015-09-05,Office Supplies,Paper,3,12.28,0.0,36.84
CA-2014-133424,Dl-13600,2014-03-30,Office Supplies,Storage,3,5.28,0.0,15.84
CA-2014-133424,Dl-13600,2014-03-30,Office Supplies,Labels,3,14.8,0.0,44.4
CA-2017-105991,LH-17020,2017-05-05,Office Supplies,Envelopes,9,2.36,0.2,21.24
CA-2017-105991,LH-17020,2017-05-05,Office Supplies,Binders,8,1.19,0.7,9.55
CA-2017-105991,LH-17020,2017-05-05,Furniture,Bookcases,3,30.0,0.7,89.99
US-2017-136784,AD-10180,2017-04-30,Office Supplies,Paper,4,40.99,0.0,163.96
CA-2014-146283,KT-16465,2014-09-08,Office Supplies,Paper,2,8.95,0.2,17.9
CA-2014-146283,KT-16465,2014-09-08,Furniture,Chairs,5,193.34,0.3,966.7
CA-2014-146283,KT-16465,2014-09-08,Office Supplies,Paper,6,30.35,0.2,182.11
CA-2017-151218,PJ-19015,2017-06-20,Office Supplies,Storage,1,4.46,0.2,4.46
CA-2015-111073,MC-18100,2015-12-26,Furniture,Tables,1,51.59,0.4,51.59
CA-2017-144883,BO-11350,2017-08-15,Office Supplies,Labels,8,6.3,0.0,50.4
CA-2017-142174,DP-13000,2017-03-04,Office Supplies,Paper,2,44.78,0.2,89.57
CA-2017-108791,TM-21490,2017-07-27,Furniture,Furnishings,1,14.89,0.0,14.89
CA-2017-108791,TM-21490,2017-07-27,Technology,Phones,8,67.99,0.0,543.92
CA-2016-106656,DV-13045,2016-09-23,Office Supplies,Envelopes,2,2.04,0.0,4.08
CA-2016-106656,DV-13045,2016-09-23,Office Supplies,Labels,3,6.3,0.0,18.9
CA-2016-113831,AH-10690,2016-05-30,Furniture,Tables,10,227.55,0.0,2275.5
CA-2016-113831,AH-10690,2016-05-30,Technology,Accessories,6,329.95,0.0,1979.7
CA-2016-113831,AH-10690,2016-05-30,Office Supplies,Labels,6,10.35,0.0,62.1
US-2014-139500,AB-10165,2014-11-16,Furniture,Chairs,2,18.65,0.3,37.3
US-2014-166310,JS-15940,2014-09-21,Furniture,Furnishings,2,4.27,0.6,8.54
US-2016-168410,BV-11245,2016-02-21,Furniture,Furnishings,5,13.79,0.0,68.95
US-2016-168410,BV-11245,2016-02-21,Office Supplies,Storage,3,98.79,0.0,296.37
US-2016-168410,BV-11245,2016-02-21,Technology,Phones,2,19.99,0.0,39.98
CA-2017-131254,NC-18415,2017-11-19,Furniture,Chairs,3,63.69,0.3,191.06
CA-2017-131254,NC-18415,2017-11-19,Office Supplies,Art,5,2.61,0.2,13.04
CA-2017-131254,NC-18415,2017-11-19,Office Supplies,Binders,6,254.2,0.8,1525.19
CA-2016-123414,SU-20665,2016-08-21,Office Supplies,Labels,4,2.3,0.2,9.22
CA-2016-123414,SU-20665,2016-08-21,Office Supplies,Supplies,2,14.02,0.2,28.05
CA-2017-137876,DJ-13510,2017-04-30,Furniture,Furnishings,2,32.48,0.0,64.96
CA-2017-137876,DJ-13510,2017-04-30,Office Supplies,Envelopes,4,7.64,0.0,30.56
CA-2016-154060,DL-12865,2016-05-02,Furniture,Chairs,9,20.78,0.2,187.06
US-2017-162558,Dp-13240,2017-10-02,Furniture,Furnishings,2,5.9,0.2,11.81
US-2017-162558,Dp-13240,2017-10-02,Furniture,Furnishings,1,9.66,0.2,9.66
US-2017-162558,Dp-13240,2017-10-02,Office Supplies,Paper,4,5.18,0.2,20.74
US-2017-162558,Dp-13240,2017-10-02,Office Supplies,Binders,3,9.12,0.7,27.36
US-2017-162558,Dp-13240,2017-10-02,Furniture,Tables,7,330.59,0.4,2314.12
US-2017-162558,Dp-13240,2017-10-02,Office Supplies,Binders,4,8.56,0.7,34.24
US-2017-162558,Dp-13240,2017-10-02,Furniture,Furnishings,2,9.88,0.2,19.76
CA-2017-134439,TM-21010,2017-09-18,Office Supplies,Paper,2,7.98,0.0,15.96
CA-2015-119508,TZ-21580,2015-12-04,Office Supplies,Art,5,3.38,0.0,16.9
CA-2015-119508,TZ-21580,2015-12-04,Furniture,Furnishings,6,4.18,0.0,25.08
CA-2015-152681,SC-20260,2015-01-17,Office Supplies,Art,2,3.34,0.0,6.68
CA-2014-130813,LS-17230,2014-01-06,Office Supplies,Paper,3,6.48,0.0,19.44
CA-2015-120320,MV-18190,2015-03-05,Technology,Phones,2,15.96,0.2,31.92
CA-2016-111941,BD-11620,2016-12-25,Office Supplies,Binders,2,16.78,0.2,33.57
CA-2016-123120,CV-12295,2016-09-04,Furniture,Furnishings,1,63.94,0.0,63.94
CA-2016-123120,CV-12295,2016-09-04,Office Supplies,Binders,5,12.12,0.2,60.6
CA-2016-123120,CV-12295,2016-09-04,Office Supplies,Supplies,4,5.68,0.0,22.72
CA-2014-103331,KB-16315,2014-08-26,Furniture,Furnishings,4,2.67,0.0,10.68
CA-2014-103331,KB-16315,2014-08-26,Office Supplies,Paper,3,5.78,0.0,17.34
CA-2014-103331,KB-16315,2014-08-26,Office Supplies,Paper,1,3.38,0.0,3.38
CA-2015-169278,ME-18010,2015-05-21,Office Supplies,Binders,4,6.74,0.2,26.98
CA-2017-111577,AJ-10780,2017-10-16,Office Supplies,Paper,7,43.97,0.2,307.78
CA-2015-146486,DV-13465,2015-11-09,Office Supplies,Storage,5,48.91,0.0,244.55
CA-2015-146486,DV-13465,2015-11-09,Office Supplies,Envelopes,6,2.04,0.0,12.24
CA-2015-146486,DV-13465,2015-11-09,Technology,Accessories,2,6.99,0.0,13.98
CA-2015-146486,DV-13465,2015-11-09,Technology,Accessories,5,179.99,0.0,899.95
US-2014-168501,JK-15325,2014-11-21,Office Supplies,Envelopes,1,1.63,0.2,1.63
US-2014-168501,JK-15325,2014-11-21,Technology,Phones,5,53.59,0.2,267.96
CA-2015-112053,SH-20395,2015-10-11,Technology,Accessories,1,31.95,0.0,31.95
CA-2017-108539,SC-20725,2017-03-21,Office Supplies,Storage,4,181.46,0.0,725.84
CA-2017-108539,SC-20725,2017-03-21,Office Supplies,Binders,3,3.63,0.2,10.9
CA-2017-108539,SC-20725,2017-03-21,Office Supplies,Binders,2,4.27,0.2,8.54
CA-2015-149811,CS-12250,2015-01-04,Office Supplies,Binders,3,10.78,0.0,32.34
CA-2015-149811,CS-12250,2015-01-04,Office Supplies,Paper,5,7.98,0.0,39.9
US-2017-103814,LH-16900,2017-12-09,Office Supplies,Paper,9,15.98,0.2,143.86
CA-2016-123932,YC-21895,2016-09-06,Office Supplies,Paper,4,10.48,0.2,41.92
CA-2016-123932,YC-21895,2016-09-06,Technology,Phones,2,164.79,0.2,329.58
US-2016-101616,CY-12745,2016-09-03,Office Supplies,Binders,8,10.91,0.0,87.28
CA-2014-113768,AH-10030,2014-05-13,Furniture,Chairs,6,46.58,0.2,279.46
CA-2014-113768,AH-10030,2014-05-13,Office Supplies,Paper,2,4.0,0.0,8.0
CA-2016-138037,AR-10540,2016-09-29,Office Supplies,Binders,5,5.45,0.2,27.24
CA-2014-150490,SS-20590,2014-08-05,Technology,Accessories,1,16.36,0.0,16.36
CA-2014-150490,SS-20590,2014-08-05,Office Supplies,Storage,2,7.89,0.0,15.78
CA-2014-150490,SS-20590,2014-08-05,Office Supplies,Art,2,22.99,0.0,45.98
US-2017-126060,DW-13585,2017-04-14,Furniture,Bookcases,8,24.78,0.2,198.27
CA-2017-100951,NC-18625,2017-06-09,Office Supplies,Storage,5,144.15,0.2,720.76
CA-2016-122017,CD-11920,2016-12-29,Furniture,Furnishings,6,11.76,0.0,70.56
CA-2016-122017,CD-11920,2016-12-29,Office Supplies,Appliances,2,40.98,0.0,81.96
CA-2014-123477,DW-13195,2014-01-18,Office Supplies,Appliances,4,16.22,0.2,64.86
CA-2016-107790,EH-13990,2016-11-20,Technology,Phones,1,151.19,0.2,151.19
CA-2017-158071,BD-11320,2017-06-10,Technology,Phones,3,29.59,0.2,88.78
CA-2017-158071,BD-11320,2017-06-10,Office Supplies,Labels,4,2.89,0.0,11.56
CA-2017-158071,BD-11320,2017-06-10,Office Supplies,Storage,1,15.58,0.0,15.58
CA-2017-147403,KH-16630,2017-09-10,Office Supplies,Paper,3,28.35,0.2,85.06
US-2017-136721,NH-18610,2017-04-08,Furniture,Furnishings,2,136.98,0.0,273.96
US-2017-136721,NH-18610,2017-04-08,Furniture,Furnishings,3,102.3,0.0,306.9
CA-2015-118738,AG-10495,2015-10-24,Office Supplies,Paper,3,5.18,0.2,15.55
CA-2015-118738,AG-10495,2015-10-24,Furniture,Tables,7,49.62,0.3,347.36
CA-2015-118738,AG-10495,2015-10-24,Office Supplies,Paper,2,5.18,0.2,10.37
CA-2017-134152,RP-19855,2017-05-27,Technology,Accessories,6,16.36,0.0,98.16
CA-2017-134152,RP-19855,2017-05-27,Office Supplies,Art,3,10.48,0.0,31.44
CA-2014-125542,NB-18655,2014-12-05,Office Supplies,Envelopes,7,49.78,0.2,348.49
CA-2014-125542,NB-18655,2014-12-05,Office Supplies,Storage,4,43.18,0.2,172.74
CA-2016-136021,JM-15580,2016-08-14,Office Supplies,Paper,3,5.18,0.0,15.54
CA-2016-136021,JM-15580,2016-08-14,Technology,Machines,6,17.59,0.2,105.55
CA-2016-149195,DM-13525,2016-09-05,Office Supplies,Paper,5,5.18,0.2,25.92
CA-2016-149195,DM-13525,2016-09-05,Office Supplies,Fasteners,8,1.98,0.2,15.81
CA-2016-149195,DM-13525,2016-09-05,Office Supplies,Paper,2,5.18,0.2,10.37
CA-2017-161410,CC-12220,2017-06-26,Technology,Phones,3,119.4,0.4,358.2
CA-2017-161410,CC-12220,2017-06-26,Technology,Phones,14,38.99,0.4,545.92
CA-2017-152786,GA-14725,2017-03-12,Office Supplies,Binders,9,4.49,0.0,40.41
CA-2017-164707,CV-12805,2017-02-18,Technology,Phones,3,55.99,0.2,167.98
CA-2017-164707,CV-12805,2017-02-18,Technology,Accessories,3,36.51,0.0,109.53
CA-2017-164707,CV-12805,2017-02-18,Office Supplies,Labels,2,4.91,0.0,9.82
CA-2017-163874,NC-18535,2017-11-10,Office Supplies,Binders,3,8.78,0.2,26.35
US-2014-123183,GR-14560,2014-11-19,Office Supplies,Labels,6,3.75,0.0,22.5
US-2014-123183,GR-14560,2014-11-19,Office Supplies,Labels,2,4.98,0.0,9.96
US-2014-123183,GR-14560,2014-11-19,Office Supplies,Binders,7,30.44,0.0,213.08
US-2014-123183,GR-14560,2014-11-19,Furniture,Bookcases,6,170.98,0.0,1025.88
CA-2014-104829,JG-15805,2014-11-18,Office Supplies,Paper,7,3.14,0.0,21.98
US-2016-147340,EB-13750,2016-09-24,Furniture,Furnishings,5,12.64,0.0,63.2
CA-2016-145492,MC-17605,2016-11-20,Office Supplies,Appliances,12,3.25,0.0,39.0
CA-2016-163202,BM-11650,2016-09-27,Office Supplies,Binders,3,0.97,0.7,2.91
CA-2016-117681,HF-14995,2016-04-09,Furniture,Bookcases,5,111.33,0.15,556.66
CA-2017-132262,ML-18265,2017-09-21,Technology,Accessories,2,35.99,0.0,71.98
CA-2017-132262,ML-18265,2017-09-21,Technology,Accessories,2,39.99,0.0,79.98
CA-2017-123043,AH-10195,2017-08-24,Office Supplies,Binders,4,6.17,0.2,24.67
CA-2017-123043,AH-10195,2017-08-24,Office Supplies,Binders,1,3.74,0.2,3.74
US-2016-143280,TZ-21580,2016-02-22,Technology,Phones,5,89.19,0.2,445.96
US-2016-143280,TZ-21580,2016-02-22,Technology,Accessories,1,36.24,0.0,36.24
US-2016-143280,TZ-21580,2016-02-22,Office Supplies,Fasteners,3,3.55,0.0,10.65
CA-2017-108854,DM-13345,2017-12-08,Office Supplies,Paper,4,21.98,0.0,87.92
CA-2017-108854,DM-13345,2017-12-08,Office Supplies,Binders,1,22.42,0.2,22.42
CA-2017-108854,DM-13345,2017-12-08,Office Supplies,Binders,3,30.16,0.2,90.48
CA-2017-108854,DM-13345,2017-12-08,Office Supplies,Storage,1,42.76,0.0,42.76
CA-2017-166856,TS-21505,2017-09-18,Office Supplies,Binders,7,1.44,0.2,10.08
CA-2017-166856,TS-21505,2017-09-18,Technology,Accessories,3,33.78,0.0,101.34
CA-2016-153157,TB-21625,2016-09-11,Technology,Phones,5,44.95,0.0,224.75
US-2017-125647,LC-16870,2017-09-23,Office Supplies,Appliances,6,12.2,0.8,73.18
US-2017-125647,LC-16870,2017-09-23,Office Supplies,Paper,4,5.18,0.2,20.74
US-2017-125647,LC-16870,2017-09-23,Technology,Phones,2,19.99,0.2,39.98
CA-2014-132542,AM-10360,2014-10-06,Office Supplies,Binders,2,7.68,0.0,15.36
CA-2015-110877,JE-15715,2015-10-23,Office Supplies,Paper,7,5.18,0.2,36.29
CA-2015-110877,JE-15715,2015-10-23,Technology,Phones,2,75.19,0.2,150.38
US-2016-151827,CS-11950,2016-03-31,Technology,Phones,3,93.59,0.4,280.78
US-2016-151827,CS-11950,2016-03-31,Technology,Accessories,2,15.99,0.2,31.98
US-2016-163258,PF-19225,2016-12-29,Office Supplies,Binders,3,3.74,0.2,11.23
CA-2017-103009,PJ-18835,2017-11-03,Office Supplies,Paper,5,5.28,0.0,26.4
US-2017-120649,JF-15490,2017-01-20,Office Supplies,Art,2,1.76,0.0,3.52
CA-2016-153598,NM-18520,2016-12-03,Technology,Accessories,5,329.99,0.0,1649.95
CA-2016-153598,NM-18520,2016-12-03,Furniture,Furnishings,6,18.65,0.0,111.9
US-2016-108497,MH-17290,2016-06-14,Furniture,Bookcases,5,119.83,0.15,599.16
CA-2016-113096,SZ-20035,2016-09-02,Office Supplies,Storage,3,15.51,0.0,46.53
CA-2014-136861,PR-18880,2014-09-05,Furniture,Furnishings,2,15.99,0.2,31.98
CA-2017-117422,FC-14245,2017-10-21,Office Supplies,Appliances,2,80.78,0.2,161.57
CA-2017-117422,FC-14245,2017-10-21,Office Supplies,Paper,1,4.06,0.2,4.06
CA-2017-117422,FC-14245,2017-10-21,Office Supplies,Binders,4,1.55,0.7,6.22
CA-2017-129707,LH-16750,2017-04-25,Office Supplies,Art,4,2.22,0.2,8.9
CA-2015-160171,RM-19675,2015-10-19,Office Supplies,Appliances,5,328.14,0.0,1640.7
CA-2015-160171,RM-19675,2015-10-19,Technology,Accessories,3,90.0,0.0,270.0
CA-2014-103317,DM-13525,2014-07-05,Furniture,Furnishings,2,9.76,0.2,19.52
CA-2014-103317,DM-13525,2014-07-05,Office Supplies,Binders,5,1.96,0.7,9.81
CA-2014-103317,DM-13525,2014-07-05,Furniture,Furnishings,3,71.07,0.2,213.22
CA-2016-167115,EH-14185,2016-04-04,Office Supplies,Binders,2,294.39,0.2,588.78
US-2017-153633,TC-21295,2017-11-13,Office Supplies,Art,1,2.06,0.2,2.06
CA-2017-155929,AI-10855,2017-09-09,Office Supplies,Paper,2,3.18,0.2,6.37
CA-2015-148712,JM-15535,2015-04-17,Technology,Accessories,1,99.6,0.0,99.6
CA-2015-148712,JM-15535,2015-04-17,Office Supplies,Binders,13,4.79,0.2,62.3
CA-2015-148712,JM-15535,2015-04-17,Office Supplies,Art,3,3.57,0.0,10.71
CA-2016-128307,BE-11335,2016-07-25,Office Supplies,Envelopes,1,20.94,0.2,20.94
US-2016-127425,DR-12880,2016-08-26,Technology,Phones,6,5.5,0.0,33.0
US-2016-127425,DR-12880,2016-08-26,Technology,Accessories,5,49.99,0.0,249.95
US-2014-119081,TA-21385,2014-09-12,Office Supplies,Supplies,3,119.31,0.0,357.93
US-2014-119081,TA-21385,2014-09-12,Technology,Accessories,5,11.48,0.0,57.4
US-2014-119081,TA-21385,2014-09-12,Office Supplies,Binders,2,165.98,0.0,331.96
US-2014-119081,TA-21385,2014-09-12,Furniture,Furnishings,2,20.28,0.0,40.56
CA-2016-140613,KN-16705,2016-07-22,Office Supplies,Supplies,5,17.24,0.0,86.2
US-2017-108700,PJ-18835,2017-05-19,Office Supplies,Paper,6,6.34,0.2,38.02
CA-2017-160962,MC-17605,2017-04-28,Office Supplies,Storage,1,8.38,0.2,8.38
CA-2017-160962,MC-17605,2017-04-28,Office Supplies,Art,2,3.42,0.2,6.85
CA-2017-130631,BS-11755,2017-12-29,Office Supplies,Fasteners,5,3.92,0.0,19.6
CA-2017-130631,BS-11755,2017-12-29,Furniture,Furnishings,2,34.23,0.0,68.46
CA-2017-116680,PK-19075,2017-09-04,Office Supplies,Binders,6,2.22,0.2,13.34
CA-2017-116680,PK-19075,2017-09-04,Furniture,Tables,8,184.78,0.2,1478.27
US-2014-107405,TS-21205,2014-03-21,Office Supplies,Storage,1,16.27,0.2,16.27
CA-2017-101574,BD-11725,2017-09-28,Furniture,Furnishings,3,3.08,0.0,9.24
CA-2014-146591,TS-21340,2014-01-19,Office Supplies,Binders,10,3.23,0.7,32.34
CA-2014-146591,TS-21340,2014-01-19,Office Supplies,Paper,4,14.02,0.2,56.06
CA-2014-146591,TS-21340,2014-01-19,Office Supplies,Envelopes,5,21.74,0.2,108.72
CA-2014-146591,TS-21340,2014-01-19,Furniture,Bookcases,5,36.29,0.7,181.47
CA-2014-107706,ST-20530,2014-02-14,Office Supplies,Paper,3,5.39,0.2,16.18
CA-2016-122448,DB-13210,2016-06-09,Furniture,Chairs,3,40.78,0.2,122.35
CA-2014-132451,KF-16285,2014-09-26,Furniture,Chairs,3,195.18,0.2,585.55
CA-2014-132451,KF-16285,2014-09-26,Office Supplies,Paper,3,6.48,0.0,19.44
CA-2016-158547,JM-16195,2016-05-30,Office Supplies,Appliances,5,24.78,0.2,123.92
CA-2017-116946,TS-21505,2017-12-19,Furniture,Furnishings,5,2.67,0.2,13.36
CA-2017-116946,TS-21505,2017-12-19,Office Supplies,Storage,2,39.13,0.2,78.26
CA-2017-116946,TS-21505,2017-12-19,Furniture,Bookcases,7,14.57,0.7,102.02
CA-2017-121741,YC-21895,2017-12-26,Office Supplies,Storage,2,375.34,0.0,750.68
CA-2017-169691,Dp-13240,2017-06-15,Office Supplies,Labels,3,14.8,0.0,44.4
CA-2017-169691,Dp-13240,2017-06-15,Office Supplies,Storage,5,16.91,0.0,84.55
CA-2017-169691,Dp-13240,2017-06-15,Office Supplies,Paper,3,5.98,0.0,17.94
CA-2016-121356,SJ-20500,2016-11-20,Office Supplies,Binders,3,42.8,0.0,128.4
CA-2014-101770,KB-16240,2014-03-31,Office Supplies,Binders,1,1.87,0.7,1.87
CA-2017-105487,CS-12250,2017-10-08,Technology,Phones,1,103.19,0.2,103.19
CA-2017-105487,CS-12250,2017-10-08,Technology,Accessories,2,18.0,0.0,36.0
CA-2017-105487,CS-12250,2017-10-08,Technology,Accessories,4,59.99,0.0,239.96
CA-2017-105487,CS-12250,2017-10-08,Office Supplies,Storage,2,20.34,0.0,40.68
CA-2017-148999,EB-13870,2017-01-30,Furniture,Chairs,4,104.78,0.2,419.14
CA-2014-107573,PB-19150,2014-12-12,Office Supplies,Envelopes,3,7.82,0.2,23.47
CA-2015-156608,MT-18070,2015-10-24,Office Supplies,Binders,4,0.9,0.8,3.59
CA-2017-134495,BF-11020,2017-04-01,Technology,Phones,3,7.99,0.2,23.98
CA-2017-134495,BF-11020,2017-04-01,Office Supplies,Labels,3,2.09,0.2,6.26
CA-2017-134495,BF-11020,2017-04-01,Office Supplies,Appliances,3,6.94,0.2,20.81
CA-2017-134495,BF-11020,2017-04-01,Furniture,Chairs,3,72.78,0.2,218.35
CA-2017-164098,CG-12520,2017-01-26,Office Supplies,Storage,2,9.08,0.2,18.16
CA-2014-105249,DH-13675,2014-11-28,Office Supplies,Supplies,2,3.68,0.0,7.36
CA-2014-105249,DH-13675,2014-11-28,Office Supplies,Labels,4,10.35,0.0,41.4
CA-2014-105249,DH-13675,2014-11-28,Furniture,Bookcases,4,102.83,0.15,411.33
CA-2015-113523,SC-20440,2015-09-04,Office Supplies,Binders,4,1.91,0.7,7.66
CA-2017-117821,HG-15025,2017-06-12,Technology,Accessories,2,31.96,0.2,63.92
CA-2017-164378,MM-18055,2017-07-15,Office Supplies,Art,2,3.28,0.0,6.56
CA-2017-164378,MM-18055,2017-07-15,Office Supplies,Labels,3,2.61,0.0,7.83
CA-2017-164378,MM-18055,2017-07-15,Technology,Accessories,2,20.95,0.0,41.9
CA-2017-164378,MM-18055,2017-07-15,Furniture,Chairs,6,110.69,0.1,664.15
CA-2017-164378,MM-18055,2017-07-15,Office Supplies,Paper,2,4.48,0.0,8.96
CA-2017-127782,TH-21115,2017-11-02,Furniture,Furnishings,1,3.31,0.2,3.31
CA-2017-127782,TH-21115,2017-11-02,Office Supplies,Appliances,3,6.71,0.2,20.14
CA-2017-127782,TH-21115,2017-11-02,Office Supplies,Envelopes,3,2.95,0.2,8.86
CA-2017-127782,TH-21115,2017-11-02,Technology,Phones,4,214.8,0.4,859.2
US-2016-162026,JE-15745,2016-10-08,Office Supplies,Paper,2,30.98,0.0,61.96
CA-2016-150000,PG-18820,2016-04-08,Office Supplies,Envelopes,4,4.48,0.0,17.92
CA-2015-168529,MB-17305,2015-10-08,Furniture,Furnishings,5,29.18,0.0,145.9
US-2017-152569,JD-16015,2017-05-15,Office Supplies,Paper,2,28.35,0.2,56.7
US-2017-152569,JD-16015,2017-05-15,Technology,Phones,2,5.56,0.2,11.12
US-2014-137680,JH-15430,2014-02-24,Office Supplies,Paper,4,8.22,0.2,32.9
US-2014-137680,JH-15430,2014-02-24,Office Supplies,Paper,3,7.59,0.2,22.78
CA-2015-103177,EN-13780,2015-05-30,Technology,Phones,3,79.99,0.0,239.97
CA-2015-103177,EN-13780,2015-05-30,Office Supplies,Appliances,2,80.16,0.0,160.32
CA-2015-103177,EN-13780,2015-05-30,Technology,Phones,3,42.95,0.0,128.85
US-2016-138408,KC-16255,2016-11-18,Technology,Accessories,4,329.99,0.0,1319.96
CA-2017-117667,MS-17980,2017-12-04,Furniture,Chairs,10,24.0,0.3,239.96
CA-2017-117667,MS-17980,2017-12-04,Furniture,Furnishings,2,27.38,0.2,54.77
CA-2017-117667,MS-17980,2017-12-04,Office Supplies,Art,3,4.46,0.2,13.39
CA-2017-117667,MS-17980,2017-12-04,Office Supplies,Paper,5,4.78,0.2,23.92
CA-2017-117667,MS-17980,2017-12-04,Technology,Accessories,4,63.99,0.2,255.97
CA-2016-110982,CK-12205,2016-06-05,Office Supplies,Binders,6,3.59,0.2,21.55
CA-2016-110982,CK-12205,2016-06-05,Office Supplies,Appliances,4,14.56,0.0,58.24
CA-2016-147123,SJ-20125,2016-12-10,Office Supplies,Paper,12,6.69,0.0,80.28
CA-2017-154501,EA-14035,2017-04-30,Office Supplies,Art,2,4.89,0.0,9.78
CA-2017-166933,MG-17890,2017-04-24,Office Supplies,Fasteners,1,1.81,0.0,1.81
CA-2015-142055,AB-10255,2015-05-08,Office Supplies,Paper,2,18.97,0.0,37.94
CA-2015-137106,SC-20260,2015-03-31,Technology,Phones,5,15.99,0.2,79.96
CA-2017-136609,TB-21355,2017-08-06,Office Supplies,Paper,3,38.43,0.2,115.3
CA-2017-160885,JK-16090,2017-12-02,Technology,Phones,4,619.99,0.0,2479.96
US-2016-167472,CK-12595,2016-06-06,Technology,Accessories,6,29.99,0.0,179.94
US-2016-167472,CK-12595,2016-06-06,Technology,Accessories,3,8.95,0.0,26.85
US-2016-167472,CK-12595,2016-06-06,Technology,Accessories,3,107.79,0.0,323.37
US-2016-167472,CK-12595,2016-06-06,Office Supplies,Paper,3,19.98,0.0,59.94
US-2016-167472,CK-12595,2016-06-06,Office Supplies,Binders,3,21.38,0.0,64.14
US-2016-167472,CK-12595,2016-06-06,Office Supplies,Binders,3,3.89,0.0,11.67
US-2016-167472,CK-12595,2016-06-06,Office Supplies,Paper,2,6.48,0.0,12.96
CA-2015-120551,SS-20590,2015-04-13,Office Supplies,Binders,3,5.81,0.0,17.43
US-2017-150595,LE-16810,2017-05-22,Furniture,Chairs,2,90.99,0.3,181.99
US-2017-150595,LE-16810,2017-05-22,Office Supplies,Binders,2,0.8,0.8,1.59
US-2017-150595,LE-16810,2017-05-22,Office Supplies,Supplies,3,7.45,0.2,22.34
CA-2016-134936,ES-14080,2016-12-19,Furniture,Tables,6,76.0,0.5,455.97
CA-2016-134936,ES-14080,2016-12-19,Office Supplies,Binders,6,1.74,0.7,10.44
CA-2016-134936,ES-14080,2016-12-19,Office Supplies,Binders,2,2.61,0.7,5.21
CA-2017-102967,MG-17890,2017-09-22,Office Supplies,Storage,5,13.48,0.0,67.4
CA-2017-151008,JM-16195,2017-09-07,Furniture,Furnishings,2,12.58,0.0,25.16
CA-2017-151008,JM-16195,2017-09-07,Technology,Phones,4,31.64,0.2,126.56
CA-2014-159800,SG-20470,2014-11-28,Office Supplies,Appliances,3,14.56,0.0,43.68
CA-2014-159800,SG-20470,2014-11-28,Technology,Accessories,7,19.99,0.0,139.93
US-2014-159618,DB-12970,2014-11-12,Office Supplies,Art,1,2.67,0.2,2.67
US-2014-159618,DB-12970,2014-11-12,Office Supplies,Supplies,6,2.78,0.2,16.66
US-2014-159618,DB-12970,2014-11-12,Technology,Accessories,3,26.5,0.2,79.51
US-2014-159618,DB-12970,2014-11-12,Office Supplies,Paper,7,5.18,0.2,36.29
US-2014-159618,DB-12970,2014-11-12,Furniture,Bookcases,1,67.99,0.32,67.99
CA-2017-116113,JW-15220,2017-10-02,Furniture,Furnishings,2,5.08,0.0,10.16
CA-2015-125066,KD-16495,2015-12-14,Furniture,Furnishings,2,3.08,0.0,6.16
CA-2015-125066,KD-16495,2015-12-14,Office Supplies,Art,2,28.15,0.0,56.3
US-2015-114741,IL-15100,2015-12-06,Office Supplies,Paper,1,6.48,0.0,6.48
US-2015-114741,IL-15100,2015-12-06,Office Supplies,Storage,5,265.17,0.0,1325.85
US-2015-114741,IL-15100,2015-12-06,Office Supplies,Labels,3,4.98,0.0,14.94
CA-2017-133263,JE-15610,2017-03-31,Office Supplies,Binders,1,34.54,0.0,34.54
CA-2017-133263,JE-15610,2017-03-31,Technology,Copiers,5,599.99,0.0,2999.95
CA-2017-133263,JE-15610,2017-03-31,Office Supplies,Binders,4,16.03,0.0,64.12
CA-2017-157966,SU-20665,2017-03-13,Office Supplies,Art,4,4.86,0.2,19.46
CA-2017-157966,SU-20665,2017-03-13,Technology,Machines,2,104.99,0.3,209.99
CA-2017-157966,SU-20665,2017-03-13,Office Supplies,Art,5,5.95,0.2,29.76
CA-2017-157966,SU-20665,2017-03-13,Furniture,Chairs,1,89.77,0.3,89.77
CA-2017-157966,SU-20665,2017-03-13,Technology,Copiers,2,479.99,0.2,959.98
CA-2017-157966,SU-20665,2017-03-13,Office Supplies,Paper,3,5.18,0.2,15.55
CA-2017-157966,SU-20665,2017-03-13,Technology,Phones,1,34.36,0.2,34.36
CA-2014-151162,EA-14035,2014-12-05,Office Supplies,Paper,3,32.79,0.2,98.38
CA-2014-151162,EA-14035,2014-12-05,Office Supplies,Binders,4,7.48,0.7,29.94
CA-2014-151162,EA-14035,2014-12-05,Office Supplies,Paper,3,5.82,0.2,17.47
CA-2014-151162,EA-14035,2014-12-05,Technology,Phones,1,36.74,0.4,36.74
CA-2014-151162,EA-14035,2014-12-05,Technology,Phones,2,89.97,0.4,179.94
CA-2016-136686,RF-19840,2016-12-12,Furniture,Furnishings,6,63.94,0.0,383.64
CA-2016-136686,RF-19840,2016-12-12,Office Supplies,Appliances,3,18.84,0.0,56.52
CA-2017-137498,LC-17050,2017-09-09,Office Supplies,Art,2,3.28,0.0,6.56
CA-2017-137498,LC-17050,2017-09-09,Furniture,Chairs,5,48.78,0.2,243.92
CA-2017-137498,LC-17050,2017-09-09,Office Supplies,Paper,9,5.28,0.0,47.52
CA-2017-163818,PS-18970,2017-10-04,Furniture,Furnishings,1,19.98,0.0,19.98
CA-2016-161158,PS-18970,2016-05-09,Office Supplies,Art,5,1.6,0.0,8.0
CA-2014-116673,JO-15280,2014-12-15,Furniture,Furnishings,2,3.08,0.0,6.16
CA-2017-105333,VP-21730,2017-11-30,Office Supplies,Storage,4,20.89,0.0,83.56
CA-2017-105333,VP-21730,2017-11-30,Technology,Phones,3,182.02,0.0,546.06
CA-2017-105333,VP-21730,2017-11-30,Office Supplies,Storage,3,89.83,0.0,269.49
CA-2015-149993,GA-14725,2015-03-19,Office Supplies,Fasteners,5,2.18,0.0,10.9
CA-2014-168158,EM-14140,2014-07-19,Office Supplies,Binders,2,3.05,0.2,6.1
CA-2016-115224,DB-13615,2016-12-08,Office Supplies,Storage,3,11.35,0.0,34.05
CA-2016-115224,DB-13615,2016-12-08,Office Supplies,Storage,2,176.19,0.0,352.38
CA-2014-164742,ML-17395,2014-10-13,Furniture,Chairs,2,122.99,0.0,245.98
CA-2014-164742,ML-17395,2014-10-13,Office Supplies,Binders,1,18.94,0.0,18.94
US-2017-108014,JH-15430,2017-11-19,Office Supplies,Binders,7,8.56,0.7,59.91
CA-2017-160325,BP-11095,2017-09-24,Technology,Phones,2,195.99,0.0,391.98
CA-2017-160325,BP-11095,2017-09-24,Technology,Phones,3,145.95,0.0,437.85
CA-2015-159779,SB-20185,2015-09-25,Office Supplies,Binders,2,34.31,0.0,68.62
CA-2017-151176,SV-20785,2017-02-13,Office Supplies,Supplies,3,8.34,0.0,25.02
CA-2017-151176,SV-20785,2017-02-13,Office Supplies,Art,3,3.57,0.0,10.71
CA-2014-108903,DO-13435,2014-10-03,Office Supplies,Art,2,27.99,0.2,55.98
CA-2014-108903,DO-13435,2014-10-03,Office Supplies,Envelopes,5,2.9,0.2,14.48
CA-2014-108903,DO-13435,2014-10-03,Technology,Accessories,3,47.5,0.2,142.49
CA-2016-117919,TB-21355,2016-08-27,Office Supplies,Storage,1,14.16,0.2,14.16
CA-2016-117919,TB-21355,2016-08-27,Office Supplies,Paper,5,15.98,0.2,79.92
CA-2015-142475,BS-11380,2015-12-03,Office Supplies,Binders,6,98.39,0.2,590.35
CA-2016-134516,FM-14215,2016-09-20,Furniture,Furnishings,2,8.54,0.2,17.09
CA-2016-134516,FM-14215,2016-09-20,Furniture,Chairs,1,98.39,0.2,98.39
CA-2017-105193,JL-15835,2017-03-25,Office Supplies,Art,5,2.21,0.0,11.05
CA-2015-168634,AF-10870,2015-12-06,Office Supplies,Appliances,2,3.89,0.0,7.78
CA-2017-117198,BG-11035,2017-08-31,Technology,Accessories,2,329.95,0.0,659.9
CA-2015-145828,MB-17305,2015-10-05,Technology,Accessories,3,17.68,0.2,53.04
CA-2017-121027,HW-14935,2017-08-18,Technology,Accessories,2,421.95,0.0,843.9
CA-2017-121027,HW-14935,2017-08-18,Technology,Accessories,9,166.24,0.0,1496.16
CA-2016-147431,AB-10105,2016-02-02,Office Supplies,Storage,2,58.98,0.0,117.96
CA-2016-158001,JP-15460,2016-08-23,Office Supplies,Art,5,4.26,0.0,21.3
CA-2016-158001,JP-15460,2016-08-23,Office Supplies,Appliances,5,208.16,0.0,1040.8
CA-2016-158001,JP-15460,2016-08-23,Office Supplies,Art,6,4.89,0.0,29.34
CA-2017-125745,DV-13045,2017-06-30,Furniture,Furnishings,2,9.76,0.2,19.52
CA-2015-101154,CM-12190,2015-09-18,Office Supplies,Storage,4,110.98,0.0,443.92
US-2016-124163,SC-20695,2016-09-25,Technology,Accessories,5,99.99,0.0,499.95
US-2016-124163,SC-20695,2016-09-25,Office Supplies,Art,1,3.04,0.0,3.04
US-2016-124163,SC-20695,2016-09-25,Furniture,Chairs,2,100.98,0.0,201.96
US-2016-124163,SC-20695,2016-09-25,Furniture,Furnishings,11,6.24,0.0,68.64
CA-2016-121748,VW-21775,2016-10-24,Technology,Accessories,4,25.0,0.0,100.0
CA-2016-121748,VW-21775,2016-10-24,Technology,Accessories,2,179.99,0.0,359.98
CA-2014-126683,PP-18955,2014-09-29,Furniture,Furnishings,2,3.08,0.0,6.16
CA-2014-126683,PP-18955,2014-09-29,Furniture,Tables,9,260.98,0.0,2348.82
CA-2017-148810,DR-12880,2017-06-26,Office Supplies,Labels,6,2.31,0.2,13.87
CA-2017-148810,DR-12880,2017-06-26,Furniture,Chairs,3,91.18,0.2,273.55
US-2016-146066,RB-19465,2016-08-21,Furniture,Tables,9,90.59,0.4,815.29
CA-2014-127614,NF-18385,2014-02-11,Technology,Accessories,3,78.15,0.0,234.45
CA-2014-127614,NF-18385,2014-02-11,Furniture,Tables,6,209.37,0.0,1256.22
CA-2014-127614,NF-18385,2014-02-11,Office Supplies,Binders,2,8.73,0.0,17.46
CA-2016-101742,CR-12580,2016-09-23,Office Supplies,Binders,7,1.5,0.2,10.53
CA-2015-134943,SU-20665,2015-12-05,Office Supplies,Binders,5,30.56,0.0,152.8
CA-2017-123022,SC-20050,2017-09-03,Office Supplies,Binders,5,16.51,0.2,82.56
CA-2017-123022,SC-20050,2017-09-03,Technology,Accessories,3,94.99,0.0,284.97
CA-2017-113208,ML-18040,2017-03-26,Furniture,Furnishings,3,20.28,0.0,60.84
CA-2014-154893,GM-14440,2014-12-21,Furniture,Chairs,6,220.96,0.2,1325.76
CA-2014-154893,GM-14440,2014-12-21,Furniture,Chairs,3,190.72,0.2,572.16
CA-2014-147900,JK-15640,2014-09-23,Office Supplies,Paper,9,3.2,0.2,28.8
CA-2017-106355,AT-10435,2017-04-02,Office Supplies,Art,4,2.78,0.0,11.12
CA-2016-127985,DB-12910,2016-04-01,Furniture,Furnishings,4,1.76,0.0,7.04
CA-2015-166604,AH-10690,2015-05-15,Office Supplies,Envelopes,3,5.98,0.0,17.94
CA-2017-120719,SJ-20125,2017-03-23,Office Supplies,Binders,5,6.95,0.2,34.76
CA-2017-127117,HM-14860,2017-04-14,Furniture,Furnishings,5,14.89,0.0,74.45
CA-2015-104241,AG-10495,2015-01-04,Furniture,Furnishings,14,13.73,0.0,192.22
CA-2017-168179,JB-16000,2017-11-02,Office Supplies,Paper,3,6.48,0.0,19.44
CA-2017-142342,AJ-10795,2017-07-17,Office Supplies,Paper,5,6.48,0.0,32.4
CA-2017-142342,AJ-10795,2017-07-17,Office Supplies,Envelopes,5,11.58,0.0,57.9
CA-2017-142342,AJ-10795,2017-07-17,Office Supplies,Storage,2,5.28,0.0,10.56
CA-2017-142342,AJ-10795,2017-07-17,Furniture,Bookcases,5,238.83,0.15,1194.16
CA-2017-109099,MM-18280,2017-10-06,Office Supplies,Paper,1,40.99,0.0,40.99
US-2014-134187,TH-21235,2014-11-04,Office Supplies,Art,1,2.94,0.0,2.94
CA-2016-145261,AH-10120,2016-12-18,Office Supplies,Binders,4,11.31,0.7,45.24
CA-2016-145261,AH-10120,2016-12-18,Office Supplies,Art,4,4.67,0.2,18.69
CA-2016-145261,AH-10120,2016-12-18,Office Supplies,Paper,2,5.82,0.2,11.65
CA-2016-145261,AH-10120,2016-12-18,Technology,Accessories,3,37.59,0.2,112.78
CA-2016-145261,AH-10120,2016-12-18,Furniture,Tables,5,75.49,0.5,377.45
CA-2016-145261,AH-10120,2016-12-18,Office Supplies,Labels,4,3.98,0.2,15.94
CA-2016-145261,AH-10120,2016-12-18,Technology,Phones,3,9.56,0.2,28.68
CA-2016-108875,CL-12700,2016-09-24,Furniture,Furnishings,2,10.72,0.2,21.44
CA-2016-108875,CL-12700,2016-09-24,Office Supplies,Storage,9,56.78,0.2,511.06
CA-2016-141957,JG-15310,2016-07-21,Office Supplies,Art,2,9.33,0.2,18.66
CA-2016-141957,JG-15310,2016-07-21,Office Supplies,Binders,7,1.58,0.7,11.09
CA-2016-141957,JG-15310,2016-07-21,Office Supplies,Storage,1,66.69,0.2,66.69
CA-2016-141957,JG-15310,2016-07-21,Office Supplies,Storage,2,49.74,0.2,99.49
CA-2016-142405,SE-20110,2016-06-11,Office Supplies,Labels,2,7.31,0.0,14.62
CA-2016-142405,SE-20110,2016-06-11,Office Supplies,Binders,14,3.86,0.2,53.98
CA-2016-142405,SE-20110,2016-06-11,Technology,Accessories,3,129.99,0.0,389.97
CA-2015-141012,TG-21640,2015-06-09,Furniture,Furnishings,4,88.84,0.0,355.36
CA-2015-141012,TG-21640,2015-06-09,Technology,Phones,3,46.79,0.2,140.38
CA-2017-127922,SH-19975,2017-10-27,Office Supplies,Envelopes,2,7.92,0.2,15.84
CA-2017-127922,SH-19975,2017-10-27,Office Supplies,Paper,2,4.22,0.2,8.45
CA-2016-146318,MC-17275,2016-01-22,Office Supplies,Paper,2,6.48,0.0,12.96
CA-2014-135993,PJ-18835,2014-05-28,Technology,Phones,6,9.57,0.2,57.41
CA-2014-135993,PJ-18835,2014-05-28,Technology,Accessories,4,6.9,0.0,27.6
CA-2014-126802,ZC-21910,2014-12-29,Furniture,Furnishings,3,12.99,0.6,38.98
CA-2016-143924,SC-20680,2016-07-28,Office Supplies,Fasteners,7,2.92,0.0,20.44
CA-2016-143924,SC-20680,2016-07-28,Office Supplies,Paper,2,54.96,0.0,109.92
CA-2016-141551,BP-11230,2016-09-24,Office Supplies,Binders,1,6.38,0.0,6.38
CA-2016-141551,BP-11230,2016-09-24,Office Supplies,Paper,1,6.48,0.0,6.48
CA-2014-164315,RD-19585,2014-04-02,Office Supplies,Paper,3,5.28,0.0,15.84
CA-2014-164315,RD-19585,2014-04-02,Technology,Phones,7,149.99,0.0,1049.93
CA-2014-164315,RD-19585,2014-04-02,Office Supplies,Appliances,5,30.98,0.0,154.9
CA-2015-131072,KL-16645,2015-11-05,Office Supplies,Binders,3,32.78,0.2,98.35
CA-2014-131541,CK-12205,2014-07-28,Office Supplies,Fasteners,5,2.86,0.2,14.32
CA-2014-131541,CK-12205,2014-07-28,Furniture,Furnishings,6,21.65,0.2,129.89
CA-2014-131541,CK-12205,2014-07-28,Office Supplies,Envelopes,7,6.99,0.2,48.94
CA-2015-119550,RB-19705,2015-12-26,Furniture,Chairs,3,91.69,0.3,275.06
US-2015-138093,KM-16225,2015-12-10,Office Supplies,Art,9,3.04,0.0,27.36
US-2015-138093,KM-16225,2015-12-10,Office Supplies,Paper,5,8.95,0.0,44.75
US-2015-138093,KM-16225,2015-12-10,Technology,Phones,1,134.99,0.0,134.99
US-2015-138093,KM-16225,2015-12-10,Office Supplies,Paper,5,5.28,0.0,26.4
US-2015-138093,KM-16225,2015-12-10,Furniture,Chairs,3,180.98,0.0,542.94
CA-2016-126165,AH-10465,2016-05-05,Furniture,Tables,2,35.54,0.2,71.09
CA-2017-126123,AG-10765,2017-10-14,Office Supplies,Binders,9,3.04,0.8,27.4
CA-2017-126123,AG-10765,2017-10-14,Office Supplies,Binders,1,13.46,0.8,13.46
CA-2016-143441,EB-14170,2016-11-05,Office Supplies,Labels,1,11.84,0.2,11.84
CA-2017-148320,PG-18895,2017-11-03,Office Supplies,Paper,6,5.98,0.0,35.88
CA-2016-125661,CA-12055,2016-11-24,Office Supplies,Envelopes,3,13.58,0.2,40.75
CA-2016-125661,CA-12055,2016-11-24,Technology,Accessories,5,27.99,0.2,139.96
US-2014-123519,SS-20875,2014-12-14,Office Supplies,Art,1,2.62,0.2,2.62
US-2014-123519,SS-20875,2014-12-14,Furniture,Tables,1,136.53,0.4,136.53
US-2014-123519,SS-20875,2014-12-14,Technology,Accessories,1,263.96,0.2,263.96
CA-2014-155593,RP-19390,2014-11-03,Office Supplies,Supplies,3,3.88,0.0,11.64
CA-2017-136000,SC-20440,2017-09-22,Office Supplies,Binders,3,13.39,0.2,40.18
US-2015-160857,NW-18400,2015-05-08,Furniture,Furnishings,3,26.48,0.0,79.44
US-2015-160857,NW-18400,2015-05-08,Office Supplies,Supplies,3,119.31,0.0,357.93
US-2015-160857,NW-18400,2015-05-08,Furniture,Chairs,2,63.88,0.1,127.76
US-2015-160857,NW-18400,2015-05-08,Technology,Copiers,7,399.99,0.2,2799.94
US-2015-160857,NW-18400,2015-05-08,Office Supplies,Paper,3,6.48,0.0,19.44
CA-2017-115805,KW-16435,2017-07-31,Technology,Phones,1,36.79,0.2,36.79
US-2014-143707,HR-14770,2014-03-01,Technology,Phones,3,1.98,0.0,5.94
CA-2017-116939,AG-10900,2017-09-25,Office Supplies,Storage,5,35.51,0.0,177.55
CA-2015-124107,BM-11650,2015-10-09,Technology,Accessories,5,123.99,0.0,619.95
CA-2015-124107,BM-11650,2015-10-09,Technology,Phones,3,9.72,0.0,29.16
CA-2015-124107,BM-11650,2015-10-09,Office Supplies,Envelopes,7,8.28,0.0,57.96
CA-2015-124107,BM-11650,2015-10-09,Office Supplies,Appliances,3,9.8,0.1,29.4
CA-2017-126550,RD-19720,2017-03-29,Office Supplies,Storage,5,16.28,0.0,81.4
CA-2015-138674,KB-16585,2015-11-14,Office Supplies,Fasteners,5,1.74,0.2,8.72
CA-2015-138674,KB-16585,2015-11-14,Technology,Accessories,3,30.39,0.2,91.18
CA-2015-138674,KB-16585,2015-11-14,Technology,Accessories,4,39.99,0.2,159.97
CA-2016-165820,DW-13585,2016-09-26,Office Supplies,Paper,2,6.48,0.0,12.96
CA-2014-103191,VG-21805,2014-09-22,Office Supplies,Storage,3,110.51,0.2,331.54
CA-2015-103933,DR-12880,2015-09-25,Technology,Accessories,9,99.99,0.0,899.91
CA-2015-110548,AH-10690,2015-05-04,Technology,Phones,7,135.19,0.2,946.34
CA-2017-117324,JP-15520,2017-12-08,Technology,Accessories,3,59.37,0.0,178.11
CA-2017-117324,JP-15520,2017-12-08,Office Supplies,Appliances,3,363.25,0.0,1089.75
CA-2017-117324,JP-15520,2017-12-08,Office Supplies,Labels,2,30.53,0.0,61.06
CA-2017-117324,JP-15520,2017-12-08,Furniture,Bookcases,4,114.98,0.0,459.92
CA-2017-117324,JP-15520,2017-12-08,Office Supplies,Paper,4,6.88,0.0,27.52
CA-2017-143574,DR-12880,2017-06-29,Furniture,Bookcases,9,70.98,0.0,638.82
CA-2017-143574,DR-12880,2017-06-29,Office Supplies,Supplies,3,10.23,0.0,30.69
CA-2017-143574,DR-12880,2017-06-29,Furniture,Furnishings,2,12.58,0.0,25.16
CA-2014-111773,JK-15625,2014-06-29,Office Supplies,Binders,3,4.64,0.2,13.92
CA-2014-148614,MV-17485,2014-01-20,Office Supplies,Paper,2,9.68,0.0,19.36
CA-2014-148614,MV-17485,2014-01-20,Furniture,Furnishings,2,9.65,0.0,19.3
CA-2017-156139,BP-11155,2016-12-31,Office Supplies,Binders,3,12.79,0.2,38.38
US-2017-147886,DH-13075,2017-03-28,Office Supplies,Paper,2,6.48,0.0,12.96
US-2017-147886,DH-13075,2017-03-28,Furniture,Furnishings,1,26.48,0.0,26.48
US-2017-147886,DH-13075,2017-03-28,Technology,Machines,2,266.36,0.2,532.72
US-2017-147886,DH-13075,2017-03-28,Office Supplies,Paper,4,6.68,0.0,26.72
US-2017-147886,DH-13075,2017-03-28,Office Supplies,Paper,3,6.68,0.0,20.04
US-2017-147886,DH-13075,2017-03-28,Office Supplies,Storage,7,113.64,0.0,795.48
US-2017-147886,DH-13075,2017-03-28,Furniture,Furnishings,7,3.08,0.0,21.56
CA-2016-113733,LH-16900,2016-12-08,Technology,Phones,2,124.79,0.2,249.58
CA-2016-113733,LH-16900,2016-12-08,Technology,Accessories,3,22.7,0.2,68.11
CA-2016-113733,LH-16900,2016-12-08,Technology,Accessories,3,5.52,0.2,16.56
CA-2017-104913,DK-13090,2017-11-18,Technology,Phones,5,14.99,0.0,74.95
CA-2014-145800,SS-20410,2014-05-30,Furniture,Tables,3,118.48,0.5,355.46
CA-2016-125850,FP-14320,2016-01-22,Office Supplies,Labels,3,14.8,0.0,44.4
CA-2016-125850,FP-14320,2016-01-22,Office Supplies,Labels,5,4.13,0.0,20.65
CA-2016-118514,LC-17050,2016-02-03,Furniture,Chairs,4,216.6,0.0,866.4
CA-2015-150749,AS-10240,2015-03-29,Office Supplies,Art,2,2.78,0.0,5.56
CA-2014-163748,HG-15025,2014-10-14,Office Supplies,Appliances,4,0.79,0.8,3.16
CA-2014-163748,HG-15025,2014-10-14,Technology,Copiers,5,399.99,0.2,1999.96
CA-2015-119634,BW-11065,2015-08-11,Furniture,Furnishings,3,15.38,0.2,46.15
CA-2015-149300,BH-11710,2015-11-22,Technology,Machines,3,11.0,0.5,32.98
US-2016-111528,JP-16135,2016-12-30,Office Supplies,Storage,4,120.33,0.0,481.32
US-2016-111528,JP-16135,2016-12-30,Office Supplies,Binders,1,6.38,0.2,6.38
CA-2017-158169,JM-16195,2017-08-12,Office Supplies,Appliances,3,180.98,0.0,542.94
CA-2017-158169,JM-16195,2017-08-12,Furniture,Furnishings,4,13.73,0.0,54.92
CA-2015-162047,FH-14365,2015-11-03,Furniture,Chairs,10,144.88,0.1,1448.82
CA-2015-117772,MC-17575,2015-09-10,Office Supplies,Storage,6,58.98,0.0,353.88
US-2014-126340,EB-13870,2014-11-08,Technology,Phones,3,111.19,0.2,333.58
CA-2016-149685,PM-19135,2016-10-08,Office Supplies,Labels,6,10.02,0.2,60.14
CA-2017-126396,AR-10345,2017-09-08,Technology,Accessories,6,14.2,0.2,85.2
CA-2015-154900,SS-20875,2015-02-25,Office Supplies,Labels,1,3.15,0.0,3.15
CA-2015-154900,SS-20875,2015-02-25,Office Supplies,Paper,4,5.68,0.0,22.72
CA-2015-103835,SC-20440,2015-09-24,Furniture,Furnishings,3,4.97,0.0,14.91
CA-2015-103835,SC-20440,2015-09-24,Office Supplies,Appliances,4,289.53,0.0,1158.12
CA-2015-158939,EA-14035,2015-11-26,Technology,Copiers,1,599.99,0.0,599.99
CA-2016-117408,TP-21130,2016-08-31,Office Supplies,Storage,2,11.98,0.2,23.97
CA-2016-142398,BP-11290,2016-04-12,Furniture,Chairs,7,91.18,0.2,638.29
CA-2016-142398,BP-11290,2016-04-12,Office Supplies,Binders,1,13.21,0.2,13.21
CA-2016-105277,LM-17065,2016-12-04,Office Supplies,Binders,3,5.18,0.2,15.53
CA-2016-112060,KT-16465,2016-12-04,Office Supplies,Paper,1,104.85,0.0,104.85
CA-2014-105270,AP-10915,2014-11-11,Office Supplies,Art,3,10.16,0.0,30.48
CA-2014-105270,AP-10915,2014-11-11,Furniture,Chairs,1,112.65,0.2,112.65
US-2015-159513,JD-15790,2015-04-02,Technology,Machines,3,23.99,0.2,71.98
CA-2015-155586,XP-21865,2015-12-12,Office Supplies,Art,1,2.21,0.0,2.21
CA-2015-155586,XP-21865,2015-12-12,Office Supplies,Envelopes,4,3.88,0.0,15.52
CA-2015-155586,XP-21865,2015-12-12,Office Supplies,Paper,4,9.11,0.0,36.44
CA-2017-141117,JK-16090,2017-10-02,Furniture,Bookcases,6,36.29,0.7,217.76
CA-2017-141117,JK-16090,2017-10-02,Office Supplies,Supplies,6,6.51,0.2,39.07
CA-2017-141117,JK-16090,2017-10-02,Office Supplies,Binders,7,3.23,0.7,22.64
CA-2017-141117,JK-16090,2017-10-02,Office Supplies,Art,7,13.59,0.2,95.14
CA-2017-115070,MG-18205,2017-04-10,Furniture,Furnishings,5,2.46,0.2,12.32
CA-2017-115070,MG-18205,2017-04-10,Office Supplies,Binders,3,1.47,0.7,4.42
CA-2017-140186,PG-18820,2017-09-29,Office Supplies,Fasteners,7,5.0,0.0,35.0
CA-2017-140186,PG-18820,2017-09-29,Furniture,Chairs,1,72.78,0.2,72.78
CA-2017-140186,PG-18820,2017-09-29,Office Supplies,Appliances,2,48.92,0.0,97.84
CA-2017-140186,PG-18820,2017-09-29,Furniture,Furnishings,1,51.75,0.0,51.75
CA-2017-140186,PG-18820,2017-09-29,Office Supplies,Binders,2,23.34,0.2,46.67
CA-2014-124856,LD-17005,2014-09-29,Office Supplies,Storage,9,155.06,0.0,1395.54
CA-2014-124856,LD-17005,2014-09-29,Furniture,Furnishings,4,29.34,0.0,117.36
CA-2014-124856,LD-17005,2014-09-29,Office Supplies,Labels,3,6.3,0.0,18.9
CA-2014-124856,LD-17005,2014-09-29,Office Supplies,Paper,2,38.76,0.0,77.52
CA-2014-166716,CR-12730,2014-08-20,Furniture,Chairs,2,210.69,0.3,421.37
CA-2014-123225,MN-17935,2014-07-11,Technology,Phones,4,143.99,0.2,575.97
CA-2014-123225,MN-17935,2014-07-11,Office Supplies,Paper,2,5.18,0.2,10.37
CA-2015-163440,RD-19900,2015-03-22,Technology,Phones,2,7.99,0.2,15.98
US-2017-106796,JP-16135,2017-05-12,Office Supplies,Art,3,3.42,0.2,10.27
CA-2017-113873,KE-16420,2017-11-13,Office Supplies,Storage,4,15.45,0.2,61.79
CA-2017-113873,KE-16420,2017-11-13,Furniture,Bookcases,3,68.67,0.32,206.0
CA-2016-149783,DL-13315,2016-09-04,Office Supplies,Paper,3,4.06,0.2,12.19
CA-2016-149783,DL-13315,2016-09-04,Office Supplies,Appliances,2,43.58,0.2,87.17
CA-2016-149783,DL-13315,2016-09-04,Office Supplies,Art,2,15.87,0.2,31.74
CA-2016-125017,KB-16240,2016-02-06,Furniture,Furnishings,4,33.06,0.2,132.22
US-2015-163279,JD-16150,2015-03-22,Office Supplies,Paper,4,26.38,0.0,105.52
US-2015-163279,JD-16150,2015-03-22,Furniture,Furnishings,2,45.98,0.0,91.96
US-2015-163279,JD-16150,2015-03-22,Technology,Phones,3,495.99,0.2,1487.98
CA-2015-150196,SR-20740,2015-07-02,Office Supplies,Paper,3,6.48,0.0,19.44
US-2015-106495,AC-10450,2015-06-15,Technology,Accessories,1,11.67,0.2,11.67
CA-2014-124730,LS-17245,2014-11-26,Technology,Phones,4,69.99,0.0,279.96
CA-2014-124730,LS-17245,2014-11-26,Office Supplies,Binders,3,4.3,0.2,12.91
CA-2014-124730,LS-17245,2014-11-26,Office Supplies,Binders,4,4.27,0.2,17.09
CA-2014-124730,LS-17245,2014-11-26,Office Supplies,Labels,9,10.35,0.0,93.15
CA-2014-124730,LS-17245,2014-11-26,Office Supplies,Labels,4,2.88,0.0,11.52
CA-2017-117632,CS-12175,2017-05-12,Office Supplies,Supplies,2,119.31,0.0,238.62
CA-2017-117632,CS-12175,2017-05-12,Office Supplies,Appliances,1,7.77,0.0,7.77
CA-2017-117632,CS-12175,2017-05-12,Furniture,Tables,5,57.1,0.2,285.48
CA-2017-117632,CS-12175,2017-05-12,Office Supplies,Binders,4,4.79,0.2,19.17
CA-2014-115056,AR-10510,2014-05-02,Office Supplies,Appliances,3,8.71,0.2,26.14
CA-2017-161067,KB-16405,2017-09-03,Office Supplies,Paper,4,104.85,0.0,419.4
CA-2017-161067,KB-16405,2017-09-03,Furniture,Chairs,1,90.8,0.1,90.8
CA-2017-161067,KB-16405,2017-09-03,Furniture,Chairs,2,90.88,0.1,181.76
CA-2017-161067,KB-16405,2017-09-03,Office Supplies,Art,2,2.78,0.0,5.56
CA-2016-122063,MM-17920,2016-12-03,Furniture,Tables,2,290.98,0.0,581.96
CA-2016-122063,MM-17920,2016-12-03,Furniture,Chairs,1,29.98,0.0,29.98
CA-2015-111206,RF-19735,2015-07-18,Technology,Accessories,4,129.99,0.0,519.96
CA-2016-142895,BP-11290,2016-07-21,Office Supplies,Labels,3,2.09,0.2,6.26
CA-2016-142895,BP-11290,2016-07-21,Furniture,Chairs,5,72.78,0.2,363.92
CA-2015-101868,MJ-17740,2015-06-09,Office Supplies,Binders,5,12.84,0.7,64.2
CA-2015-101868,MJ-17740,2015-06-09,Office Supplies,Binders,3,12.84,0.7,38.52
CA-2015-101868,MJ-17740,2015-06-09,Technology,Accessories,5,14.52,0.2,72.6
CA-2017-133207,DO-13645,2017-11-27,Technology,Phones,4,14.39,0.2,57.57
CA-2015-132948,MV-17485,2015-03-27,Office Supplies,Storage,5,16.74,0.0,83.7
CA-2015-134992,MG-17875,2015-09-22,Office Supplies,Paper,5,6.48,0.0,32.4
CA-2015-134992,MG-17875,2015-09-22,Furniture,Furnishings,2,23.99,0.0,47.98
CA-2015-126725,BS-11665,2015-11-17,Technology,Phones,4,103.99,0.2,415.97
CA-2015-126725,BS-11665,2015-11-17,Office Supplies,Storage,5,60.98,0.0,304.9
CA-2015-126725,BS-11665,2015-11-17,Furniture,Furnishings,4,20.24,0.0,80.96
CA-2015-126725,BS-11665,2015-11-17,Office Supplies,Storage,7,111.03,0.0,777.21
CA-2015-126725,BS-11665,2015-11-17,Office Supplies,Paper,5,6.48,0.0,32.4
CA-2015-126725,BS-11665,2015-11-17,Furniture,Chairs,2,112.78,0.2,225.57
CA-2015-126725,BS-11665,2015-11-17,Furniture,Furnishings,3,12.2,0.0,36.6
CA-2015-121783,PO-19180,2015-11-10,Office Supplies,Appliances,2,357.82,0.0,715.64
CA-2015-121783,PO-19180,2015-11-10,Office Supplies,Storage,3,265.17,0.0,795.51
CA-2015-121783,PO-19180,2015-11-10,Technology,Copiers,1,549.99,0.0,549.99
CA-2015-121783,PO-19180,2015-11-10,Office Supplies,Binders,3,24.92,0.0,74.76
CA-2015-121783,PO-19180,2015-11-10,Furniture,Furnishings,3,9.74,0.0,29.22
US-2014-138835,DA-13450,2014-09-10,Office Supplies,Binders,2,4.82,0.0,9.64
CA-2015-112214,AH-10690,2015-08-05,Office Supplies,Storage,7,4.78,0.2,33.49
CA-2015-112214,AH-10690,2015-08-05,Office Supplies,Supplies,3,7.68,0.2,23.04
CA-2015-112214,AH-10690,2015-08-05,Office Supplies,Binders,1,1.36,0.8,1.36
CA-2015-112214,AH-10690,2015-08-05,Furniture,Furnishings,5,2.95,0.6,14.76
US-2017-153255,JK-15730,2017-09-03,Furniture,Bookcases,2,119.83,0.15,239.67
CA-2015-108119,MS-17530,2015-11-01,Furniture,Tables,2,150.98,0.0,301.96
CA-2015-157434,JK-15640,2015-04-29,Office Supplies,Paper,2,3.98,0.2,7.97
CA-2016-101525,CM-12235,2016-05-01,Office Supplies,Paper,2,54.96,0.0,109.92
CA-2016-101525,CM-12235,2016-05-01,Office Supplies,Paper,3,6.48,0.0,19.44
CA-2016-101525,CM-12235,2016-05-01,Office Supplies,Art,2,5.58,0.0,11.16
US-2014-117968,RS-19420,2014-08-05,Office Supplies,Appliances,3,26.49,0.0,79.47
US-2014-117968,RS-19420,2014-08-05,Office Supplies,Art,2,2.28,0.0,4.56
US-2014-117968,RS-19420,2014-08-05,Furniture,Chairs,5,226.67,0.0,1133.35
CA-2016-158211,BP-11185,2016-01-04,Office Supplies,Art,1,4.67,0.2,4.67
CA-2016-158211,BP-11185,2016-01-04,Office Supplies,Binders,6,17.43,0.7,104.58
CA-2016-152247,MA-17995,2016-11-07,Furniture,Chairs,4,400.78,0.2,1603.14
CA-2016-128223,EB-13705,2016-06-14,Furniture,Tables,7,184.78,0.2,1293.49
CA-2016-154235,RD-19900,2016-09-24,Furniture,Furnishings,3,42.65,0.0,127.95
CA-2017-129910,ME-17320,2017-03-30,Office Supplies,Storage,1,59.76,0.0,59.76
CA-2017-133095,EH-14005,2017-06-04,Office Supplies,Binders,7,15.44,0.0,108.08
CA-2017-133095,EH-14005,2017-06-04,Office Supplies,Binders,3,3.18,0.0,9.54
CA-2015-130554,FM-14290,2015-04-07,Office Supplies,Art,3,3.91,0.2,11.74
CA-2014-152443,FG-14260,2014-05-21,Office Supplies,Binders,7,63.98,0.0,447.86
CA-2014-152443,FG-14260,2014-05-21,Office Supplies,Paper,3,5.98,0.0,17.94
CA-2014-152443,FG-14260,2014-05-21,Office Supplies,Appliances,6,40.98,0.0,245.88
CA-2016-133319,MV-17485,2016-09-05,Office Supplies,Paper,4,48.04,0.0,192.16
CA-2016-133935,JW-15220,2016-09-18,Furniture,Chairs,2,400.78,0.2,801.57
CA-2016-133935,JW-15220,2016-09-18,Office Supplies,Paper,9,40.99,0.0,368.91
CA-2016-133935,JW-15220,2016-09-18,Furniture,Chairs,9,98.39,0.2,885.53
CA-2016-136301,EH-13765,2016-03-13,Furniture,Furnishings,2,14.14,0.0,28.28
CA-2016-136301,EH-13765,2016-03-13,Office Supplies,Supplies,3,1637.53,0.0,4912.59
US-2014-109456,LS-17245,2014-10-16,Office Supplies,Binders,3,4.78,0.2,14.35
US-2014-109456,LS-17245,2014-10-16,Technology,Accessories,3,59.99,0.0,179.97
CA-2017-151596,BP-11050,2017-10-08,Office Supplies,Storage,1,42.76,0.0,42.76
CA-2015-147879,CC-12220,2015-05-07,Office Supplies,Paper,2,22.84,0.0,45.68
CA-2016-166625,JM-15580,2016-04-14,Office Supplies,Binders,2,12.53,0.0,25.06
CA-2016-146157,RD-19720,2016-11-21,Office Supplies,Paper,1,38.43,0.2,38.43
CA-2016-146157,RD-19720,2016-11-21,Office Supplies,Storage,2,10.78,0.2,21.57
CA-2016-146157,RD-19720,2016-11-21,Technology,Accessories,3,27.19,0.2,81.58
CA-2017-159954,SS-20410,2017-09-10,Office Supplies,Binders,1,2.78,0.0,2.78
CA-2017-100825,KD-16495,2017-09-09,Office Supplies,Storage,3,33.29,0.0,99.87
CA-2014-168305,PL-18925,2014-11-01,Office Supplies,Labels,3,14.8,0.0,44.4
CA-2014-168305,PL-18925,2014-11-01,Office Supplies,Paper,5,4.28,0.0,21.4
CA-2016-167682,ZD-21925,2016-04-03,Furniture,Furnishings,4,17.78,0.0,71.12
CA-2016-167682,ZD-21925,2016-04-03,Technology,Phones,4,64.99,0.0,259.96
CA-2017-108000,LS-16945,2017-01-12,Office Supplies,Envelopes,1,9.78,0.0,9.78
CA-2015-146465,PB-18805,2015-11-20,Office Supplies,Binders,9,2.69,0.2,24.19
CA-2016-159639,PC-18745,2016-11-27,Furniture,Furnishings,3,10.52,0.0,31.56
US-2017-153948,FM-14290,2017-11-06,Office Supplies,Paper,3,19.98,0.0,59.94
US-2017-153948,FM-14290,2017-11-06,Office Supplies,Paper,4,11.34,0.0,45.36
US-2017-153948,FM-14290,2017-11-06,Office Supplies,Paper,5,5.28,0.0,26.4
US-2017-153948,FM-14290,2017-11-06,Office Supplies,Labels,4,10.35,0.0,41.4
US-2017-153948,FM-14290,2017-11-06,Technology,Accessories,1,16.95,0.0,16.95
US-2016-113985,KD-16495,2016-12-02,Office Supplies,Binders,2,12.35,0.2,24.7
US-2016-113985,KD-16495,2016-12-02,Office Supplies,Appliances,3,19.9,0.0,59.7
US-2016-113985,KD-16495,2016-12-02,Furniture,Furnishings,3,4.84,0.0,14.52
US-2016-113985,KD-16495,2016-12-02,Office Supplies,Binders,3,34.73,0.2,104.18
CA-2016-155383,SC-20680,2016-12-17,Office Supplies,Storage,3,15.51,0.0,46.53
CA-2014-120432,DW-13585,2014-08-24,Office Supplies,Supplies,3,8.5,0.0,25.5
US-2015-126977,PF-19120,2015-09-17,Office Supplies,Storage,5,2.98,0.0,14.9
US-2015-126977,PF-19120,2015-09-17,Office Supplies,Labels,7,12.53,0.0,87.71
US-2015-126977,PF-19120,2015-09-17,Furniture,Chairs,2,99.88,0.1,199.76
US-2015-126977,PF-19120,2015-09-17,Office Supplies,Storage,4,23.65,0.0,94.6
US-2015-126977,PF-19120,2015-09-17,Furniture,Bookcases,6,704.78,0.2,4228.7
US-2015-126977,PF-19120,2015-09-17,Furniture,Bookcases,5,400.78,0.2,2003.92
US-2015-126977,PF-19120,2015-09-17,Technology,Phones,3,69.99,0.0,209.97
US-2015-126977,PF-19120,2015-09-17,Technology,Accessories,2,329.95,0.0,659.9
US-2015-126977,PF-19120,2015-09-17,Office Supplies,Paper,2,55.48,0.0,110.96
US-2015-126977,PF-19120,2015-09-17,Technology,Phones,4,16.95,0.0,67.8
CA-2016-130288,DK-13225,2016-11-26,Furniture,Tables,2,156.59,0.4,313.18
CA-2017-146458,RB-19435,2017-11-19,Office Supplies,Art,7,3.28,0.0,22.96
CA-2017-150420,GD-14590,2017-06-03,Technology,Accessories,10,109.95,0.0,1099.5
US-2014-118997,RA-19885,2014-04-08,Furniture,Tables,8,151.99,0.0,1215.92
CA-2014-114314,DB-13555,2014-10-11,Office Supplies,Labels,1,7.31,0.0,7.31
CA-2014-114314,DB-13555,2014-10-11,Furniture,Furnishings,4,2.23,0.0,8.92
US-2017-169551,RL-19615,2017-07-07,Furniture,Bookcases,3,29.07,0.5,87.21
US-2017-169551,RL-19615,2017-07-07,Office Supplies,Paper,3,5.18,0.2,15.55
US-2017-169551,RL-19615,2017-07-07,Technology,Phones,2,341.99,0.4,683.99
US-2017-169551,RL-19615,2017-07-07,Office Supplies,Storage,3,4.46,0.2,13.39
US-2017-169551,RL-19615,2017-07-07,Technology,Accessories,3,5.59,0.2,16.78
US-2017-169551,RL-19615,2017-07-07,Technology,Accessories,2,263.96,0.2,527.92
CA-2016-103107,RB-19465,2016-07-04,Furniture,Furnishings,5,5.08,0.0,25.4
CA-2016-103107,RB-19465,2016-07-04,Technology,Phones,3,59.16,0.2,177.48
CA-2016-103107,RB-19465,2016-07-04,Technology,Phones,3,23.99,0.2,71.98
CA-2017-122077,JF-15295,2017-05-19,Technology,Phones,1,95.99,0.2,95.99
CA-2017-122077,JF-15295,2017-05-19,Office Supplies,Labels,4,3.3,0.2,13.22
CA-2017-112431,RW-19690,2017-10-12,Technology,Accessories,12,36.32,0.0,435.84
CA-2017-112431,RW-19690,2017-10-12,Office Supplies,Art,2,2.94,0.0,5.88
CA-2016-151092,VG-21790,2016-08-06,Technology,Phones,4,52.79,0.2,211.17
CA-2014-104178,JM-15265,2014-08-25,Furniture,Furnishings,1,6.28,0.0,6.28
CA-2014-104178,JM-15265,2014-08-25,Technology,Accessories,5,19.02,0.0,95.1
CA-2014-104178,JM-15265,2014-08-25,Office Supplies,Paper,4,6.48,0.0,25.92
CA-2014-104178,JM-15265,2014-08-25,Office Supplies,Storage,4,12.21,0.0,48.84
CA-2015-115924,BE-11455,2015-09-14,Office Supplies,Binders,5,5.18,0.0,25.9
CA-2017-161046,CB-12535,2017-03-05,Office Supplies,Envelopes,4,10.67,0.0,42.68
CA-2017-161046,CB-12535,2017-03-05,Technology,Accessories,3,99.99,0.0,299.97
CA-2017-161046,CB-12535,2017-03-05,Office Supplies,Appliances,2,131.12,0.0,262.24
CA-2017-161046,CB-12535,2017-03-05,Office Supplies,Binders,6,39.06,0.0,234.36
US-2017-141698,SD-20485,2017-04-15,Office Supplies,Paper,4,5.18,0.2,20.74
US-2014-105151,SG-20890,2014-03-30,Office Supplies,Art,5,2.1,0.0,10.5
CA-2014-155796,TS-21430,2014-11-11,Furniture,Furnishings,2,11.98,0.2,23.97
CA-2014-155796,TS-21430,2014-11-11,Furniture,Bookcases,4,130.49,0.5,521.96
CA-2016-127138,DK-13225,2016-03-12,Office Supplies,Storage,5,135.31,0.0,676.55
CA-2016-127138,DK-13225,2016-03-12,Office Supplies,Appliances,5,30.98,0.0,154.9
CA-2016-127138,DK-13225,2016-03-12,Office Supplies,Envelopes,4,7.64,0.0,30.56
CA-2016-127138,DK-13225,2016-03-12,Furniture,Chairs,3,256.78,0.2,770.35
CA-2017-150602,ML-17395,2017-02-09,Furniture,Furnishings,4,5.28,0.0,21.12
CA-2014-140732,MA-17560,2014-11-11,Technology,Phones,9,63.99,0.2,575.93
CA-2014-140732,MA-17560,2014-11-11,Office Supplies,Appliances,2,3.89,0.0,7.78
CA-2014-140732,MA-17560,2014-11-11,Office Supplies,Paper,4,30.98,0.0,123.92
CA-2017-119011,LR-17035,2017-08-20,Office Supplies,Supplies,3,5.74,0.0,17.22
CA-2017-119011,LR-17035,2017-08-20,Office Supplies,Storage,6,37.76,0.0,226.56
CA-2017-119011,LR-17035,2017-08-20,Technology,Phones,3,35.96,0.2,107.88
CA-2016-166912,BE-11335,2016-01-15,Office Supplies,Paper,2,40.99,0.0,81.98
CA-2014-141726,CC-12145,2014-07-20,Office Supplies,Paper,1,104.85,0.0,104.85
CA-2014-141726,CC-12145,2014-07-20,Office Supplies,Binders,2,4.35,0.2,8.7
CA-2014-141726,CC-12145,2014-07-20,Office Supplies,Paper,4,4.98,0.0,19.92
CA-2014-141726,CC-12145,2014-07-20,Furniture,Furnishings,3,14.34,0.0,43.02
CA-2017-115105,BD-11770,2017-02-06,Furniture,Bookcases,1,240.78,0.2,240.78
CA-2015-143980,JK-15640,2015-12-25,Office Supplies,Appliances,2,207.48,0.0,414.96
CA-2016-135636,DB-13615,2016-10-08,Office Supplies,Storage,5,77.54,0.2,387.72
CA-2017-102155,RR-19525,2017-07-13,Office Supplies,Storage,2,180.19,0.0,360.38
CA-2017-102155,RR-19525,2017-07-13,Office Supplies,Paper,2,6.78,0.0,13.56
CA-2017-116953,SV-20935,2017-04-24,Technology,Phones,10,55.2,0.2,552.0
CA-2014-117765,RB-19465,2014-09-07,Furniture,Tables,5,85.98,0.0,429.9
CA-2014-117765,RB-19465,2014-09-07,Office Supplies,Binders,2,16.03,0.0,32.06
CA-2014-117765,RB-19465,2014-09-07,Furniture,Chairs,2,80.98,0.0,161.96
CA-2014-117765,RB-19465,2014-09-07,Office Supplies,Storage,2,9.93,0.0,19.86
CA-2016-114895,MV-18190,2016-11-21,Office Supplies,Paper,2,6.48,0.0,12.96
CA-2017-112984,EH-14185,2017-09-16,Office Supplies,Paper,6,3.42,0.2,20.54
CA-2016-163776,JS-16030,2016-07-19,Furniture,Furnishings,6,30.93,0.0,185.58
CA-2016-163776,JS-16030,2016-07-19,Office Supplies,Binders,2,38.78,0.0,77.56
CA-2016-163776,JS-16030,2016-07-19,Office Supplies,Storage,4,21.98,0.0,87.92
CA-2016-163776,JS-16030,2016-07-19,Office Supplies,Paper,6,40.99,0.0,245.94
CA-2016-163776,JS-16030,2016-07-19,Office Supplies,Binders,1,8.6,0.0,8.6
CA-2016-163776,JS-16030,2016-07-19,Furniture,Bookcases,5,100.98,0.0,504.9
US-2017-163300,ES-14020,2017-09-15,Office Supplies,Binders,7,336.78,0.2,2357.49
US-2017-163300,ES-14020,2017-09-15,Technology,Phones,7,52.79,0.2,369.54
US-2017-163300,ES-14020,2017-09-15,Furniture,Chairs,3,61.58,0.2,184.75
CA-2016-162187,NS-18640,2016-12-11,Office Supplies,Storage,5,12.99,0.2,64.96
CA-2016-162187,NS-18640,2016-12-11,Office Supplies,Supplies,2,6.76,0.2,13.52
CA-2016-162187,NS-18640,2016-12-11,Furniture,Chairs,5,91.69,0.3,458.43
CA-2016-162187,NS-18640,2016-12-11,Office Supplies,Appliances,4,96.78,0.2,387.14
CA-2016-162187,NS-18640,2016-12-11,Furniture,Tables,3,109.53,0.4,328.59
US-2014-112991,SH-19975,2014-12-10,Furniture,Chairs,3,112.78,0.2,338.35
US-2014-112991,SH-19975,2014-12-10,Office Supplies,Paper,4,6.48,0.0,25.92
US-2014-112991,SH-19975,2014-12-10,Office Supplies,Paper,4,22.84,0.0,91.36
CA-2014-124079,RF-19345,2014-12-13,Furniture,Furnishings,3,29.32,0.2,87.96
CA-2014-124079,RF-19345,2014-12-13,Office Supplies,Binders,2,2.61,0.7,5.21
US-2017-146878,DL-12865,2017-09-21,Office Supplies,Binders,1,12.29,0.7,12.29
CA-2017-107244,AG-10390,2017-09-07,Furniture,Furnishings,4,4.94,0.0,19.76
CA-2015-100657,SW-20245,2015-11-02,Furniture,Chairs,2,54.88,0.1,109.76
CA-2017-129581,KN-16390,2017-12-11,Technology,Phones,3,42.95,0.0,128.85
CA-2017-129028,GB-14530,2017-04-01,Furniture,Furnishings,3,42.65,0.0,127.95
CA-2015-135580,CL-12565,2015-12-30,Office Supplies,Paper,3,22.84,0.0,68.52
CA-2015-135580,CL-12565,2015-12-30,Office Supplies,Storage,3,24.98,0.0,74.94
CA-2015-135580,CL-12565,2015-12-30,Technology,Machines,6,424.76,0.2,2548.56
CA-2015-135580,CL-12565,2015-12-30,Office Supplies,Envelopes,3,90.48,0.0,271.44
CA-2015-135580,CL-12565,2015-12-30,Technology,Phones,3,95.96,0.2,287.88
CA-2016-159016,KF-16285,2016-03-10,Office Supplies,Paper,5,2.98,0.0,14.9
CA-2016-159016,KF-16285,2016-03-10,Technology,Phones,8,519.86,0.2,4158.91
CA-2014-102652,AY-10555,2014-04-06,Furniture,Furnishings,2,45.98,0.0,91.96
CA-2014-102652,AY-10555,2014-04-06,Furniture,Furnishings,7,4.73,0.0,33.11
CA-2014-102652,AY-10555,2014-04-06,Office Supplies,Paper,3,6.48,0.0,19.44
CA-2014-102652,AY-10555,2014-04-06,Office Supplies,Paper,1,55.48,0.0,55.48
CA-2014-152422,BD-11635,2014-10-05,Office Supplies,Appliances,5,18.38,0.2,91.92
US-2016-156692,HG-15025,2016-08-13,Office Supplies,Appliances,2,8.67,0.0,17.34
US-2016-156692,HG-15025,2016-08-13,Technology,Accessories,2,35.99,0.0,71.98
CA-2014-130869,CB-12025,2014-11-17,Office Supplies,Envelopes,3,2.36,0.2,7.08
US-2017-128832,LS-16945,2017-04-24,Technology,Accessories,2,34.99,0.0,69.98
CA-2017-139717,DM-13015,2017-08-24,Office Supplies,Appliances,8,80.78,0.2,646.27
CA-2017-139717,DM-13015,2017-08-24,Office Supplies,Paper,2,5.18,0.2,10.37
CA-2017-136007,AC-10615,2017-02-23,Office Supplies,Fasteners,5,1.68,0.0,8.4
CA-2017-136007,AC-10615,2017-02-23,Technology,Phones,5,14.39,0.2,71.96
CA-2016-157364,LT-17110,2016-11-19,Office Supplies,Art,2,9.24,0.2,18.48
US-2016-112970,TB-21250,2016-11-14,Office Supplies,Art,3,3.28,0.0,9.84
US-2017-152492,AH-10585,2017-07-06,Furniture,Chairs,1,239.24,0.2,239.24
CA-2016-101168,SS-20140,2016-12-25,Furniture,Furnishings,4,5.28,0.0,21.12
CA-2017-104010,TD-20995,2017-04-23,Office Supplies,Supplies,5,10.98,0.0,54.9
CA-2015-130253,PP-18955,2015-12-14,Furniture,Furnishings,3,5.08,0.0,15.24
US-2015-155369,PG-18820,2015-04-19,Office Supplies,Appliances,2,9.78,0.8,19.57
US-2015-155369,PG-18820,2015-04-19,Office Supplies,Binders,4,77.6,0.8,310.39
CA-2016-131205,AA-10645,2016-09-04,Furniture,Furnishings,3,14.2,0.0,42.6
CA-2016-131205,AA-10645,2016-09-04,Office Supplies,Binders,6,18.99,0.0,113.94
CA-2016-131205,AA-10645,2016-09-04,Office Supplies,Storage,4,32.48,0.0,129.92
CA-2016-131205,AA-10645,2016-09-04,Office Supplies,Art,3,1.76,0.0,5.28
CA-2017-122364,FA-14230,2017-09-24,Technology,Phones,3,286.4,0.2,859.2
CA-2017-122364,FA-14230,2017-09-24,Technology,Machines,3,168.76,0.2,506.28
CA-2016-117912,TB-21520,2016-02-04,Furniture,Furnishings,2,7.18,0.2,14.37
CA-2017-145702,AH-10075,2017-05-19,Furniture,Chairs,3,104.78,0.2,314.35
CA-2017-145702,AH-10075,2017-05-19,Office Supplies,Paper,7,3.98,0.2,27.89
CA-2015-113215,CP-12085,2015-09-03,Furniture,Furnishings,3,79.38,0.2,238.15
CA-2016-154662,BF-11215,2016-06-09,Furniture,Tables,3,230.98,0.0,692.94
CA-2015-105571,CP-12340,2015-11-07,Office Supplies,Binders,9,1.79,0.7,16.15
CA-2015-105571,CP-12340,2015-11-07,Office Supplies,Binders,5,269.1,0.7,1345.48
CA-2016-152765,LS-17245,2016-06-15,Office Supplies,Paper,7,24.78,0.2,173.49
CA-2015-153878,TS-21655,2015-04-25,Office Supplies,Art,5,11.55,0.0,57.75
CA-2015-153878,TS-21655,2015-04-25,Office Supplies,Appliances,5,54.48,0.0,272.4
CA-2016-124016,JS-15940,2016-09-23,Office Supplies,Paper,3,3.98,0.2,11.95
CA-2016-124016,JS-15940,2016-09-23,Furniture,Furnishings,4,7.0,0.2,28.0
CA-2016-124016,JS-15940,2016-09-23,Office Supplies,Binders,7,1.74,0.7,12.2
CA-2016-113551,NF-18385,2016-08-18,Office Supplies,Binders,1,2.07,0.8,2.07
CA-2016-113551,NF-18385,2016-08-18,Office Supplies,Paper,8,10.48,0.2,83.84
CA-2014-107524,KN-16705,2014-03-02,Office Supplies,Envelopes,2,5.68,0.0,11.36
CA-2014-107524,KN-16705,2014-03-02,Office Supplies,Paper,5,7.28,0.0,36.4
CA-2014-138072,GA-14725,2014-12-30,Technology,Accessories,2,13.98,0.2,27.97
CA-2015-134201,EH-14125,2015-04-10,Office Supplies,Storage,4,35.51,0.0,142.04
CA-2015-134201,EH-14125,2015-04-10,Office Supplies,Art,3,4.89,0.0,14.67
CA-2015-111780,RA-19285,2015-12-25,Technology,Copiers,5,239.99,0.2,1199.96
CA-2015-111780,RA-19285,2015-12-25,Office Supplies,Paper,3,4.2,0.0,12.6
CA-2015-111780,RA-19285,2015-12-25,Office Supplies,Paper,3,5.98,0.0,17.94
CA-2015-119942,TT-21070,2015-04-05,Office Supplies,Labels,6,3.98,0.2,23.9
CA-2015-151547,AH-10465,2015-01-17,Office Supplies,Supplies,8,11.12,0.2,88.96
CA-2017-166695,CC-12430,2017-05-20,Furniture,Chairs,8,64.78,0.2,518.27
CA-2017-166695,CC-12430,2017-05-20,Furniture,Furnishings,1,6.98,0.0,6.98
CA-2017-166695,CC-12430,2017-05-20,Technology,Machines,1,343.2,0.2,343.2
CA-2017-167542,KD-16495,2017-08-13,Office Supplies,Labels,3,5.85,0.2,17.54
CA-2015-120901,BG-11035,2015-12-31,Office Supplies,Storage,2,76.34,0.2,152.69
CA-2015-120901,BG-11035,2015-12-31,Office Supplies,Fasteners,2,1.74,0.2,3.49
CA-2015-120901,BG-11035,2015-12-31,Office Supplies,Supplies,2,2.94,0.2,5.89
CA-2017-121398,FH-14365,2017-12-25,Office Supplies,Binders,3,51.18,0.2,153.55
CA-2017-121398,FH-14365,2017-12-25,Office Supplies,Storage,2,135.31,0.0,270.62
CA-2016-151561,PG-18820,2016-09-01,Technology,Accessories,6,78.15,0.0,468.9
CA-2016-151561,PG-18820,2016-09-01,Technology,Accessories,2,36.24,0.0,72.48
CA-2016-151561,PG-18820,2016-09-01,Office Supplies,Supplies,3,3.65,0.0,10.95
CA-2016-151561,PG-18820,2016-09-01,Furniture,Furnishings,3,63.94,0.0,191.82
CA-2017-154676,NZ-18565,2017-08-05,Office Supplies,Storage,9,16.78,0.2,151.06
US-2014-165589,TB-21595,2014-02-18,Furniture,Furnishings,5,5.03,0.6,25.16
US-2016-132577,JE-15475,2016-11-22,Office Supplies,Binders,6,1.04,0.8,6.22
US-2016-132577,JE-15475,2016-11-22,Office Supplies,Art,9,2.62,0.2,23.62
US-2016-132577,JE-15475,2016-11-22,Technology,Accessories,2,12.02,0.2,24.03
US-2016-132577,JE-15475,2016-11-22,Office Supplies,Labels,1,2.09,0.2,2.09
US-2016-132577,JE-15475,2016-11-22,Office Supplies,Binders,6,0.75,0.8,4.49
CA-2015-114048,EH-13945,2015-12-14,Furniture,Furnishings,3,9.74,0.0,29.22
CA-2015-137281,BF-10975,2015-06-13,Office Supplies,Paper,1,6.48,0.0,6.48
US-2017-162068,PC-18745,2017-12-28,Office Supplies,Binders,2,0.59,0.7,1.19
CA-2017-100111,SV-20365,2017-09-20,Furniture,Chairs,3,90.88,0.1,272.65
CA-2017-100111,SV-20365,2017-09-20,Technology,Accessories,2,106.4,0.0,212.8
CA-2017-100111,SV-20365,2017-09-20,Office Supplies,Paper,9,4.28,0.0,38.52
CA-2017-100111,SV-20365,2017-09-20,Technology,Accessories,2,36.32,0.0,72.64
CA-2017-100111,SV-20365,2017-09-20,Office Supplies,Storage,4,11.35,0.0,45.4
CA-2017-100111,SV-20365,2017-09-20,Office Supplies,Paper,2,6.88,0.0,13.76
CA-2017-100111,SV-20365,2017-09-20,Furniture,Chairs,1,80.99,0.1,80.99
CA-2017-100111,SV-20365,2017-09-20,Office Supplies,Binders,3,3.93,0.2,11.78
CA-2017-100111,SV-20365,2017-09-20,Office Supplies,Fasteners,2,2.18,0.0,4.36
CA-2017-100111,SV-20365,2017-09-20,Furniture,Chairs,11,262.56,0.1,2888.13
CA-2017-100111,SV-20365,2017-09-20,Technology,Phones,2,649.83,0.0,1299.66
CA-2017-100111,SV-20365,2017-09-20,Furniture,Chairs,5,450.88,0.1,2254.41
CA-2017-100111,SV-20365,2017-09-20,Technology,Phones,3,34.95,0.0,104.85
CA-2017-100111,SV-20365,2017-09-20,Technology,Accessories,3,19.99,0.0,59.97
US-2017-132381,Dp-13240,2017-08-22,Furniture,Tables,2,157.27,0.4,314.53
CA-2015-147011,HR-14830,2015-06-18,Office Supplies,Art,4,3.41,0.2,13.63
CA-2014-120852,WB-21850,2014-12-20,Office Supplies,Appliances,2,9.72,0.8,19.43
CA-2014-120852,WB-21850,2014-12-20,Technology,Accessories,5,13.09,0.2,65.44
CA-2016-150007,AS-10090,2016-09-11,Office Supplies,Labels,2,3.0,0.2,6.0
CA-2016-150007,AS-10090,2016-09-11,Office Supplies,Binders,3,0.64,0.8,1.91
CA-2016-124590,SP-20920,2016-11-12,Furniture,Chairs,7,210.69,0.3,1474.8
CA-2016-124590,SP-20920,2016-11-12,Office Supplies,Appliances,2,55.05,0.2,110.1
CA-2016-124590,SP-20920,2016-11-12,Office Supplies,Fasteners,6,2.79,0.2,16.75
CA-2016-124590,SP-20920,2016-11-12,Furniture,Chairs,9,170.79,0.3,1537.07
CA-2016-124590,SP-20920,2016-11-12,Furniture,Chairs,2,224.69,0.3,449.37
CA-2016-133802,SP-20650,2016-03-14,Office Supplies,Binders,6,6.98,0.2,41.9
US-2016-113677,CM-12655,2016-11-13,Technology,Phones,4,569.99,0.0,2279.96
US-2016-113677,CM-12655,2016-11-13,Office Supplies,Labels,3,4.98,0.0,14.94
CA-2017-143378,JR-16210,2017-09-19,Technology,Phones,3,63.99,0.2,191.98
CA-2017-143378,JR-16210,2017-09-19,Office Supplies,Art,3,7.94,0.2,23.83
CA-2017-143378,JR-16210,2017-09-19,Furniture,Furnishings,8,51.15,0.2,409.22
CA-2017-143378,JR-16210,2017-09-19,Furniture,Bookcases,2,36.29,0.7,72.59
CA-2017-152660,CB-12415,2017-12-04,Office Supplies,Storage,2,30.78,0.2,61.57
CA-2015-142139,SD-20485,2015-08-31,Office Supplies,Paper,4,5.24,0.2,20.96
CA-2017-145772,SS-20140,2017-06-03,Technology,Accessories,5,8.95,0.0,44.75
CA-2017-145772,SS-20140,2017-06-03,Office Supplies,Paper,2,5.98,0.0,11.96
CA-2017-145772,SS-20140,2017-06-03,Office Supplies,Binders,1,3.91,0.2,3.91
CA-2016-124100,EH-13990,2016-03-31,Furniture,Chairs,6,54.67,0.1,328.0
US-2014-158400,AH-10030,2014-10-25,Office Supplies,Binders,4,12.35,0.2,49.41
CA-2017-162033,EM-14200,2017-03-26,Technology,Accessories,3,17.75,0.0,53.25
CA-2017-162033,EM-14200,2017-03-26,Office Supplies,Fasteners,2,1.88,0.0,3.76
CA-2014-163447,TB-21190,2014-12-27,Furniture,Chairs,14,54.8,0.1,767.21
CA-2017-145737,AB-10165,2017-09-15,Office Supplies,Paper,5,32.79,0.2,163.96
CA-2016-148096,AO-10810,2016-08-16,Furniture,Tables,2,80.64,0.2,161.28
CA-2016-146766,TT-21220,2016-11-04,Office Supplies,Art,4,48.2,0.0,192.8
CA-2015-105613,KN-16705,2015-10-18,Technology,Accessories,3,9.23,0.2,27.7
CA-2015-105613,KN-16705,2015-10-18,Office Supplies,Appliances,6,12.19,0.8,73.16
US-2016-142251,FO-14305,2016-10-31,Office Supplies,Paper,6,5.34,0.2,32.06
CA-2014-131247,GA-14725,2014-03-30,Furniture,Bookcases,2,102.83,0.15,205.67
US-2015-113593,NC-18415,2015-04-18,Office Supplies,Storage,3,38.48,0.0,115.44
CA-2017-121083,JF-15190,2017-07-09,Office Supplies,Paper,5,54.96,0.0,274.8
CA-2017-121083,JF-15190,2017-07-09,Office Supplies,Storage,4,48.91,0.0,195.64
CA-2017-121083,JF-15190,2017-07-09,Technology,Phones,2,128.99,0.0,257.98
CA-2017-121083,JF-15190,2017-07-09,Office Supplies,Art,6,19.84,0.0,119.04
CA-2017-151190,GT-14710,2017-06-27,Office Supplies,Paper,3,6.69,0.0,20.07
CA-2014-133543,KM-16660,2014-12-22,Office Supplies,Art,4,2.94,0.0,11.76
CA-2017-105130,PJ-18835,2017-11-21,Office Supplies,Art,4,2.94,0.0,11.76
CA-2017-105130,PJ-18835,2017-11-21,Office Supplies,Binders,2,20.37,0.2,40.74
CA-2016-161928,AC-10660,2016-06-27,Technology,Phones,2,100.79,0.2,201.58
CA-2017-101322,JG-15310,2017-12-28,Furniture,Chairs,6,56.78,0.2,340.7
US-2016-106600,RM-19375,2016-04-08,Furniture,Bookcases,5,70.98,0.0,354.9
CA-2014-111871,EK-13795,2014-03-18,Furniture,Bookcases,10,119.83,0.15,1198.33
CA-2017-139437,RD-19585,2017-07-03,Office Supplies,Storage,4,21.98,0.0,87.92
CA-2017-151484,CV-12805,2017-04-20,Furniture,Furnishings,2,25.98,0.2,51.97
CA-2017-151484,CV-12805,2017-04-20,Office Supplies,Storage,3,17.11,0.2,51.34
CA-2017-151484,CV-12805,2017-04-20,Office Supplies,Storage,1,332.7,0.2,332.7
CA-2017-151484,CV-12805,2017-04-20,Furniture,Furnishings,3,14.14,0.2,42.41
CA-2016-104150,AG-10330,2016-08-03,Office Supplies,Envelopes,3,27.18,0.0,81.54
CA-2016-104150,AG-10330,2016-08-03,Technology,Accessories,12,13.94,0.0,167.28
CA-2016-161025,GM-14440,2016-12-03,Office Supplies,Storage,4,193.17,0.0,772.68
CA-2014-103989,MC-17605,2014-03-19,Technology,Phones,3,107.99,0.2,323.98
CA-2014-103989,MC-17605,2014-03-19,Office Supplies,Labels,4,2.95,0.2,11.81
CA-2014-103989,MC-17605,2014-03-19,Office Supplies,Storage,3,8.72,0.2,26.16
CA-2014-103989,MC-17605,2014-03-19,Office Supplies,Binders,5,6.71,0.7,33.57
CA-2014-103989,MC-17605,2014-03-19,Furniture,Furnishings,3,1.66,0.2,4.99
CA-2014-103989,MC-17605,2014-03-19,Furniture,Furnishings,3,6.67,0.2,20.02
CA-2014-103989,MC-17605,2014-03-19,Technology,Accessories,2,85.12,0.2,170.24
CA-2015-142433,ES-14020,2015-04-20,Office Supplies,Paper,3,39.15,0.2,117.46
CA-2015-132815,RW-19540,2015-09-19,Office Supplies,Paper,2,11.48,0.0,22.96
CA-2014-101266,MM-17920,2014-08-27,Office Supplies,Paper,2,6.68,0.0,13.36
CA-2016-141523,MH-17440,2016-12-19,Office Supplies,Binders,3,11.42,0.2,34.25
CA-2016-141523,MH-17440,2016-12-19,Office Supplies,Art,2,1.76,0.0,3.52
US-2014-106299,NZ-18565,2014-08-02,Office Supplies,Binders,5,5.34,0.0,26.7
US-2014-106299,NZ-18565,2014-08-02,Technology,Accessories,2,10.6,0.0,21.2
US-2014-106299,NZ-18565,2014-08-02,Office Supplies,Storage,2,419.19,0.0,838.38
CA-2015-158421,GB-14575,2015-09-21,Furniture,Chairs,4,422.51,0.0,1690.04
CA-2015-158421,GB-14575,2015-09-21,Office Supplies,Storage,7,12.28,0.0,85.96
CA-2015-158421,GB-14575,2015-09-21,Office Supplies,Envelopes,2,60.98,0.0,121.96
CA-2015-158421,GB-14575,2015-09-21,Office Supplies,Paper,4,5.98,0.0,23.92
CA-2015-158421,GB-14575,2015-09-21,Office Supplies,Storage,2,31.98,0.0,63.96
CA-2015-158421,GB-14575,2015-09-21,Technology,Phones,5,125.99,0.0,629.95
CA-2015-158421,GB-14575,2015-09-21,Technology,Phones,3,37.91,0.0,113.73
CA-2015-158421,GB-14575,2015-09-21,Office Supplies,Binders,2,7.3,0.0,14.6
CA-2015-158421,GB-14575,2015-09-21,Office Supplies,Storage,8,110.98,0.0,887.84
CA-2016-143609,DB-13270,2016-12-11,Furniture,Chairs,5,80.78,0.2,403.92
CA-2015-138331,JK-15625,2015-08-07,Office Supplies,Art,10,10.68,0.2,106.8
CA-2015-138954,MH-17785,2015-11-15,Office Supplies,Storage,3,23.65,0.0,70.95
CA-2015-138954,MH-17785,2015-11-15,Office Supplies,Binders,6,5.82,0.2,34.94
CA-2015-138954,MH-17785,2015-11-15,Office Supplies,Art,6,19.84,0.0,119.04
CA-2017-157903,AM-10705,2017-04-04,Technology,Phones,4,95.96,0.2,383.84
CA-2016-157259,JM-15535,2016-12-24,Furniture,Furnishings,9,88.84,0.0,799.56
CA-2017-107986,MW-18220,2017-12-13,Office Supplies,Storage,3,10.48,0.0,31.44
CA-2017-104927,AG-10330,2017-12-22,Office Supplies,Paper,5,5.18,0.2,25.92
CA-2017-104927,AG-10330,2017-12-22,Office Supplies,Binders,5,1.27,0.8,6.33
CA-2017-104927,AG-10330,2017-12-22,Office Supplies,Paper,5,15.18,0.2,75.88
CA-2017-113453,CM-12160,2017-10-21,Technology,Phones,2,164.99,0.4,329.99
CA-2017-113453,CM-12160,2017-10-21,Office Supplies,Storage,3,23.79,0.2,71.38
CA-2015-149909,RA-19915,2015-11-13,Office Supplies,Paper,7,9.11,0.0,63.77
CA-2015-149909,RA-19915,2015-11-13,Technology,Phones,3,16.99,0.0,50.97
CA-2015-149909,RA-19915,2015-11-13,Office Supplies,Paper,2,48.04,0.0,96.08
CA-2015-146675,SB-20185,2015-04-16,Technology,Copiers,4,359.99,0.2,1439.97
CA-2015-146675,SB-20185,2015-04-16,Technology,Accessories,3,14.52,0.2,43.56
CA-2016-118332,PK-19075,2016-12-16,Furniture,Chairs,5,112.78,0.2,563.92
CA-2016-133669,SV-20935,2016-10-21,Technology,Phones,8,29.39,0.4,235.15
CA-2017-145660,MG-17650,2017-12-01,Furniture,Furnishings,2,3.86,0.2,7.71
CA-2016-133697,CM-12445,2016-10-20,Office Supplies,Paper,7,7.29,0.2,51.02
CA-2016-133697,CM-12445,2016-10-20,Office Supplies,Fasteners,4,6.31,0.2,25.25
CA-2016-133697,CM-12445,2016-10-20,Furniture,Chairs,1,56.69,0.3,56.69
CA-2017-148138,ME-18010,2017-09-29,Office Supplies,Storage,2,25.58,0.2,51.17
CA-2017-119809,YS-21880,2017-08-18,Office Supplies,Binders,9,310.39,0.2,2793.53
CA-2017-119809,YS-21880,2017-08-18,Office Supplies,Storage,7,142.86,0.0,1000.02
CA-2017-119809,YS-21880,2017-08-18,Furniture,Furnishings,3,21.98,0.0,65.94
CA-2017-149944,MB-17305,2017-11-12,Office Supplies,Fasteners,3,6.08,0.0,18.24
CA-2017-149944,MB-17305,2017-11-12,Office Supplies,Appliances,2,38.06,0.0,76.12
CA-2014-128538,AS-10240,2014-10-11,Office Supplies,Envelopes,1,7.64,0.0,7.64
CA-2015-161711,MC-17425,2015-11-28,Furniture,Furnishings,3,22.72,0.0,68.16
CA-2015-161711,MC-17425,2015-11-28,Office Supplies,Envelopes,8,7.78,0.0,62.24
US-2015-129553,PG-18820,2015-07-27,Technology,Phones,3,9.99,0.0,29.97
CA-2016-160220,JS-16030,2016-10-20,Technology,Phones,6,20.95,0.0,125.7
CA-2016-160220,JS-16030,2016-10-20,Technology,Phones,2,95.99,0.0,191.98
CA-2016-160220,JS-16030,2016-10-20,Office Supplies,Storage,7,2.98,0.0,20.86
US-2017-157224,JB-16000,2017-09-14,Office Supplies,Labels,9,6.3,0.0,56.7
CA-2017-140627,DK-12985,2017-12-23,Furniture,Furnishings,4,18.18,0.2,72.7
CA-2017-140627,DK-12985,2017-12-23,Office Supplies,Art,7,1.75,0.2,12.26
CA-2017-140627,DK-12985,2017-12-23,Office Supplies,Storage,3,72.78,0.2,218.35
CA-2015-133445,JF-15490,2015-10-05,Furniture,Bookcases,1,66.29,0.7,66.29
CA-2015-133445,JF-15490,2015-10-05,Furniture,Chairs,4,72.79,0.2,291.17
CA-2014-148782,PO-18850,2014-11-02,Technology,Phones,3,29.59,0.2,88.78
CA-2016-148208,BT-11530,2016-01-22,Technology,Phones,4,27.59,0.4,110.38
CA-2016-148208,BT-11530,2016-01-22,Technology,Accessories,3,18.39,0.2,55.18
CA-2017-127656,NW-18400,2017-07-11,Office Supplies,Art,4,7.58,0.0,30.32
US-2017-142188,JF-15415,2017-09-11,Furniture,Chairs,2,88.78,0.2,177.57
US-2017-142188,JF-15415,2017-09-11,Office Supplies,Paper,3,6.48,0.0,19.44
US-2017-142188,JF-15415,2017-09-11,Office Supplies,Paper,11,6.48,0.0,71.28
US-2017-142188,JF-15415,2017-09-11,Office Supplies,Binders,5,294.39,0.2,1471.96
US-2017-142188,JF-15415,2017-09-11,Technology,Phones,5,15.99,0.2,79.96
CA-2016-144400,AC-10420,2016-02-23,Office Supplies,Envelopes,3,19.19,0.2,57.58
US-2016-155180,TB-21280,2016-01-22,Office Supplies,Binders,4,6.58,0.2,26.34
CA-2015-134075,HA-14905,2015-12-12,Furniture,Furnishings,3,55.5,0.0,166.5
CA-2015-134075,HA-14905,2015-12-12,Office Supplies,Storage,2,180.19,0.0,360.38
US-2016-131912,LH-17155,2016-10-29,Office Supplies,Binders,1,11.74,0.2,11.74
CA-2017-141572,LO-17170,2017-05-28,Furniture,Furnishings,8,30.93,0.0,247.44
CA-2014-134621,DP-13390,2014-12-21,Office Supplies,Binders,2,9.12,0.7,18.24
CA-2016-165561,CR-12580,2016-11-24,Office Supplies,Supplies,3,8.45,0.0,25.35
CA-2015-112305,KB-16405,2015-11-20,Office Supplies,Art,6,19.84,0.0,119.04
CA-2015-112305,KB-16405,2015-11-20,Furniture,Furnishings,3,7.38,0.0,22.14
CA-2015-112305,KB-16405,2015-11-20,Technology,Accessories,2,6.99,0.0,13.98
CA-2017-121580,ML-17410,2017-05-29,Office Supplies,Binders,1,43.41,0.0,43.41
CA-2017-121580,ML-17410,2017-05-29,Furniture,Furnishings,3,2.08,0.0,6.24
CA-2017-121580,ML-17410,2017-05-29,Office Supplies,Appliances,2,232.58,0.0,465.16
CA-2017-121580,ML-17410,2017-05-29,Office Supplies,Paper,1,7.98,0.0,7.98
CA-2014-101147,MC-17575,2014-12-02,Office Supplies,Appliances,1,2.39,0.8,2.39
CA-2014-165806,VM-21685,2014-04-07,Office Supplies,Paper,9,6.48,0.0,58.32
CA-2014-165806,VM-21685,2014-04-07,Technology,Phones,3,66.99,0.0,200.97
CA-2015-151624,VW-21775,2015-09-08,Furniture,Furnishings,8,2.67,0.0,21.36
CA-2017-139444,GK-14620,2017-09-09,Office Supplies,Labels,4,2.46,0.2,9.86
CA-2015-133977,AT-10435,2015-09-06,Office Supplies,Binders,1,3.44,0.7,3.44
CA-2017-141425,AR-10825,2017-11-02,Office Supplies,Supplies,2,192.3,0.2,384.59
CA-2015-133536,JH-15820,2015-03-28,Office Supplies,Envelopes,3,7.64,0.0,22.92
CA-2015-150441,RA-19285,2015-08-13,Office Supplies,Binders,4,2.84,0.0,11.36
CA-2015-162607,RO-19780,2015-05-12,Office Supplies,Binders,3,4.86,0.2,14.59
CA-2017-103506,LR-17035,2017-07-23,Office Supplies,Labels,4,10.35,0.0,41.4
CA-2016-132479,MK-17905,2016-09-24,Office Supplies,Binders,7,63.2,0.8,442.37
CA-2017-160724,YS-21880,2017-05-05,Office Supplies,Binders,3,11.5,0.0,34.5
US-2016-115952,JH-15910,2016-10-06,Office Supplies,Binders,5,5.77,0.0,28.85
CA-2014-146731,AT-10735,2014-11-03,Office Supplies,Paper,2,1.74,0.2,3.49
CA-2014-146731,AT-10735,2014-11-03,Office Supplies,Paper,9,15.98,0.2,143.86
CA-2015-115392,RM-19675,2015-10-01,Technology,Phones,2,155.99,0.0,311.98
CA-2015-115392,RM-19675,2015-10-01,Office Supplies,Binders,5,4.49,0.0,22.45
CA-2017-102379,BB-11545,2017-12-02,Technology,Phones,1,39.99,0.2,39.99
CA-2017-102379,BB-11545,2017-12-02,Furniture,Chairs,9,128.78,0.2,1159.06
CA-2017-102379,BB-11545,2017-12-02,Office Supplies,Art,5,35.98,0.0,179.9
CA-2017-149706,AS-10285,2017-12-11,Technology,Accessories,7,16.62,0.2,116.31
US-2016-139087,DK-13375,2016-07-17,Furniture,Furnishings,3,4.14,0.0,12.42
US-2016-139087,DK-13375,2016-07-17,Technology,Accessories,3,142.8,0.0,428.4
US-2016-139087,DK-13375,2016-07-17,Furniture,Furnishings,5,4.95,0.0,24.75
US-2016-139087,DK-13375,2016-07-17,Office Supplies,Labels,7,12.53,0.0,87.71
US-2016-139087,DK-13375,2016-07-17,Office Supplies,Storage,2,34.76,0.0,69.52
US-2016-139087,DK-13375,2016-07-17,Technology,Phones,2,10.39,0.2,20.78
US-2016-139087,DK-13375,2016-07-17,Office Supplies,Binders,3,4.27,0.2,12.82
CA-2017-152226,JH-15910,2017-05-12,Office Supplies,Labels,2,2.95,0.2,5.9
CA-2015-116484,JK-15205,2015-11-20,Furniture,Furnishings,2,31.91,0.2,63.82
CA-2015-116484,JK-15205,2015-11-20,Office Supplies,Storage,3,47.18,0.2,141.55
CA-2016-100944,EH-13765,2016-09-24,Office Supplies,Envelopes,5,60.98,0.0,304.9
CA-2016-100944,EH-13765,2016-09-24,Furniture,Chairs,5,112.65,0.2,563.24
CA-2016-125080,VW-21775,2016-10-21,Furniture,Tables,2,330.59,0.4,661.18
CA-2016-121020,CG-12040,2016-10-24,Technology,Phones,3,79.99,0.2,239.98
CA-2014-100090,EB-13705,2014-07-08,Furniture,Tables,3,167.5,0.2,502.49
CA-2014-100090,EB-13705,2014-07-08,Office Supplies,Binders,6,32.78,0.2,196.7
US-2015-139675,NF-18595,2015-03-13,Furniture,Chairs,4,228.78,0.2,915.14
US-2015-139675,NF-18595,2015-03-13,Furniture,Furnishings,8,40.97,0.0,327.76
CA-2017-143756,ME-17725,2017-12-02,Furniture,Chairs,2,350.98,0.0,701.96
CA-2015-151253,AZ-10750,2015-04-22,Technology,Phones,3,29.59,0.2,88.78
CA-2015-151253,AZ-10750,2015-04-22,Office Supplies,Art,3,21.38,0.0,64.14
CA-2014-141152,RF-19345,2014-09-16,Office Supplies,Binders,1,33.55,0.2,33.55
CA-2014-141313,AJ-10780,2014-12-28,Office Supplies,Appliances,6,289.53,0.0,1737.18
CA-2014-141313,AJ-10780,2014-12-28,Office Supplies,Storage,5,140.85,0.0,704.25
CA-2014-141313,AJ-10780,2014-12-28,Office Supplies,Paper,4,35.44,0.0,141.76
CA-2014-169852,SF-20965,2014-10-21,Office Supplies,Binders,3,12.12,0.2,36.36
CA-2017-107314,MZ-17335,2017-11-30,Furniture,Furnishings,3,8.61,0.0,25.83
US-2014-161305,SB-20170,2014-06-06,Office Supplies,Binders,3,8.2,0.8,24.59
US-2014-161305,SB-20170,2014-06-06,Office Supplies,Envelopes,2,6.99,0.2,13.98
CA-2017-166919,AH-10210,2017-11-23,Technology,Phones,5,39.19,0.2,195.96
CA-2017-162712,NK-18490,2017-06-18,Office Supplies,Paper,3,24.78,0.2,74.35
CA-2017-107552,AI-10855,2017-05-05,Office Supplies,Paper,1,6.68,0.0,6.68
CA-2016-163328,TP-21565,2016-11-04,Office Supplies,Supplies,7,2.51,0.2,17.58
CA-2016-163328,TP-21565,2016-11-04,Furniture,Chairs,1,104.78,0.2,104.78
CA-2016-163328,TP-21565,2016-11-04,Office Supplies,Paper,3,15.98,0.2,47.95
CA-2016-163328,TP-21565,2016-11-04,Furniture,Chairs,3,216.78,0.2,650.35
CA-2016-163328,TP-21565,2016-11-04,Office Supplies,Labels,8,78.65,0.2,629.18
CA-2016-163328,TP-21565,2016-11-04,Office Supplies,Paper,1,15.18,0.2,15.18
CA-2014-112837,LW-17125,2014-09-11,Furniture,Furnishings,3,42.65,0.0,127.95
CA-2017-120019,NG-18355,2017-02-16,Office Supplies,Storage,3,193.17,0.0,579.51
CA-2017-120019,NG-18355,2017-02-16,Technology,Phones,1,14.99,0.0,14.99
CA-2014-100762,NG-18355,2014-11-24,Office Supplies,Art,4,37.98,0.0,151.92
CA-2014-100762,NG-18355,2014-11-24,Office Supplies,Labels,2,98.31,0.0,196.62
CA-2014-100762,NG-18355,2014-11-24,Office Supplies,Paper,3,48.04,0.0,144.12
CA-2014-100762,NG-18355,2014-11-24,Office Supplies,Paper,2,7.98,0.0,15.96
CA-2017-161459,EB-13750,2017-11-25,Technology,Phones,5,7.99,0.2,39.96
CA-2017-161459,EB-13750,2017-11-25,Office Supplies,Paper,6,5.68,0.0,34.08
CA-2017-160017,SP-20860,2017-09-28,Office Supplies,Paper,2,5.18,0.2,10.37
CA-2014-123316,SP-20545,2014-10-13,Office Supplies,Binders,3,2.58,0.2,7.75
CA-2014-141299,RB-19795,2014-06-03,Office Supplies,Envelopes,2,7.64,0.0,15.28
CA-2014-104402,DB-13660,2014-06-17,Technology,Machines,3,21.99,0.0,65.97
CA-2015-110289,NB-18655,2015-10-29,Office Supplies,Paper,5,6.68,0.0,33.4
CA-2015-110289,NB-18655,2015-10-29,Office Supplies,Envelopes,4,52.71,0.0,210.84
CA-2014-167927,XP-21865,2014-01-20,Office Supplies,Storage,1,13.98,0.0,13.98
CA-2014-167927,XP-21865,2014-01-20,Furniture,Furnishings,3,90.98,0.0,272.94
CA-2014-167927,XP-21865,2014-01-20,Office Supplies,Binders,5,3.81,0.0,19.05
CA-2014-167927,XP-21865,2014-01-20,Office Supplies,Appliances,4,61.93,0.1,247.72
CA-2014-167927,XP-21865,2014-01-20,Office Supplies,Storage,2,33.29,0.0,66.58
CA-2014-167927,XP-21865,2014-01-20,Office Supplies,Art,3,14.64,0.0,43.92
CA-2014-167927,XP-21865,2014-01-20,Furniture,Furnishings,3,4.91,0.0,14.73
CA-2014-167927,XP-21865,2014-01-20,Office Supplies,Binders,5,5.94,0.0,29.7
CA-2014-133305,MH-17455,2014-07-11,Office Supplies,Paper,4,12.28,0.0,49.12
CA-2014-133305,MH-17455,2014-07-11,Office Supplies,Binders,5,3.66,0.2,18.28
CA-2016-165995,BG-11740,2016-08-30,Furniture,Furnishings,4,11.76,0.0,47.04
CA-2016-165995,BG-11740,2016-08-30,Technology,Phones,5,67.99,0.2,339.96
CA-2017-143112,TS-21370,2017-10-05,Technology,Phones,4,21.95,0.0,87.8
CA-2017-143112,TS-21370,2017-10-05,Furniture,Chairs,2,110.69,0.1,221.38
CA-2017-143112,TS-21370,2017-10-05,Technology,Machines,4,1299.99,0.0,5199.96
US-2017-105830,DB-13660,2016-12-31,Office Supplies,Storage,4,39.13,0.2,156.51
CA-2015-146255,EM-14140,2015-03-07,Technology,Accessories,3,39.95,0.0,119.85
CA-2015-146255,EM-14140,2015-03-07,Office Supplies,Binders,2,15.22,0.0,30.44
CA-2015-146255,EM-14140,2015-03-07,Office Supplies,Binders,2,34.64,0.0,69.28
CA-2015-146255,EM-14140,2015-03-07,Technology,Phones,3,195.99,0.0,587.97
CA-2017-104822,RB-19465,2017-10-20,Office Supplies,Labels,5,4.91,0.0,24.55
CA-2015-104486,PO-18850,2015-05-01,Office Supplies,Binders,1,12.18,0.2,12.18
CA-2015-104486,PO-18850,2015-05-01,Office Supplies,Storage,3,12.44,0.0,37.32
CA-2015-104486,PO-18850,2015-05-01,Office Supplies,Supplies,2,17.53,0.0,35.06
CA-2017-161557,AG-10900,2017-09-03,Furniture,Furnishings,5,21.68,0.6,108.4
CA-2017-161130,BF-11275,2017-11-03,Technology,Phones,2,180.69,0.2,361.38
US-2015-161347,HG-14845,2015-09-13,Office Supplies,Binders,1,2.41,0.7,2.41
US-2015-109015,BS-11590,2015-09-06,Office Supplies,Appliances,1,8.39,0.0,8.39
US-2015-109015,BS-11590,2015-09-06,Technology,Phones,2,168.99,0.0,337.98
CA-2014-110611,JD-16015,2014-10-06,Office Supplies,Storage,5,16.78,0.2,83.92
CA-2017-139080,CS-12250,2017-01-23,Office Supplies,Binders,5,3.94,0.2,19.68
CA-2017-139080,CS-12250,2017-01-23,Office Supplies,Paper,4,6.48,0.0,25.92
CA-2017-139080,CS-12250,2017-01-23,Office Supplies,Paper,1,6.48,0.0,6.48
CA-2017-139080,CS-12250,2017-01-23,Technology,Phones,6,14.39,0.2,86.35
CA-2015-115693,FC-14245,2015-12-10,Office Supplies,Art,2,28.15,0.0,56.3
US-2014-107993,SE-20110,2014-11-25,Office Supplies,Art,7,7.29,0.2,51.02
CA-2017-110443,CK-12205,2017-11-21,Office Supplies,Binders,5,30.16,0.2,150.8
CA-2017-110443,CK-12205,2017-11-21,Technology,Machines,1,1039.99,0.2,1039.99
CA-2017-110443,CK-12205,2017-11-21,Office Supplies,Paper,8,6.48,0.0,51.84
CA-2017-144848,DS-13030,2017-04-04,Technology,Phones,1,41.22,0.0,41.22
CA-2017-144848,DS-13030,2017-04-04,Office Supplies,Supplies,1,240.37,0.0,240.37
CA-2017-144848,DS-13030,2017-04-04,Technology,Phones,2,59.51,0.0,119.02
US-2017-147998,SA-20830,2017-05-19,Office Supplies,Binders,5,26.62,0.2,133.12
CA-2016-103919,TP-21565,2016-10-03,Furniture,Furnishings,5,7.62,0.6,38.08
CA-2016-113425,JK-16120,2016-11-21,Furniture,Bookcases,2,56.78,0.2,113.57
CA-2017-143035,CC-12430,2017-10-03,Furniture,Furnishings,4,20.98,0.0,83.92
CA-2017-143035,CC-12430,2017-10-03,Office Supplies,Art,3,2.21,0.0,6.63
CA-2017-143035,CC-12430,2017-10-03,Technology,Accessories,3,123.99,0.0,371.97
CA-2014-107811,LA-16780,2014-04-29,Furniture,Chairs,2,280.79,0.2,561.58
CA-2014-107811,LA-16780,2014-04-29,Office Supplies,Storage,5,19.98,0.2,99.92
CA-2016-163216,AW-10930,2016-10-07,Office Supplies,Labels,2,2.46,0.2,4.93
US-2016-116442,BP-11230,2016-12-15,Furniture,Furnishings,2,7.38,0.0,14.76
CA-2017-150623,DB-13360,2017-04-10,Technology,Accessories,1,99.99,0.0,99.99
CA-2017-150623,DB-13360,2017-04-10,Office Supplies,Storage,5,57.23,0.0,286.15
US-2014-163797,PC-19000,2014-04-08,Office Supplies,Fasteners,8,6.22,0.2,49.79
CA-2016-127236,TB-21595,2016-03-29,Furniture,Bookcases,5,60.0,0.5,299.98
CA-2016-127236,TB-21595,2016-03-29,Technology,Phones,4,39.59,0.4,158.38
US-2017-104661,TB-21250,2017-01-15,Office Supplies,Binders,4,8.2,0.8,32.78
US-2017-104661,TB-21250,2017-01-15,Technology,Accessories,2,23.99,0.2,47.98
US-2017-104661,TB-21250,2017-01-15,Technology,Accessories,8,7.82,0.2,62.59
US-2017-104661,TB-21250,2017-01-15,Office Supplies,Binders,1,4.28,0.8,4.28
CA-2014-134103,MV-18190,2014-01-30,Office Supplies,Paper,2,5.28,0.0,10.56
CA-2014-134103,MV-18190,2014-01-30,Office Supplies,Storage,2,114.97,0.0,229.94
CA-2015-147529,DK-12835,2015-02-07,Office Supplies,Envelopes,5,62.23,0.0,311.15
CA-2015-147529,DK-12835,2015-02-07,Office Supplies,Paper,2,6.48,0.0,12.96
CA-2016-129126,PK-19075,2016-12-14,Office Supplies,Paper,2,7.31,0.0,14.62
CA-2016-129126,PK-19075,2016-12-14,Office Supplies,Labels,2,2.88,0.0,5.76
CA-2016-129126,PK-19075,2016-12-14,Office Supplies,Fasteners,6,3.58,0.0,21.48
CA-2016-129126,PK-19075,2016-12-14,Furniture,Furnishings,4,99.23,0.0,396.92
CA-2016-129126,PK-19075,2016-12-14,Office Supplies,Storage,1,17.15,0.0,17.15
CA-2016-129126,PK-19075,2016-12-14,Office Supplies,Binders,2,11.56,0.2,23.12
CA-2017-131632,AH-10120,2017-10-31,Office Supplies,Art,2,2.62,0.2,5.25
CA-2017-151981,GM-14455,2017-08-06,Technology,Phones,5,164.99,0.0,824.95
CA-2017-151981,GM-14455,2017-08-06,Office Supplies,Labels,8,3.08,0.0,24.64
CA-2017-151981,GM-14455,2017-08-06,Office Supplies,Art,6,37.98,0.0,227.88
CA-2017-125472,BD-11725,2017-05-30,Furniture,Bookcases,2,120.98,0.0,241.96
CA-2017-125472,BD-11725,2017-05-30,Office Supplies,Binders,1,3.89,0.0,3.89
CA-2017-125472,BD-11725,2017-05-30,Furniture,Furnishings,3,2.67,0.0,8.01
CA-2015-156328,RM-19375,2015-11-30,Technology,Phones,3,59.16,0.2,177.48
CA-2017-154074,BW-11110,2017-08-31,Furniture,Chairs,2,284.78,0.2,569.57
CA-2017-154074,BW-11110,2017-08-31,Office Supplies,Storage,7,21.39,0.0,149.73
CA-2017-161774,GT-14710,2017-05-14,Furniture,Chairs,5,179.89,0.3,899.43
CA-2017-161774,GT-14710,2017-05-14,Office Supplies,Art,5,9.24,0.2,46.2
CA-2017-161774,GT-14710,2017-05-14,Office Supplies,Paper,3,15.98,0.2,47.95
CA-2017-161774,GT-14710,2017-05-14,Technology,Phones,1,7.99,0.2,7.99
CA-2017-161774,GT-14710,2017-05-14,Office Supplies,Paper,2,38.43,0.2,76.86
CA-2017-151211,AH-10120,2017-08-17,Office Supplies,Binders,3,34.31,0.0,102.93
CA-2017-151211,AH-10120,2017-08-17,Technology,Accessories,6,16.36,0.0,98.16
CA-2017-142671,DR-12940,2017-11-10,Office Supplies,Binders,5,2.3,0.7,11.52
CA-2017-144750,DL-13495,2017-08-21,Office Supplies,Paper,1,83.88,0.2,83.88
CA-2016-111976,BD-11620,2016-03-08,Technology,Phones,4,27.14,0.4,108.58
CA-2016-111976,BD-11620,2016-03-08,Office Supplies,Fasteners,2,2.99,0.2,5.98
CA-2016-140130,HW-14935,2016-10-31,Office Supplies,Supplies,2,10.98,0.0,21.96
CA-2016-140130,HW-14935,2016-10-31,Furniture,Chairs,3,122.99,0.0,368.97
CA-2016-140130,HW-14935,2016-10-31,Office Supplies,Art,3,4.13,0.0,12.39
CA-2016-140130,HW-14935,2016-10-31,Office Supplies,Storage,3,110.98,0.0,332.94
CA-2014-159121,JO-15145,2014-07-26,Technology,Accessories,7,15.99,0.0,111.93
CA-2015-149650,RD-19660,2015-10-24,Furniture,Chairs,8,56.78,0.2,454.27
CA-2017-115777,DO-13645,2017-08-19,Office Supplies,Paper,3,6.48,0.0,19.44
CA-2016-143714,CC-12370,2016-05-23,Technology,Copiers,4,2099.99,0.4,8399.98
CA-2016-143714,CC-12370,2016-05-23,Office Supplies,Binders,1,6.29,0.7,6.29
CA-2016-143714,CC-12370,2016-05-23,Office Supplies,Paper,2,5.18,0.2,10.37
CA-2016-143714,CC-12370,2016-05-23,Technology,Phones,3,40.79,0.4,122.38
CA-2014-165764,SH-20395,2014-11-03,Office Supplies,Storage,2,12.99,0.2,25.98
CA-2014-165764,SH-20395,2014-11-03,Furniture,Tables,6,157.51,0.4,945.04
CA-2014-165764,SH-20395,2014-11-03,Office Supplies,Binders,7,2.04,0.7,14.3
CA-2014-165764,SH-20395,2014-11-03,Furniture,Furnishings,3,136.78,0.2,410.35
CA-2015-121405,FC-14335,2015-03-30,Office Supplies,Paper,5,4.7,0.2,23.52
CA-2015-121405,FC-14335,2015-03-30,Technology,Phones,5,36.19,0.2,180.96
US-2017-116897,JG-15160,2017-05-27,Furniture,Furnishings,4,8.75,0.0,35.0
US-2017-116897,JG-15160,2017-05-27,Office Supplies,Storage,5,95.43,0.0,477.15
US-2017-116897,JG-15160,2017-05-27,Technology,Phones,3,100.79,0.2,302.38
US-2017-113992,LC-16885,2017-12-14,Furniture,Tables,4,243.75,0.3,974.99
CA-2014-166891,CC-12220,2014-10-04,Furniture,Chairs,5,117.88,0.1,589.41
CA-2016-101161,BW-11110,2016-10-13,Office Supplies,Art,5,6.94,0.0,34.7
CA-2016-101161,BW-11110,2016-10-13,Office Supplies,Storage,3,33.29,0.0,99.87
CA-2016-101161,BW-11110,2016-10-13,Office Supplies,Paper,2,18.97,0.0,37.94
CA-2016-101161,BW-11110,2016-10-13,Office Supplies,Labels,5,4.98,0.0,24.9
CA-2016-101161,BW-11110,2016-10-13,Furniture,Furnishings,3,27.42,0.0,82.26
CA-2015-151785,JJ-15445,2015-03-05,Office Supplies,Fasteners,6,1.18,0.2,7.1
US-2017-119816,TT-21460,2017-03-04,Furniture,Furnishings,5,20.7,0.6,103.5
US-2017-119816,TT-21460,2017-03-04,Office Supplies,Labels,1,2.46,0.2,2.46
US-2017-119816,TT-21460,2017-03-04,Office Supplies,Storage,1,8.72,0.2,8.72
CA-2015-156510,EH-13990,2015-09-25,Office Supplies,Binders,2,5.38,0.0,10.76
CA-2015-156510,EH-13990,2015-09-25,Office Supplies,Paper,2,22.84,0.0,45.68
CA-2015-156510,EH-13990,2015-09-25,Office Supplies,Art,1,6.7,0.0,6.7
US-2015-110261,PR-18880,2015-12-19,Technology,Phones,3,52.79,0.2,158.38
CA-2015-125710,BT-11680,2015-10-08,Office Supplies,Art,2,1.72,0.2,3.44
CA-2017-161102,EC-14050,2017-07-31,Office Supplies,Storage,2,28.28,0.0,56.56
CA-2017-161102,EC-14050,2017-07-31,Furniture,Furnishings,7,5.28,0.0,36.96
CA-2014-110065,SP-20650,2014-08-05,Technology,Phones,1,135.99,0.0,135.99
CA-2014-110065,SP-20650,2014-08-05,Office Supplies,Art,7,2.28,0.0,15.96
US-2017-133361,AJ-10780,2017-05-14,Office Supplies,Art,2,1.88,0.0,3.76
US-2017-133361,AJ-10780,2017-05-14,Office Supplies,Art,5,2.94,0.0,14.7
US-2017-133361,AJ-10780,2017-05-14,Office Supplies,Art,5,7.44,0.0,37.2
US-2017-133361,AJ-10780,2017-05-14,Technology,Accessories,3,29.99,0.0,89.97
US-2017-133361,AJ-10780,2017-05-14,Furniture,Chairs,2,130.98,0.0,261.96
US-2017-133361,AJ-10780,2017-05-14,Office Supplies,Labels,5,14.8,0.0,74.0
US-2016-155404,AS-10630,2016-09-22,Furniture,Furnishings,2,6.64,0.0,13.28
CA-2015-114503,AA-10375,2015-11-13,Office Supplies,Storage,6,14.16,0.2,84.96
CA-2017-153080,EH-13945,2017-05-22,Technology,Accessories,7,9.78,0.0,68.46
CA-2016-163804,DB-13270,2016-12-02,Office Supplies,Storage,5,415.88,0.0,2079.4
CA-2016-163804,DB-13270,2016-12-02,Technology,Phones,5,125.99,0.0,629.95
CA-2016-163804,DB-13270,2016-12-02,Furniture,Furnishings,6,12.07,0.0,72.42
CA-2015-108532,CC-12100,2015-08-29,Technology,Phones,2,65.99,0.0,131.98
CA-2015-108532,CC-12100,2015-08-29,Technology,Accessories,7,16.36,0.0,114.52
CA-2014-151897,VT-21700,2014-06-06,Office Supplies,Labels,10,10.02,0.2,100.24
CA-2016-113292,DB-13060,2016-03-18,Office Supplies,Appliances,3,290.6,0.2,871.8
CA-2014-149524,BS-11590,2014-01-14,Furniture,Bookcases,4,15.49,0.5,61.96
CA-2017-140872,NR-18550,2017-06-03,Office Supplies,Binders,3,1.52,0.7,4.55
CA-2017-140872,NR-18550,2017-06-03,Office Supplies,Appliances,2,2.6,0.2,5.2
CA-2017-140872,NR-18550,2017-06-03,Technology,Accessories,1,205.99,0.2,205.99
CA-2017-140872,NR-18550,2017-06-03,Office Supplies,Paper,3,5.18,0.2,15.55
CA-2017-140872,NR-18550,2017-06-03,Technology,Phones,5,100.79,0.2,503.96
CA-2017-140872,NR-18550,2017-06-03,Office Supplies,Appliances,7,3.5,0.2,24.47
CA-2017-140872,NR-18550,2017-06-03,Furniture,Bookcases,2,120.78,0.2,241.57
CA-2017-140872,NR-18550,2017-06-03,Technology,Accessories,2,55.2,0.2,110.4
CA-2017-113908,KN-16390,2017-06-03,Furniture,Tables,2,192.38,0.4,384.77
CA-2017-113908,KN-16390,2017-06-03,Technology,Machines,6,13.11,0.0,78.66
CA-2017-113908,KN-16390,2017-06-03,Office Supplies,Paper,4,11.34,0.0,45.36
CA-2015-120621,JW-16075,2015-03-21,Office Supplies,Appliances,4,240.52,0.2,962.08
CA-2015-120621,JW-16075,2015-03-21,Office Supplies,Binders,3,4.28,0.7,12.84
CA-2015-120621,JW-16075,2015-03-21,Office Supplies,Paper,14,21.1,0.2,295.46
US-2017-148866,JM-15535,2017-09-19,Office Supplies,Paper,5,6.48,0.0,32.4
CA-2014-149594,MF-18250,2014-09-15,Furniture,Furnishings,4,25.98,0.2,103.94
CA-2016-113845,FA-14230,2016-11-20,Furniture,Bookcases,2,144.78,0.2,289.57
CA-2016-113845,FA-14230,2016-11-20,Office Supplies,Storage,5,7.94,0.2,39.72
CA-2016-113845,FA-14230,2016-11-20,Technology,Phones,4,61.19,0.2,244.77
CA-2017-111262,KH-16510,2017-10-28,Technology,Accessories,2,12.0,0.2,24.0
CA-2017-111262,KH-16510,2017-10-28,Office Supplies,Paper,3,5.18,0.2,15.55
CA-2017-111262,KH-16510,2017-10-28,Technology,Accessories,2,13.09,0.2,26.18
CA-2015-103135,SS-20515,2015-07-24,Furniture,Furnishings,3,6.98,0.0,20.94
CA-2015-103135,SS-20515,2015-07-24,Office Supplies,Binders,9,15.01,0.0,135.09
CA-2015-103135,SS-20515,2015-07-24,Technology,Accessories,14,19.99,0.0,279.86
CA-2015-103135,SS-20515,2015-07-24,Office Supplies,Binders,6,15.01,0.0,90.06
CA-2014-129147,LC-17050,2014-11-02,Technology,Phones,6,89.99,0.4,539.96
CA-2014-129147,LC-17050,2014-11-02,Technology,Phones,7,7.18,0.4,50.23
CA-2014-129147,LC-17050,2014-11-02,Office Supplies,Binders,3,6.41,0.7,19.24
CA-2017-128265,VW-21775,2017-11-17,Office Supplies,Storage,3,415.88,0.0,1247.64
CA-2016-152331,LD-16855,2016-06-26,Office Supplies,Art,3,1.77,0.2,5.3
US-2016-128909,SP-20545,2016-10-09,Office Supplies,Paper,4,4.78,0.2,19.14
US-2016-128909,SP-20545,2016-10-09,Furniture,Furnishings,4,83.21,0.2,332.83
CA-2017-102197,DK-13150,2017-12-20,Office Supplies,Paper,5,55.98,0.0,279.9
CA-2017-102197,DK-13150,2017-12-20,Office Supplies,Binders,3,16.78,0.2,50.35
CA-2017-102197,DK-13150,2017-12-20,Office Supplies,Paper,3,11.34,0.0,34.02
CA-2017-167640,FC-14245,2017-03-06,Office Supplies,Art,6,3.98,0.0,23.88
CA-2017-167640,FC-14245,2017-03-06,Office Supplies,Labels,4,2.88,0.0,11.52
CA-2017-167640,FC-14245,2017-03-06,Office Supplies,Paper,7,40.99,0.0,286.93
CA-2017-167640,FC-14245,2017-03-06,Technology,Phones,2,103.19,0.2,206.38
US-2017-116652,RD-19480,2017-09-15,Furniture,Chairs,3,72.78,0.2,218.35
US-2017-116652,RD-19480,2017-09-15,Furniture,Furnishings,5,105.98,0.0,529.9
US-2017-116652,RD-19480,2017-09-15,Office Supplies,Art,10,9.93,0.0,99.3
US-2017-116652,RD-19480,2017-09-15,Office Supplies,Appliances,2,54.48,0.0,108.96
US-2017-116652,RD-19480,2017-09-15,Office Supplies,Binders,1,2.69,0.2,2.69
CA-2017-138289,AR-10540,2017-01-16,Office Supplies,Binders,4,1360.99,0.0,5443.96
CA-2017-138289,AR-10540,2017-01-16,Furniture,Chairs,3,100.89,0.0,302.67
CA-2017-138289,AR-10540,2017-01-16,Office Supplies,Paper,7,8.01,0.0,56.07
CA-2016-129308,CC-12100,2016-07-07,Office Supplies,Labels,2,5.04,0.2,10.08
CA-2016-129308,CC-12100,2016-07-07,Technology,Phones,1,59.99,0.4,59.99
CA-2016-129308,CC-12100,2016-07-07,Office Supplies,Binders,5,1.14,0.7,5.72
CA-2016-129308,CC-12100,2016-07-07,Office Supplies,Binders,5,1.88,0.7,9.42
CA-2016-157791,CA-11965,2016-12-23,Technology,Copiers,4,499.99,0.0,1999.96
CA-2014-146864,BT-11530,2014-12-22,Office Supplies,Storage,4,54.1,0.0,216.4
CA-2014-103744,MG-17875,2014-02-23,Office Supplies,Labels,3,2.31,0.2,6.94
CA-2014-103744,MG-17875,2014-02-23,Office Supplies,Binders,3,1.48,0.8,4.43
US-2017-107384,TP-21130,2017-12-04,Office Supplies,Art,5,1.76,0.0,8.8
US-2017-107384,TP-21130,2017-12-04,Technology,Accessories,1,142.8,0.0,142.8
US-2017-107384,TP-21130,2017-12-04,Technology,Accessories,5,79.99,0.0,399.95
CA-2014-128209,GT-14710,2014-11-17,Office Supplies,Binders,3,717.59,0.2,2152.78
CA-2014-128209,GT-14710,2014-11-17,Furniture,Bookcases,10,400.78,0.2,4007.84
CA-2014-169684,FH-14365,2014-10-20,Furniture,Tables,3,109.53,0.4,328.59
CA-2014-169684,FH-14365,2014-10-20,Office Supplies,Storage,3,32.78,0.2,98.35
CA-2015-109862,HK-14890,2015-10-25,Technology,Phones,1,158.99,0.0,158.99
CA-2015-109862,HK-14890,2015-10-25,Furniture,Chairs,5,58.22,0.0,291.1
US-2017-107888,CC-12220,2017-11-16,Office Supplies,Paper,6,12.28,0.0,73.68
US-2017-107888,CC-12220,2017-11-16,Furniture,Furnishings,2,69.96,0.0,139.92
US-2017-107888,CC-12220,2017-11-16,Technology,Phones,3,35.96,0.2,107.88
US-2017-107888,CC-12220,2017-11-16,Office Supplies,Storage,1,33.29,0.0,33.29
US-2017-154872,DP-13000,2017-05-14,Office Supplies,Binders,5,11.63,0.7,58.17
US-2017-154872,DP-13000,2017-05-14,Office Supplies,Labels,2,2.52,0.2,5.04
US-2017-154872,DP-13000,2017-05-14,Office Supplies,Paper,1,24.78,0.2,24.78
CA-2014-113880,VF-21715,2014-03-01,Furniture,Chairs,6,105.69,0.3,634.12
CA-2014-113880,VF-21715,2014-03-01,Office Supplies,Paper,3,5.82,0.2,17.47
US-2015-164966,GH-14410,2015-07-30,Furniture,Chairs,6,25.98,0.0,155.88
CA-2015-126739,JH-16180,2015-11-01,Furniture,Chairs,4,81.89,0.1,327.56
CA-2017-161578,RB-19465,2017-12-16,Office Supplies,Paper,2,6.68,0.0,13.36
CA-2017-161578,RB-19465,2017-12-16,Office Supplies,Storage,5,31.78,0.0,158.9
CA-2014-137092,LS-16975,2014-10-20,Technology,Accessories,4,79.99,0.2,319.97
CA-2014-137092,LS-16975,2014-10-20,Office Supplies,Storage,3,168.44,0.2,505.32
CA-2014-137092,LS-16975,2014-10-20,Office Supplies,Paper,1,3.81,0.2,3.81
CA-2014-137092,LS-16975,2014-10-20,Office Supplies,Binders,1,8.68,0.8,8.68
CA-2014-137092,LS-16975,2014-10-20,Office Supplies,Labels,1,24.42,0.2,24.42
CA-2015-166947,EB-13750,2015-06-05,Furniture,Chairs,9,169.18,0.1,1522.64
CA-2016-160941,DK-12835,2016-07-21,Office Supplies,Envelopes,5,83.98,0.0,419.9
CA-2016-160941,DK-12835,2016-07-21,Office Supplies,Labels,1,3.15,0.0,3.15
CA-2017-144680,SC-20260,2017-03-31,Office Supplies,Appliances,5,6.72,0.8,33.62
CA-2014-166086,CT-11995,2014-05-07,Office Supplies,Binders,3,5.38,0.0,16.14
CA-2014-166086,CT-11995,2014-05-07,Furniture,Tables,2,97.12,0.3,194.25
CA-2014-166086,CT-11995,2014-05-07,Office Supplies,Art,3,2.88,0.0,8.64
CA-2014-166086,CT-11995,2014-05-07,Furniture,Chairs,4,218.08,0.0,872.32
CA-2017-131282,CB-12025,2017-02-05,Office Supplies,Binders,4,61.0,0.8,243.99
CA-2017-131282,CB-12025,2017-02-05,Office Supplies,Art,5,1.42,0.2,7.12
CA-2014-100678,KM-16720,2014-04-18,Office Supplies,Art,2,1.34,0.2,2.69
CA-2014-100678,KM-16720,2014-04-18,Furniture,Chairs,3,105.69,0.3,317.06
CA-2014-100678,KM-16720,2014-04-18,Office Supplies,Envelopes,3,49.78,0.2,149.35
CA-2014-100678,KM-16720,2014-04-18,Technology,Accessories,3,75.99,0.2,227.98
CA-2016-161543,RD-19720,2016-05-10,Office Supplies,Paper,2,5.98,0.0,11.96
CA-2016-160535,BP-11050,2016-11-25,Office Supplies,Storage,4,140.85,0.0,563.4
CA-2016-160535,BP-11050,2016-11-25,Technology,Machines,8,39.99,0.0,319.92
CA-2017-123085,EJ-13720,2017-03-03,Technology,Accessories,8,131.18,0.0,1049.44
CA-2017-123085,EJ-13720,2017-03-03,Furniture,Chairs,3,56.78,0.2,170.35
CA-2015-153752,RO-19780,2015-12-06,Technology,Phones,6,28.99,0.0,173.94
CA-2014-103660,MW-18220,2014-08-25,Technology,Phones,7,143.99,0.2,1007.94
CA-2016-169887,MS-17530,2016-10-22,Office Supplies,Paper,1,6.68,0.0,6.68
CA-2016-169887,MS-17530,2016-10-22,Office Supplies,Art,3,2.78,0.0,8.34
CA-2016-169887,MS-17530,2016-10-22,Furniture,Furnishings,3,33.98,0.0,101.94
CA-2016-148516,DW-13585,2016-08-07,Technology,Accessories,3,59.99,0.0,179.97
CA-2017-104731,AM-10705,2017-07-21,Office Supplies,Art,6,16.99,0.0,101.94
CA-2017-104731,AM-10705,2017-07-21,Technology,Phones,4,67.99,0.0,271.96
CA-2017-104731,AM-10705,2017-07-21,Furniture,Furnishings,5,1.76,0.0,8.8
CA-2017-104731,AM-10705,2017-07-21,Office Supplies,Art,6,3.28,0.0,19.68
CA-2017-104731,AM-10705,2017-07-21,Furniture,Bookcases,3,100.98,0.0,302.94
CA-2017-104731,AM-10705,2017-07-21,Office Supplies,Binders,3,4.98,0.0,14.94
CA-2017-104731,AM-10705,2017-07-21,Office Supplies,Supplies,2,115.86,0.0,231.72
CA-2014-164749,BG-11740,2014-03-23,Office Supplies,Labels,3,3.3,0.2,9.91
CA-2015-103716,KB-16585,2015-04-30,Office Supplies,Art,3,11.55,0.0,34.65
CA-2015-103716,KB-16585,2015-04-30,Technology,Phones,5,3.96,0.2,19.8
CA-2016-126795,GT-14710,2016-06-13,Office Supplies,Binders,2,16.78,0.2,33.57
CA-2015-146290,SV-20815,2015-05-04,Office Supplies,Art,7,17.99,0.0,125.93
CA-2017-157112,GG-14650,2017-04-23,Office Supplies,Binders,5,2.35,0.7,11.76
CA-2017-157112,GG-14650,2017-04-23,Office Supplies,Paper,1,5.34,0.2,5.34
CA-2014-169257,SV-20785,2014-06-06,Office Supplies,Binders,1,1.36,0.7,1.36
CA-2014-169257,SV-20785,2014-06-06,Office Supplies,Paper,2,31.01,0.2,62.02
CA-2014-154095,ON-18715,2014-12-02,Furniture,Furnishings,3,20.24,0.0,60.72
CA-2014-154095,ON-18715,2014-12-02,Office Supplies,Paper,3,48.94,0.0,146.82
CA-2014-154095,ON-18715,2014-12-02,Furniture,Chairs,8,29.98,0.0,239.84
CA-2014-154095,ON-18715,2014-12-02,Office Supplies,Labels,6,2.61,0.0,15.66
CA-2017-146346,RA-19945,2017-06-17,Office Supplies,Storage,3,48.78,0.2,146.35
CA-2016-148852,SV-20785,2016-05-26,Office Supplies,Fasteners,3,1.98,0.0,5.94
CA-2016-148852,SV-20785,2016-05-26,Office Supplies,Paper,7,6.48,0.0,45.36
CA-2016-148852,SV-20785,2016-05-26,Technology,Phones,4,52.79,0.2,211.17
CA-2016-148852,SV-20785,2016-05-26,Furniture,Chairs,6,80.78,0.2,484.7
CA-2016-148852,SV-20785,2016-05-26,Technology,Machines,3,123.99,0.2,371.98
US-2015-118906,KB-16585,2015-03-10,Office Supplies,Storage,6,14.97,0.0,89.82
CA-2016-168921,AG-10495,2016-10-20,Office Supplies,Binders,3,6.43,0.2,19.3
CA-2015-107678,JK-16090,2015-04-21,Furniture,Chairs,2,95.98,0.0,191.96
CA-2015-107678,JK-16090,2015-04-21,Office Supplies,Binders,3,7.1,0.0,21.3
CA-2015-107678,JK-16090,2015-04-21,Technology,Phones,5,93.99,0.0,469.95
CA-2015-107678,JK-16090,2015-04-21,Furniture,Furnishings,3,69.96,0.0,209.88
CA-2016-123512,MV-18190,2016-06-17,Furniture,Bookcases,2,119.83,0.15,239.67
CA-2016-123512,MV-18190,2016-06-17,Office Supplies,Labels,6,3.75,0.0,22.5
CA-2016-123512,MV-18190,2016-06-17,Office Supplies,Paper,4,54.96,0.0,219.84
US-2017-167402,CP-12085,2017-01-13,Office Supplies,Paper,5,6.48,0.0,32.4
US-2017-167402,CP-12085,2017-01-13,Office Supplies,Art,6,34.99,0.0,209.94
US-2017-167402,CP-12085,2017-01-13,Office Supplies,Supplies,5,832.81,0.0,4164.05
US-2017-167402,CP-12085,2017-01-13,Furniture,Bookcases,3,70.98,0.0,212.94
CA-2014-130449,VP-21760,2014-09-06,Furniture,Furnishings,6,6.98,0.0,41.88
CA-2014-130449,VP-21760,2014-09-06,Office Supplies,Labels,8,7.31,0.0,58.48
CA-2015-141250,PM-18940,2015-01-19,Furniture,Tables,1,102.44,0.3,102.44
CA-2015-141250,PM-18940,2015-01-19,Furniture,Chairs,4,49.83,0.3,199.3
CA-2014-145541,TB-21400,2014-12-14,Technology,Machines,4,1749.99,0.0,6999.96
CA-2014-138513,EH-13990,2014-05-23,Office Supplies,Paper,2,6.48,0.0,12.96
CA-2015-135489,GW-14605,2015-09-19,Technology,Phones,14,19.99,0.0,279.86
CA-2015-125696,NP-18685,2015-10-02,Office Supplies,Binders,5,1.48,0.7,7.38
CA-2016-105081,JE-15715,2016-12-25,Furniture,Chairs,3,232.78,0.2,698.35
CA-2016-105081,JE-15715,2016-12-25,Furniture,Tables,5,349.45,0.0,1747.25
US-2016-146857,BE-11455,2016-05-06,Office Supplies,Appliances,1,54.48,0.0,54.48
CA-2016-166275,SS-20590,2016-10-24,Technology,Accessories,1,199.99,0.0,199.99
CA-2017-144498,MB-18085,2017-05-06,Office Supplies,Binders,11,6.23,0.7,68.54
CA-2017-144498,MB-18085,2017-05-06,Technology,Phones,4,156.79,0.2,627.17
CA-2017-144498,MB-18085,2017-05-06,Office Supplies,Labels,5,24.42,0.2,122.12
CA-2017-103352,RP-19390,2017-11-27,Office Supplies,Art,3,2.33,0.0,6.99
CA-2017-103352,RP-19390,2017-11-27,Office Supplies,Binders,6,17.9,0.2,107.42
CA-2014-108609,AJ-10780,2014-10-31,Furniture,Tables,8,177.71,0.4,1421.66
CA-2017-128328,PO-18865,2017-08-05,Office Supplies,Binders,6,20.98,0.0,125.88
CA-2017-128328,PO-18865,2017-08-05,Technology,Accessories,2,39.89,0.0,79.78
CA-2017-128328,PO-18865,2017-08-05,Office Supplies,Labels,9,14.8,0.0,133.2
US-2015-156496,WB-21850,2015-08-10,Technology,Phones,4,109.59,0.2,438.37
US-2015-156496,WB-21850,2015-08-10,Technology,Phones,7,19.99,0.2,139.94
US-2015-156496,WB-21850,2015-08-10,Office Supplies,Appliances,4,33.37,0.2,133.47
US-2016-127334,MP-18175,2016-12-15,Furniture,Tables,3,188.07,0.5,564.2
US-2016-127334,MP-18175,2016-12-15,Office Supplies,Appliances,2,43.58,0.2,87.17
US-2017-124779,BF-11020,2017-09-08,Office Supplies,Binders,7,6.09,0.8,42.62
US-2017-124779,BF-11020,2017-09-08,Technology,Copiers,2,159.99,0.2,319.98
US-2017-124779,BF-11020,2017-09-08,Office Supplies,Fasteners,5,9.18,0.2,45.92
US-2017-124779,BF-11020,2017-09-08,Furniture,Furnishings,2,10.59,0.6,21.18
US-2017-124779,BF-11020,2017-09-08,Office Supplies,Paper,4,5.18,0.2,20.74
US-2017-124779,BF-11020,2017-09-08,Furniture,Chairs,5,42.69,0.3,213.43
CA-2017-135937,KM-16375,2017-02-20,Technology,Phones,3,111.19,0.2,333.58
CA-2017-135937,KM-16375,2017-02-20,Technology,Accessories,1,31.99,0.2,31.99
CA-2017-135937,KM-16375,2017-02-20,Office Supplies,Storage,2,25.58,0.2,51.17
CA-2017-135937,KM-16375,2017-02-20,Office Supplies,Envelopes,5,2.13,0.2,10.64
CA-2017-135937,KM-16375,2017-02-20,Furniture,Furnishings,2,34.35,0.2,68.7
CA-2017-135937,KM-16375,2017-02-20,Furniture,Tables,9,42.99,0.5,386.91
CA-2015-129322,DB-13405,2015-08-08,Office Supplies,Art,2,19.83,0.0,39.66
CA-2015-129322,DB-13405,2015-08-08,Office Supplies,Appliances,2,56.96,0.0,113.92
CA-2015-129322,DB-13405,2015-08-08,Office Supplies,Binders,7,63.98,0.0,447.86
CA-2017-162173,OT-18730,2017-10-26,Furniture,Tables,5,71.37,0.0,356.85
CA-2017-162173,OT-18730,2017-10-26,Office Supplies,Envelopes,7,35.94,0.0,251.58
CA-2016-115483,JS-15880,2016-07-14,Office Supplies,Paper,5,43.97,0.2,219.84
CA-2017-122175,CA-12775,2017-05-12,Furniture,Furnishings,5,8.57,0.0,42.85
CA-2017-122175,CA-12775,2017-05-12,Office Supplies,Labels,2,3.08,0.0,6.16
CA-2017-122175,CA-12775,2017-05-12,Office Supplies,Supplies,2,8.5,0.0,17.0
CA-2017-122175,CA-12775,2017-05-12,Technology,Accessories,5,17.48,0.0,87.4
CA-2017-161088,MH-18115,2017-05-25,Office Supplies,Binders,2,14.92,0.0,29.84
CA-2014-154837,RB-19645,2014-08-23,Office Supplies,Binders,2,24.78,0.2,49.57
CA-2015-153794,SB-20290,2015-09-11,Office Supplies,Art,7,37.98,0.0,265.86
CA-2015-135510,TW-21025,2015-09-05,Furniture,Furnishings,4,16.99,0.0,67.96
CA-2015-109337,DL-13330,2015-11-21,Office Supplies,Art,6,1.82,0.0,10.92
CA-2015-109337,DL-13330,2015-11-21,Technology,Machines,2,41.95,0.0,83.9
CA-2015-109337,DL-13330,2015-11-21,Office Supplies,Appliances,5,3.95,0.0,19.75
CA-2015-109337,DL-13330,2015-11-21,Technology,Accessories,3,131.18,0.0,393.54
CA-2014-150329,SD-20485,2014-10-10,Furniture,Furnishings,7,6.7,0.2,46.87
CA-2017-145037,TB-21055,2017-09-02,Office Supplies,Storage,1,10.9,0.0,10.9
CA-2017-145037,TB-21055,2017-09-02,Office Supplies,Paper,4,19.98,0.0,79.92
CA-2017-145037,TB-21055,2017-09-02,Office Supplies,Paper,3,48.94,0.0,146.82
CA-2017-154466,DP-13390,2017-01-01,Office Supplies,Binders,2,1.8,0.0,3.6
CA-2014-109134,DE-13255,2014-11-05,Furniture,Furnishings,6,3.34,0.0,20.04
US-2015-129637,MC-18100,2015-12-17,Office Supplies,Storage,1,180.02,0.2,180.02
US-2015-129637,MC-18100,2015-12-17,Furniture,Furnishings,2,20.78,0.6,41.55
US-2015-129637,MC-18100,2015-12-17,Office Supplies,Art,5,2.62,0.2,13.12
CA-2015-165162,HG-15025,2015-05-14,Office Supplies,Storage,4,279.48,0.0,1117.92
CA-2017-140494,CM-11815,2017-03-10,Technology,Accessories,4,27.99,0.0,111.96
CA-2017-104108,RP-19855,2017-12-02,Office Supplies,Art,5,2.43,0.2,12.16
US-2017-165869,LS-17200,2017-07-31,Office Supplies,Binders,4,4.38,0.0,17.52
US-2017-165869,LS-17200,2017-07-31,Office Supplies,Appliances,6,25.98,0.0,155.88
CA-2017-160899,DR-12940,2017-08-11,Office Supplies,Binders,11,43.41,0.0,477.51
CA-2017-144225,CC-12475,2017-09-30,Office Supplies,Paper,3,54.96,0.0,164.88
US-2016-163538,SS-20515,2016-08-26,Technology,Accessories,3,15.99,0.0,47.97
US-2016-155103,JF-15190,2016-12-02,Office Supplies,Binders,3,138.39,0.2,415.18
US-2016-155103,JF-15190,2016-12-02,Office Supplies,Binders,3,11.74,0.2,35.23
US-2016-155103,JF-15190,2016-12-02,Office Supplies,Paper,1,54.96,0.0,54.96
CA-2017-145429,SW-20455,2017-07-21,Office Supplies,Paper,2,8.17,0.0,16.34
CA-2017-145429,SW-20455,2017-07-21,Furniture,Chairs,2,112.65,0.2,225.3
CA-2017-145429,SW-20455,2017-07-21,Office Supplies,Binders,3,16.78,0.2,50.35
CA-2015-153535,SG-20470,2015-05-20,Furniture,Furnishings,4,40.78,0.2,163.14
CA-2015-153535,SG-20470,2015-05-20,Office Supplies,Binders,4,1.6,0.7,6.41
CA-2015-139164,CS-12355,2015-06-23,Technology,Phones,2,108.79,0.2,217.58
CA-2015-139164,CS-12355,2015-06-23,Office Supplies,Fasteners,3,1.81,0.0,5.43
CA-2015-139164,CS-12355,2015-06-23,Technology,Phones,3,47.99,0.2,143.98
CA-2016-112277,SC-20695,2016-09-10,Technology,Phones,7,74.24,0.2,519.68
CA-2014-167724,BF-11170,2014-04-13,Office Supplies,Labels,3,2.61,0.0,7.83
CA-2015-123141,GZ-14470,2015-11-14,Furniture,Chairs,4,220.96,0.2,883.84
CA-2015-123141,GZ-14470,2015-11-14,Furniture,Chairs,3,76.78,0.2,230.35
CA-2016-149503,SP-20650,2016-12-09,Office Supplies,Binders,8,34.24,0.2,273.92
CA-2017-163069,PJ-19015,2017-08-18,Office Supplies,Art,3,3.3,0.2,9.91
CA-2017-107629,DB-13060,2017-12-14,Furniture,Furnishings,6,44.39,0.6,266.35
CA-2017-107629,DB-13060,2017-12-14,Furniture,Furnishings,3,18.78,0.6,56.33
CA-2017-107629,DB-13060,2017-12-14,Technology,Accessories,3,13.09,0.2,39.26
CA-2017-107629,DB-13060,2017-12-14,Office Supplies,Art,6,15.87,0.2,95.23
CA-2016-134789,CK-12325,2016-04-08,Office Supplies,Fasteners,6,5.0,0.0,30.0
CA-2016-134789,CK-12325,2016-04-08,Office Supplies,Paper,4,6.48,0.0,25.92
CA-2016-134789,CK-12325,2016-04-08,Furniture,Furnishings,4,39.98,0.0,159.92
CA-2016-130442,SF-20065,2016-12-16,Office Supplies,Appliances,3,11.65,0.2,34.94
CA-2017-102974,DP-13105,2017-09-19,Technology,Accessories,5,29.99,0.0,149.95
CA-2017-102974,DP-13105,2017-09-19,Office Supplies,Art,2,11.66,0.0,23.32
CA-2017-102974,DP-13105,2017-09-19,Office Supplies,Art,3,5.58,0.0,16.74
US-2017-166394,VM-21835,2017-09-04,Office Supplies,Fasteners,6,2.47,0.0,14.82
CA-2016-128811,SF-20200,2016-09-12,Office Supplies,Fasteners,3,3.49,0.0,10.47
CA-2016-128811,SF-20200,2016-09-12,Office Supplies,Labels,3,3.69,0.0,11.07
CA-2016-128811,SF-20200,2016-09-12,Office Supplies,Binders,4,5.18,0.2,20.7
CA-2017-145443,SC-20695,2017-08-10,Office Supplies,Paper,5,35.44,0.0,177.2
CA-2016-165827,MF-17665,2016-11-04,Furniture,Furnishings,6,8.42,0.2,50.5
CA-2015-156734,BV-11245,2015-06-18,Office Supplies,Binders,3,2.04,0.7,6.13
CA-2015-156734,BV-11245,2015-06-18,Furniture,Chairs,4,160.78,0.2,643.14
CA-2015-156734,BV-11245,2015-06-18,Office Supplies,Paper,4,5.18,0.2,20.74
CA-2014-120096,KE-16420,2014-07-04,Office Supplies,Paper,4,44.38,0.2,177.54
CA-2014-120096,KE-16420,2014-07-04,Office Supplies,Appliances,2,16.22,0.2,32.43
CA-2015-141754,EM-14200,2015-12-20,Office Supplies,Labels,2,5.85,0.2,11.7
CA-2016-123358,BT-11680,2016-04-10,Office Supplies,Appliances,3,37.92,0.0,113.76
CA-2016-123358,BT-11680,2016-04-10,Office Supplies,Storage,3,193.17,0.0,579.51
CA-2016-123358,BT-11680,2016-04-10,Office Supplies,Storage,9,16.74,0.0,150.66
CA-2016-123358,BT-11680,2016-04-10,Office Supplies,Binders,4,12.01,0.2,48.03
CA-2014-144029,MM-18055,2014-05-26,Office Supplies,Storage,3,34.21,0.2,102.62
CA-2014-144029,MM-18055,2014-05-26,Furniture,Chairs,2,179.89,0.3,359.77
CA-2014-144029,MM-18055,2014-05-26,Office Supplies,Art,3,4.46,0.2,13.39
US-2017-101784,PO-18850,2017-07-06,Furniture,Chairs,3,40.71,0.2,122.14
CA-2015-156923,SP-20860,2015-02-16,Office Supplies,Paper,6,5.98,0.0,35.88
CA-2017-111269,CS-12355,2017-06-16,Technology,Accessories,6,79.99,0.2,479.95
CA-2017-111269,CS-12355,2017-06-16,Office Supplies,Art,5,4.78,0.2,23.92
CA-2017-159156,KB-16600,2017-11-13,Technology,Phones,5,125.99,0.0,629.95
CA-2017-100230,AA-10375,2017-12-11,Office Supplies,Binders,1,14.95,0.2,14.95
CA-2017-100230,AA-10375,2017-12-11,Office Supplies,Paper,3,5.98,0.0,17.94
CA-2017-100230,AA-10375,2017-12-11,Technology,Phones,2,58.49,0.0,116.98
CA-2016-154767,BP-11155,2016-06-28,Furniture,Chairs,2,60.98,0.0,121.96
CA-2016-154767,BP-11155,2016-06-28,Office Supplies,Appliances,2,4.37,0.0,8.74
CA-2016-154767,BP-11155,2016-06-28,Office Supplies,Paper,2,30.98,0.0,61.96
CA-2016-154767,BP-11155,2016-06-28,Office Supplies,Binders,2,3.98,0.0,7.96
CA-2016-154767,BP-11155,2016-06-28,Office Supplies,Appliances,4,68.81,0.0,275.24
CA-2017-124205,TC-21145,2017-09-15,Furniture,Furnishings,5,9.48,0.0,47.4
CA-2017-124205,TC-21145,2017-09-15,Furniture,Chairs,4,128.24,0.0,512.96
CA-2017-124205,TC-21145,2017-09-15,Technology,Phones,6,65.99,0.0,395.94
CA-2017-124205,TC-21145,2017-09-15,Office Supplies,Storage,2,40.98,0.0,81.96
CA-2017-165715,BG-11035,2017-12-02,Office Supplies,Art,1,32.78,0.2,32.78
CA-2017-100636,DO-13435,2017-06-26,Office Supplies,Storage,3,90.98,0.0,272.94
CA-2016-162943,DB-12970,2016-07-24,Furniture,Chairs,2,126.88,0.1,253.76
CA-2016-144764,RL-19615,2016-09-02,Office Supplies,Labels,5,5.85,0.2,29.24
CA-2016-144764,RL-19615,2016-09-02,Office Supplies,Storage,2,17.58,0.2,35.17
CA-2016-144764,RL-19615,2016-09-02,Technology,Machines,3,454.3,0.3,1362.9
CA-2017-100615,SJ-20215,2017-04-20,Furniture,Chairs,3,105.69,0.3,317.06
CA-2017-100615,SJ-20215,2017-04-20,Office Supplies,Art,2,7.88,0.2,15.76
CA-2017-100615,SJ-20215,2017-04-20,Furniture,Furnishings,5,2.91,0.6,14.56
CA-2014-109302,CS-12175,2014-08-12,Office Supplies,Binders,7,28.03,0.0,196.21
CA-2017-139787,JP-16135,2017-09-19,Office Supplies,Art,5,7.08,0.0,35.4
CA-2017-139402,NC-18535,2017-12-09,Office Supplies,Paper,5,83.88,0.2,419.4
CA-2017-139402,NC-18535,2017-12-09,Office Supplies,Binders,3,4.34,0.7,13.0
CA-2016-119018,CW-11905,2016-11-04,Office Supplies,Binders,2,3.86,0.2,7.71
CA-2016-119018,CW-11905,2016-11-04,Office Supplies,Binders,1,4.18,0.2,4.18
CA-2016-119018,CW-11905,2016-11-04,Office Supplies,Paper,6,6.48,0.0,38.88
CA-2015-105361,CM-12115,2015-03-29,Office Supplies,Paper,4,4.41,0.0,17.64
US-2016-152373,PT-19090,2016-09-05,Office Supplies,Storage,3,31.15,0.2,93.46
US-2017-166037,CL-12700,2017-01-28,Technology,Accessories,9,49.99,0.0,449.91
US-2016-147711,HF-14995,2016-09-03,Furniture,Bookcases,3,114.98,0.0,344.94
US-2016-147711,HF-14995,2016-09-03,Furniture,Furnishings,2,7.38,0.0,14.76
US-2016-147711,HF-14995,2016-09-03,Office Supplies,Binders,2,6.38,0.0,12.76
US-2016-147711,HF-14995,2016-09-03,Office Supplies,Labels,8,7.31,0.0,58.48
CA-2017-121293,JC-15775,2017-07-25,Furniture,Furnishings,4,5.02,0.2,20.1
CA-2017-121293,JC-15775,2017-07-25,Office Supplies,Supplies,3,12.58,0.2,37.75
CA-2017-121293,JC-15775,2017-07-25,Furniture,Tables,1,138.59,0.4,138.59
CA-2017-121293,JC-15775,2017-07-25,Office Supplies,Storage,5,51.98,0.2,259.92
CA-2017-121293,JC-15775,2017-07-25,Office Supplies,Paper,4,5.18,0.2,20.74
CA-2015-118843,JH-15910,2015-09-13,Furniture,Furnishings,3,43.31,0.0,129.93
CA-2015-118843,JH-15910,2015-09-13,Office Supplies,Paper,7,9.99,0.0,69.93
CA-2015-161445,CC-12610,2015-09-07,Office Supplies,Art,4,35.18,0.2,140.74
CA-2016-124527,IM-15055,2016-11-16,Office Supplies,Binders,5,1.66,0.2,8.32
CA-2016-162348,BF-11170,2016-11-10,Furniture,Furnishings,1,9.98,0.0,9.98
CA-2014-141005,CS-12355,2014-08-15,Office Supplies,Binders,3,20.98,0.0,62.94
CA-2015-145394,MC-17605,2015-11-16,Office Supplies,Storage,2,10.74,0.2,21.49
CA-2015-145394,MC-17605,2015-11-16,Technology,Phones,3,79.99,0.2,239.98
CA-2015-145394,MC-17605,2015-11-16,Furniture,Furnishings,2,17.25,0.6,34.5
CA-2015-168809,MC-18100,2015-08-25,Furniture,Furnishings,2,10.05,0.6,20.1
CA-2015-168809,MC-18100,2015-08-25,Office Supplies,Binders,1,3.8,0.8,3.8
CA-2015-168809,MC-18100,2015-08-25,Furniture,Furnishings,5,1.58,0.6,7.88
CA-2016-109827,LW-16825,2016-12-25,Furniture,Tables,1,35.44,0.5,35.44
CA-2016-109827,LW-16825,2016-12-25,Technology,Machines,2,134.99,0.7,269.97
CA-2016-109827,LW-16825,2016-12-25,Technology,Accessories,3,15.04,0.2,45.12
CA-2016-109827,LW-16825,2016-12-25,Technology,Accessories,2,50.4,0.2,100.8
CA-2016-109827,LW-16825,2016-12-25,Furniture,Chairs,2,23.98,0.2,47.97
CA-2014-152233,KH-16510,2014-10-05,Technology,Accessories,2,49.99,0.0,99.98
CA-2014-125682,RB-19645,2014-11-22,Office Supplies,Paper,2,4.98,0.0,9.96
CA-2017-162880,GD-14590,2017-12-25,Office Supplies,Binders,1,3.86,0.2,3.86
CA-2015-128125,EB-13705,2015-03-31,Office Supplies,Paper,3,32.79,0.2,98.38
CA-2015-128125,EB-13705,2015-03-31,Furniture,Furnishings,3,7.46,0.6,22.38
CA-2017-156237,PS-18760,2017-09-14,Office Supplies,Binders,2,1.94,0.7,3.88
CA-2017-156237,PS-18760,2017-09-14,Technology,Machines,1,12.58,0.7,12.58
CA-2017-156237,PS-18760,2017-09-14,Furniture,Chairs,2,56.69,0.3,113.37
CA-2017-156237,PS-18760,2017-09-14,Office Supplies,Binders,4,4.58,0.7,18.31
CA-2017-156237,PS-18760,2017-09-14,Furniture,Furnishings,8,15.99,0.2,127.94
CA-2017-156237,PS-18760,2017-09-14,Technology,Machines,2,120.58,0.7,241.17
CA-2014-144414,GH-14425,2014-06-17,Furniture,Furnishings,3,2.08,0.0,6.24
CA-2014-144414,GH-14425,2014-06-17,Office Supplies,Fasteners,5,3.58,0.0,17.9
CA-2014-144414,GH-14425,2014-06-17,Office Supplies,Binders,3,1088.79,0.2,3266.38
CA-2017-163860,LO-17170,2017-12-28,Office Supplies,Binders,5,0.34,0.8,1.68
CA-2017-163860,LO-17170,2017-12-28,Furniture,Furnishings,3,2.66,0.6,7.97
CA-2017-163860,LO-17170,2017-12-28,Furniture,Chairs,2,56.69,0.3,113.37
CA-2017-163860,LO-17170,2017-12-28,Furniture,Furnishings,2,1.48,0.6,2.96
US-2017-115609,CS-12505,2017-11-02,Office Supplies,Appliances,5,33.62,0.0,168.1
CA-2015-154291,YS-21880,2015-07-25,Office Supplies,Envelopes,9,10.94,0.0,98.46
CA-2015-154291,YS-21880,2015-07-25,Furniture,Tables,2,179.29,0.0,358.58
CA-2016-118689,TC-20980,2016-10-02,Office Supplies,Storage,2,16.24,0.0,32.48
CA-2016-118689,TC-20980,2016-10-02,Technology,Copiers,5,3499.99,0.0,17499.95
CA-2016-118689,TC-20980,2016-10-02,Office Supplies,Binders,2,367.99,0.0,735.98
CA-2016-118689,TC-20980,2016-10-02,Office Supplies,Binders,7,4.91,0.0,34.37
CA-2016-118689,TC-20980,2016-10-02,Office Supplies,Art,2,16.98,0.0,33.96
CA-2016-140438,PW-19030,2016-12-24,Technology,Phones,3,65.99,0.0,197.97
US-2017-123204,CS-11860,2017-07-21,Office Supplies,Appliances,4,4.37,0.0,17.48
CA-2015-112522,DP-13165,2015-10-10,Office Supplies,Art,3,2.67,0.2,8.02
CA-2016-153101,PJ-19015,2016-09-08,Furniture,Tables,1,146.04,0.2,146.04
CA-2016-142615,BM-11575,2016-11-20,Technology,Accessories,2,13.94,0.0,27.88
CA-2017-142643,DL-13495,2017-10-15,Office Supplies,Labels,5,30.53,0.0,152.65
CA-2017-142643,DL-13495,2017-10-15,Furniture,Furnishings,1,22.72,0.0,22.72
CA-2015-116260,BF-10975,2015-07-06,Office Supplies,Art,4,2.78,0.0,11.12
CA-2017-107517,FC-14335,2017-02-05,Office Supplies,Appliances,5,328.14,0.0,1640.7
CA-2017-107517,FC-14335,2017-02-05,Technology,Phones,5,74.24,0.2,371.2
CA-2015-166338,MP-18175,2015-12-06,Office Supplies,Binders,3,4.94,0.7,14.83
CA-2016-123946,AJ-10795,2016-09-12,Technology,Accessories,3,6.9,0.0,20.7
CA-2016-123946,AJ-10795,2016-09-12,Office Supplies,Fasteners,3,3.78,0.0,11.34
CA-2016-123946,AJ-10795,2016-09-12,Office Supplies,Storage,5,13.58,0.0,67.9
CA-2016-123946,AJ-10795,2016-09-12,Furniture,Chairs,4,264.78,0.0,1059.12
CA-2014-147543,BC-11125,2014-07-06,Furniture,Chairs,2,239.24,0.2,478.48
US-2016-159093,RS-19420,2016-05-09,Office Supplies,Paper,4,8.01,0.0,32.04
CA-2016-162110,NP-18670,2016-07-18,Technology,Phones,1,55.99,0.2,55.99
US-2016-163461,BT-11440,2016-06-18,Office Supplies,Paper,2,38.43,0.2,76.86
CA-2014-101462,BP-11230,2014-04-20,Furniture,Furnishings,4,14.98,0.0,59.92
US-2016-100461,JO-15145,2016-01-08,Furniture,Bookcases,6,260.98,0.0,1565.88
US-2016-100461,JO-15145,2016-01-08,Office Supplies,Binders,7,15.15,0.0,106.05
US-2017-162670,MF-18250,2017-12-23,Office Supplies,Storage,4,15.51,0.0,62.04
US-2017-162670,MF-18250,2017-12-23,Technology,Phones,3,164.99,0.0,494.97
US-2017-162670,MF-18250,2017-12-23,Office Supplies,Storage,4,91.99,0.0,367.96
US-2017-162670,MF-18250,2017-12-23,Office Supplies,Paper,2,22.48,0.0,44.96
US-2017-162670,MF-18250,2017-12-23,Office Supplies,Envelopes,3,60.98,0.0,182.94
CA-2017-128965,PS-18760,2017-04-17,Office Supplies,Paper,3,9.38,0.0,28.14
CA-2017-128965,PS-18760,2017-04-17,Office Supplies,Labels,2,3.69,0.0,7.38
CA-2017-128965,PS-18760,2017-04-17,Office Supplies,Fasteners,5,2.18,0.0,10.9
CA-2017-128965,PS-18760,2017-04-17,Technology,Accessories,11,24.99,0.0,274.89
CA-2017-128965,PS-18760,2017-04-17,Office Supplies,Labels,8,2.88,0.0,23.04
CA-2017-128965,PS-18760,2017-04-17,Furniture,Chairs,3,72.78,0.2,218.35
CA-2017-138618,MY-17380,2017-12-01,Office Supplies,Paper,2,5.18,0.2,10.37
US-2016-126452,SC-20230,2016-08-21,Office Supplies,Binders,2,6.34,0.2,12.67
US-2016-126452,SC-20230,2016-08-21,Technology,Phones,5,18.39,0.2,91.96
US-2016-126452,SC-20230,2016-08-21,Technology,Accessories,3,84.99,0.0,254.97
US-2016-126452,SC-20230,2016-08-21,Technology,Phones,2,15.99,0.2,31.98
US-2016-126452,SC-20230,2016-08-21,Furniture,Tables,9,320.78,0.2,2887.06
US-2016-126452,SC-20230,2016-08-21,Office Supplies,Paper,2,6.48,0.0,12.96
US-2016-126452,SC-20230,2016-08-21,Office Supplies,Paper,9,5.28,0.0,47.52
CA-2016-145009,RF-19345,2016-12-05,Office Supplies,Labels,3,3.98,0.2,11.95
CA-2015-162544,SG-20080,2015-12-16,Office Supplies,Paper,1,4.98,0.0,4.98
CA-2014-124394,TB-21520,2014-10-17,Office Supplies,Binders,5,2.16,0.8,10.78
CA-2014-124394,TB-21520,2014-10-17,Technology,Accessories,3,39.99,0.2,119.98
US-2016-121013,MM-17920,2016-09-05,Office Supplies,Labels,2,12.53,0.0,25.06
US-2016-121013,MM-17920,2016-09-05,Furniture,Tables,3,550.98,0.0,1652.94
US-2015-123918,CG-12520,2015-10-15,Furniture,Furnishings,6,21.9,0.6,131.38
US-2015-123918,CG-12520,2015-10-15,Office Supplies,Paper,1,5.34,0.2,5.34
CA-2015-137113,TW-21025,2015-12-01,Furniture,Chairs,5,400.78,0.2,2003.92
CA-2015-137113,TW-21025,2015-12-01,Office Supplies,Paper,5,6.48,0.0,32.4
CA-2015-137113,TW-21025,2015-12-01,Furniture,Tables,9,212.6,0.0,1913.4
CA-2015-137113,TW-21025,2015-12-01,Office Supplies,Storage,3,48.91,0.0,146.73
CA-2015-137113,TW-21025,2015-12-01,Office Supplies,Paper,5,22.84,0.0,114.2
CA-2015-120677,BD-11320,2015-05-31,Furniture,Chairs,8,320.98,0.0,2567.84
CA-2017-123036,HA-14905,2017-09-10,Technology,Accessories,4,9.26,0.2,37.06
CA-2017-123036,HA-14905,2017-09-10,Technology,Phones,2,129.95,0.4,259.9
CA-2017-120222,LL-16840,2017-04-25,Office Supplies,Paper,3,6.35,0.0,19.05
CA-2017-120222,LL-16840,2017-04-25,Office Supplies,Binders,3,24.45,0.2,73.34
CA-2017-164756,SS-20140,2017-09-18,Technology,Phones,8,11.96,0.0,95.68
CA-2017-164756,SS-20140,2017-09-18,Office Supplies,Paper,7,7.28,0.0,50.96
CA-2017-164756,SS-20140,2017-09-18,Office Supplies,Art,3,37.98,0.0,113.94
CA-2017-164756,SS-20140,2017-09-18,Office Supplies,Paper,4,6.48,0.0,25.92
CA-2017-164756,SS-20140,2017-09-18,Furniture,Furnishings,4,5.08,0.0,20.32
CA-2017-164756,SS-20140,2017-09-18,Technology,Phones,2,205.99,0.0,411.98
CA-2017-164756,SS-20140,2017-09-18,Office Supplies,Supplies,2,17.24,0.0,34.48
CA-2017-164756,SS-20140,2017-09-18,Office Supplies,Paper,5,48.91,0.0,244.55
CA-2017-122028,CK-12205,2017-08-18,Office Supplies,Binders,3,3.59,0.7,10.78
US-2015-165512,VS-21820,2015-05-24,Furniture,Chairs,7,86.09,0.3,602.65
US-2015-165512,VS-21820,2015-05-24,Office Supplies,Binders,6,1.28,0.8,7.66
CA-2015-140557,TN-21040,2015-09-07,Technology,Accessories,7,79.99,0.0,559.93
US-2017-135013,HR-14830,2017-07-24,Technology,Copiers,5,479.99,0.2,2399.96
CA-2017-111220,JS-15595,2017-09-02,Office Supplies,Fasteners,4,4.0,0.2,16.0
CA-2017-111220,JS-15595,2017-09-02,Office Supplies,Appliances,2,2.79,0.8,5.59
CA-2017-111220,JS-15595,2017-09-02,Office Supplies,Storage,5,47.18,0.2,235.92
US-2017-149006,BN-11470,2017-12-06,Office Supplies,Storage,1,10.68,0.0,10.68
CA-2017-149468,AR-10405,2017-05-20,Office Supplies,Binders,2,20.64,0.0,41.28
CA-2016-140249,SW-20455,2016-09-27,Technology,Phones,2,500.79,0.2,1001.58
US-2017-135503,JE-16165,2017-12-10,Furniture,Furnishings,2,7.38,0.0,14.76
CA-2014-126277,LH-16900,2014-09-13,Office Supplies,Binders,3,0.83,0.7,2.5
US-2017-115301,VG-21790,2017-07-29,Furniture,Bookcases,2,57.98,0.0,115.96
CA-2017-168942,EM-13960,2017-08-01,Office Supplies,Storage,3,62.18,0.0,186.54
US-2017-128398,EM-13825,2017-05-02,Technology,Accessories,4,39.89,0.0,159.56
CA-2015-104115,JH-15910,2015-06-12,Technology,Phones,2,27.99,0.2,55.98
CA-2014-142510,NP-18700,2014-12-22,Office Supplies,Storage,1,132.16,0.2,132.16
CA-2014-142510,NP-18700,2014-12-22,Office Supplies,Binders,6,2.98,0.8,17.9
CA-2014-142510,NP-18700,2014-12-22,Office Supplies,Paper,4,31.01,0.2,124.03
CA-2014-124247,SH-20635,2014-12-16,Furniture,Chairs,5,280.78,0.2,1403.92
CA-2016-105473,BM-11785,2016-04-16,Office Supplies,Supplies,3,9.6,0.0,28.8
CA-2015-102806,HG-14965,2015-05-21,Office Supplies,Binders,2,12.29,0.7,24.59
CA-2017-121706,BM-11140,2017-02-26,Office Supplies,Appliances,7,50.97,0.0,356.79
CA-2017-109211,PS-19045,2017-04-04,Office Supplies,Envelopes,1,16.98,0.0,16.98
CA-2015-134257,MS-17710,2015-03-16,Office Supplies,Labels,5,98.31,0.0,491.55
CA-2015-134257,MS-17710,2015-03-16,Office Supplies,Envelopes,2,3.69,0.0,7.38
CA-2015-137925,JL-15235,2015-11-30,Office Supplies,Paper,7,3.38,0.0,23.66
CA-2015-137925,JL-15235,2015-11-30,Furniture,Bookcases,12,56.78,0.2,681.41
CA-2016-140046,KM-16660,2016-07-28,Office Supplies,Labels,3,6.3,0.0,18.9
CA-2016-140382,RD-19900,2016-06-23,Office Supplies,Storage,4,23.42,0.0,93.68
CA-2016-140382,RD-19900,2016-06-23,Office Supplies,Labels,3,7.31,0.0,21.93
CA-2016-140382,RD-19900,2016-06-23,Technology,Phones,7,123.19,0.2,862.34
CA-2016-140382,RD-19900,2016-06-23,Office Supplies,Paper,1,19.98,0.0,19.98
CA-2014-164182,ST-20530,2014-07-14,Technology,Phones,1,13.49,0.4,13.49
CA-2014-164182,ST-20530,2014-07-14,Technology,Phones,2,11.99,0.4,23.99
CA-2014-164182,ST-20530,2014-07-14,Furniture,Furnishings,2,15.99,0.2,31.98
CA-2014-164182,ST-20530,2014-07-14,Office Supplies,Art,2,20.79,0.2,41.58
CA-2017-137365,BP-11095,2017-11-30,Technology,Accessories,3,31.99,0.2,95.98
CA-2016-129847,TA-21385,2016-09-02,Furniture,Furnishings,2,42.14,0.6,84.27
CA-2014-126963,PS-18760,2014-06-15,Office Supplies,Paper,2,18.27,0.2,36.54
CA-2016-125094,NP-18700,2016-11-05,Technology,Accessories,4,119.93,0.0,479.72
CA-2017-107132,SC-20260,2017-06-26,Office Supplies,Binders,2,51.18,0.2,102.37
CA-2017-107132,SC-20260,2017-06-26,Office Supplies,Supplies,5,5.68,0.0,28.4
CA-2017-107132,SC-20260,2017-06-26,Office Supplies,Storage,4,178.47,0.0,713.88
CA-2017-107132,SC-20260,2017-06-26,Office Supplies,Paper,3,22.84,0.0,68.52
CA-2015-139248,RD-19930,2015-07-25,Technology,Phones,5,124.79,0.2,623.96
CA-2014-148369,TH-21115,2014-09-23,Office Supplies,Binders,4,2.78,0.0,11.12
CA-2016-106243,GM-14680,2016-09-30,Furniture,Bookcases,5,104.78,0.2,523.92
CA-2015-126466,JO-15550,2015-11-09,Office Supplies,Fasteners,2,1.24,0.0,2.48
CA-2015-130365,ZC-21910,2015-04-25,Office Supplies,Storage,2,110.51,0.2,221.02
CA-2015-130365,ZC-21910,2015-04-25,Furniture,Chairs,3,42.69,0.3,128.06
CA-2017-143021,AP-10720,2017-11-19,Office Supplies,Binders,7,8.34,0.2,58.41
CA-2017-143021,AP-10720,2017-11-19,Furniture,Tables,3,26.66,0.4,79.97
CA-2015-161767,GK-14620,2015-11-20,Technology,Machines,2,239.99,0.4,479.99
CA-2015-129917,HM-14980,2015-10-02,Office Supplies,Binders,3,3.94,0.2,11.81
CA-2015-129917,HM-14980,2015-10-02,Office Supplies,Binders,4,13.39,0.2,53.57
CA-2015-129917,HM-14980,2015-10-02,Technology,Phones,5,100.79,0.2,503.96
CA-2015-115420,LS-16945,2015-04-25,Office Supplies,Envelopes,2,10.67,0.0,21.34
CA-2016-157588,AR-10570,2016-07-14,Office Supplies,Binders,5,7.28,0.0,36.4
CA-2016-157588,AR-10570,2016-07-14,Furniture,Furnishings,1,51.75,0.0,51.75
CA-2015-167255,RH-19510,2015-09-27,Office Supplies,Storage,1,15.51,0.0,15.51
CA-2015-167255,RH-19510,2015-09-27,Office Supplies,Paper,3,48.94,0.0,146.82
CA-2015-167255,RH-19510,2015-09-27,Office Supplies,Paper,2,6.48,0.0,12.96
CA-2017-162096,TB-21190,2017-11-10,Office Supplies,Art,3,2.6,0.0,7.8
CA-2016-157161,JD-15895,2016-07-16,Office Supplies,Envelopes,5,2.04,0.0,10.2
CA-2016-157161,JD-15895,2016-07-16,Office Supplies,Art,3,7.44,0.0,22.32
CA-2016-157161,JD-15895,2016-07-16,Office Supplies,Binders,5,4.82,0.0,24.1
CA-2016-157161,JD-15895,2016-07-16,Technology,Accessories,2,37.99,0.0,75.98
CA-2016-157161,JD-15895,2016-07-16,Office Supplies,Binders,2,3.23,0.0,6.46
CA-2016-157161,JD-15895,2016-07-16,Office Supplies,Paper,9,6.68,0.0,60.12
CA-2015-110765,MP-17965,2015-10-16,Technology,Phones,3,274.99,0.0,824.97
CA-2016-163937,JB-16000,2016-01-10,Furniture,Furnishings,5,4.97,0.0,24.85
CA-2017-153822,AB-10105,2017-09-19,Office Supplies,Storage,2,6.31,0.2,12.62
CA-2017-153822,AB-10105,2017-09-19,Technology,Accessories,2,44.79,0.2,89.58
CA-2017-153822,AB-10105,2017-09-19,Technology,Phones,2,235.96,0.2,471.92
CA-2017-153822,AB-10105,2017-09-19,Office Supplies,Binders,4,4.54,0.7,18.18
CA-2017-146185,CC-12145,2017-09-15,Office Supplies,Art,2,15.87,0.2,31.74
CA-2015-112144,CY-12745,2015-06-28,Office Supplies,Labels,2,2.95,0.2,5.9
CA-2015-112144,CY-12745,2015-06-28,Furniture,Furnishings,4,155.44,0.2,621.76
US-2016-119298,EP-13915,2016-11-25,Technology,Phones,2,29.99,0.0,59.98
CA-2017-155159,DL-13315,2017-11-25,Office Supplies,Paper,9,5.43,0.0,48.87
CA-2017-149076,SO-20335,2017-01-14,Office Supplies,Paper,5,30.98,0.0,154.9
CA-2014-146990,BP-11095,2014-11-07,Office Supplies,Fasteners,4,1.48,0.0,5.92
CA-2014-146990,BP-11095,2014-11-07,Office Supplies,Paper,3,10.06,0.0,30.18
CA-2016-116526,JA-15970,2016-09-01,Office Supplies,Binders,5,4.82,0.0,24.1
CA-2016-116526,JA-15970,2016-09-01,Technology,Phones,1,8.78,0.0,8.78
CA-2016-116526,JA-15970,2016-09-01,Office Supplies,Appliances,4,94.18,0.1,376.74
CA-2016-116526,JA-15970,2016-09-01,Office Supplies,Binders,4,7.38,0.0,29.52
CA-2016-116526,JA-15970,2016-09-01,Office Supplies,Art,2,5.98,0.0,11.96
CA-2016-116526,JA-15970,2016-09-01,Office Supplies,Binders,5,5.28,0.0,26.4
CA-2017-158561,BB-11545,2017-11-11,Office Supplies,Appliances,5,231.62,0.2,1158.12
CA-2017-165099,DK-13375,2017-12-11,Office Supplies,Appliances,2,0.7,0.8,1.39
CA-2015-109386,RH-19600,2015-11-08,Office Supplies,Appliances,3,14.81,0.0,44.43
CA-2015-109386,RH-19600,2015-11-08,Technology,Phones,5,45.24,0.0,226.2
CA-2015-109386,RH-19600,2015-11-08,Furniture,Furnishings,3,62.18,0.0,186.54
CA-2015-109386,RH-19600,2015-11-08,Office Supplies,Art,7,37.98,0.0,265.86
CA-2015-109386,RH-19600,2015-11-08,Office Supplies,Art,5,5.58,0.0,27.9
CA-2015-166800,AG-10300,2015-11-19,Office Supplies,Appliances,4,7.77,0.0,31.08
CA-2017-117443,JB-15400,2017-12-23,Office Supplies,Binders,4,3.46,0.8,13.84
CA-2017-117443,JB-15400,2017-12-23,Office Supplies,Paper,4,43.97,0.2,175.87
US-2016-134369,BC-11125,2016-09-16,Office Supplies,Paper,2,6.48,0.0,12.96
CA-2017-123687,KC-16675,2017-05-26,Office Supplies,Appliances,3,69.48,0.0,208.44
CA-2017-123687,KC-16675,2017-05-26,Office Supplies,Supplies,2,12.88,0.0,25.76
CA-2015-104871,DR-12940,2015-03-30,Furniture,Chairs,4,91.69,0.3,366.74
CA-2014-133158,DW-13195,2014-08-19,Furniture,Furnishings,7,41.32,0.0,289.24
CA-2014-133158,DW-13195,2014-08-19,Office Supplies,Binders,2,34.73,0.2,69.46
CA-2014-126333,ME-18010,2014-12-23,Office Supplies,Paper,1,5.18,0.2,5.18
CA-2015-141740,JF-15490,2015-11-01,Furniture,Chairs,2,102.58,0.1,205.16
CA-2014-119466,SP-20860,2014-12-15,Furniture,Furnishings,2,4.27,0.6,8.54
CA-2015-154823,KN-16390,2015-08-21,Office Supplies,Binders,2,6.41,0.7,12.83
CA-2015-154823,KN-16390,2015-08-21,Furniture,Chairs,3,199.49,0.3,598.46
CA-2015-154823,KN-16390,2015-08-21,Furniture,Furnishings,1,25.98,0.2,25.98
US-2014-135881,GT-14710,2014-05-23,Office Supplies,Binders,5,3.59,0.2,17.96
US-2014-135881,GT-14710,2014-05-23,Office Supplies,Supplies,2,2.52,0.0,5.04
US-2014-135881,GT-14710,2014-05-23,Office Supplies,Appliances,1,208.16,0.0,208.16
CA-2017-141201,DB-12910,2017-12-09,Furniture,Bookcases,3,49.42,0.15,148.26
CA-2014-114790,FM-14215,2014-03-11,Office Supplies,Appliances,3,48.92,0.0,146.76
CA-2014-114790,FM-14215,2014-03-11,Technology,Accessories,2,16.48,0.0,32.96
CA-2014-114790,FM-14215,2014-03-11,Technology,Phones,3,195.99,0.0,587.97
CA-2014-114790,FM-14215,2014-03-11,Office Supplies,Paper,3,4.98,0.0,14.94
US-2016-154256,SM-20005,2016-06-23,Office Supplies,Labels,7,3.69,0.0,25.83
CA-2014-124737,AP-10915,2014-08-23,Office Supplies,Paper,3,5.18,0.2,15.55
CA-2014-124737,AP-10915,2014-08-23,Office Supplies,Supplies,1,6.8,0.2,6.8
CA-2014-124737,AP-10915,2014-08-23,Furniture,Furnishings,3,1.41,0.2,4.22
CA-2014-124737,AP-10915,2014-08-23,Technology,Phones,9,15.96,0.2,143.64
CA-2014-124737,AP-10915,2014-08-23,Office Supplies,Paper,6,5.18,0.2,31.1
CA-2014-124737,AP-10915,2014-08-23,Office Supplies,Paper,9,24.78,0.2,223.06
US-2017-101840,SP-20545,2017-02-06,Technology,Phones,6,37.91,0.0,227.46
US-2017-101840,SP-20545,2017-02-06,Office Supplies,Binders,4,11.56,0.2,46.24
CA-2017-131653,RD-19585,2017-01-29,Office Supplies,Labels,2,2.61,0.0,5.22
US-2016-157840,MC-17575,2016-12-20,Office Supplies,Paper,5,6.78,0.0,33.9
CA-2016-145548,EB-13750,2016-11-11,Office Supplies,Storage,3,9.38,0.0,28.14
CA-2016-145548,EB-13750,2016-11-11,Technology,Accessories,2,18.0,0.0,36.0
CA-2016-145548,EB-13750,2016-11-11,Office Supplies,Art,3,30.98,0.0,92.94
CA-2016-145548,EB-13750,2016-11-11,Furniture,Chairs,3,81.88,0.1,245.65
CA-2016-145548,EB-13750,2016-11-11,Office Supplies,Binders,3,18.34,0.2,55.01
CA-2016-145548,EB-13750,2016-11-11,Office Supplies,Binders,3,11.74,0.2,35.23
CA-2017-119494,JE-15610,2017-11-09,Furniture,Chairs,3,174.46,0.2,523.39
CA-2014-124618,CS-11860,2014-05-02,Technology,Copiers,2,239.99,0.2,479.98
CA-2017-161970,PB-19105,2017-09-22,Office Supplies,Paper,2,6.48,0.0,12.96
CA-2017-161970,PB-19105,2017-09-22,Office Supplies,Art,3,5.98,0.0,17.94
CA-2017-103443,AT-10735,2017-12-17,Office Supplies,Storage,2,83.36,0.0,166.72
CA-2017-103443,AT-10735,2017-12-17,Office Supplies,Binders,3,8.27,0.2,24.82
CA-2017-103443,AT-10735,2017-12-17,Furniture,Furnishings,2,62.18,0.0,124.36
US-2017-165358,SV-20365,2017-07-18,Technology,Copiers,5,119.99,0.4,599.97
US-2017-165358,SV-20365,2017-07-18,Furniture,Chairs,4,49.69,0.3,198.74
US-2017-165358,SV-20365,2017-07-18,Office Supplies,Supplies,2,4.59,0.2,9.18
CA-2016-160136,PJ-18835,2016-11-03,Office Supplies,Paper,2,4.62,0.2,9.25
CA-2014-150581,NM-18445,2014-04-08,Furniture,Tables,1,99.59,0.2,99.59
CA-2014-150581,NM-18445,2014-04-08,Technology,Accessories,4,99.99,0.0,399.96
CA-2016-119515,TR-21325,2016-08-14,Office Supplies,Paper,3,5.18,0.2,15.55
CA-2014-141355,BF-11005,2014-09-25,Office Supplies,Art,2,7.29,0.2,14.58
CA-2016-165330,WB-21850,2016-12-11,Office Supplies,Binders,5,41.92,0.2,209.6
CA-2016-165330,WB-21850,2016-12-11,Office Supplies,Art,2,11.66,0.0,23.32
CA-2016-165330,WB-21850,2016-12-11,Office Supplies,Paper,1,30.98,0.0,30.98
CA-2016-165330,WB-21850,2016-12-11,Technology,Accessories,4,29.99,0.0,119.96
CA-2016-165330,WB-21850,2016-12-11,Furniture,Chairs,5,72.78,0.2,363.92
CA-2016-165330,WB-21850,2016-12-11,Office Supplies,Binders,3,11.94,0.2,35.81
CA-2016-165330,WB-21850,2016-12-11,Office Supplies,Binders,9,13.63,0.2,122.69
CA-2016-165330,WB-21850,2016-12-11,Furniture,Tables,7,127.45,0.2,892.14
CA-2016-165330,WB-21850,2016-12-11,Office Supplies,Storage,3,16.74,0.0,50.22
CA-2016-165330,WB-21850,2016-12-11,Office Supplies,Appliances,2,41.71,0.0,83.42
CA-2016-165330,WB-21850,2016-12-11,Office Supplies,Binders,2,2.94,0.2,5.87
CA-2015-132633,KH-16630,2015-02-03,Office Supplies,Binders,3,4.05,0.2,12.14
CA-2016-157742,KL-16645,2016-12-29,Office Supplies,Envelopes,3,9.26,0.2,27.79
CA-2017-127712,MG-17890,2017-08-31,Office Supplies,Supplies,2,3.1,0.2,6.21
CA-2017-169474,JF-15355,2017-02-04,Office Supplies,Appliances,3,10.89,0.0,32.67
CA-2014-106726,RS-19765,2014-12-06,Office Supplies,Storage,7,180.19,0.0,1261.33
CA-2016-147473,NL-18310,2016-05-30,Office Supplies,Paper,6,6.48,0.0,38.88
CA-2016-114209,AS-10285,2016-05-21,Office Supplies,Binders,2,0.98,0.8,1.96
CA-2016-114209,AS-10285,2016-05-21,Office Supplies,Paper,9,9.18,0.2,82.66
CA-2014-141901,GM-14500,2014-08-09,Office Supplies,Paper,1,5.98,0.0,5.98
CA-2016-164490,SU-20665,2016-09-05,Office Supplies,Paper,2,4.62,0.2,9.25
CA-2016-112256,CK-12205,2016-07-23,Office Supplies,Art,2,2.22,0.2,4.45
CA-2016-112256,CK-12205,2016-07-23,Office Supplies,Paper,1,5.18,0.2,5.18
CA-2016-112256,CK-12205,2016-07-23,Office Supplies,Art,5,35.18,0.2,175.92
CA-2016-112256,CK-12205,2016-07-23,Office Supplies,Binders,4,1.19,0.8,4.75
CA-2016-112256,CK-12205,2016-07-23,Office Supplies,Supplies,2,6.67,0.2,13.34
CA-2016-167416,JM-15580,2016-05-12,Office Supplies,Envelopes,5,10.98,0.0,54.9
CA-2016-106950,JE-15715,2016-09-02,Office Supplies,Binders,7,3.27,0.7,22.91
CA-2016-106950,JE-15715,2016-09-02,Office Supplies,Appliances,9,34.38,0.2,309.46
CA-2016-106950,JE-15715,2016-09-02,Office Supplies,Art,4,4.86,0.2,19.46
CA-2016-106950,JE-15715,2016-09-02,Furniture,Tables,3,157.51,0.4,472.52
CA-2016-106950,JE-15715,2016-09-02,Technology,Accessories,3,337.56,0.2,1012.68
CA-2016-106950,JE-15715,2016-09-02,Office Supplies,Binders,5,3.44,0.7,17.22
CA-2017-118724,AR-10825,2017-07-21,Office Supplies,Art,2,1.76,0.0,3.52
CA-2017-118724,AR-10825,2017-07-21,Technology,Phones,9,180.69,0.2,1626.19
CA-2017-112004,AH-10075,2017-09-25,Office Supplies,Binders,5,1.72,0.7,8.6
CA-2017-112004,AH-10075,2017-09-25,Office Supplies,Supplies,2,95.45,0.2,190.9
US-2017-143175,GA-14515,2017-08-03,Office Supplies,Storage,3,33.29,0.0,99.87
CA-2015-105844,JF-15415,2015-10-25,Office Supplies,Art,4,19.84,0.0,79.36
CA-2017-118864,KH-16690,2017-06-15,Technology,Phones,1,119.96,0.2,119.96
CA-2015-119480,CC-12685,2015-01-09,Office Supplies,Paper,3,35.44,0.0,106.32
CA-2015-119480,CC-12685,2015-01-09,Office Supplies,Appliances,3,54.48,0.0,163.44
CA-2015-119480,CC-12685,2015-01-09,Office Supplies,Art,2,21.38,0.0,42.76
CA-2015-119480,CC-12685,2015-01-09,Office Supplies,Paper,5,10.31,0.0,51.55
US-2015-153374,JF-15565,2015-02-09,Technology,Accessories,6,79.99,0.2,479.95
CA-2016-101980,RP-19390,2016-08-19,Office Supplies,Binders,6,24.45,0.2,146.69
CA-2016-101980,RP-19390,2016-08-19,Office Supplies,Binders,2,138.39,0.2,276.78
CA-2016-101980,RP-19390,2016-08-19,Office Supplies,Binders,5,5.06,0.2,25.32
CA-2017-144596,CD-11980,2017-11-06,Office Supplies,Paper,9,35.44,0.0,318.96
CA-2015-124933,DF-13135,2015-12-26,Office Supplies,Paper,6,35.44,0.0,212.64
CA-2014-159625,SM-20005,2014-11-23,Office Supplies,Envelopes,3,7.82,0.2,23.47
CA-2016-144337,SG-20890,2016-08-01,Office Supplies,Paper,2,9.82,0.2,19.65
CA-2014-117478,LH-16750,2014-09-21,Office Supplies,Binders,3,2.19,0.7,6.57
CA-2017-147410,EJ-14155,2017-09-04,Office Supplies,Storage,2,210.55,0.0,421.1
CA-2017-128944,KH-16330,2017-06-19,Furniture,Chairs,6,126.69,0.3,760.12
CA-2017-128944,KH-16330,2017-06-19,Furniture,Furnishings,3,12.93,0.2,38.78
CA-2017-128944,KH-16330,2017-06-19,Technology,Accessories,9,13.59,0.2,122.33
CA-2016-109666,KM-16720,2016-04-19,Technology,Phones,2,12.99,0.0,25.98
CA-2016-109666,KM-16720,2016-04-19,Office Supplies,Art,2,1.64,0.0,3.28
CA-2016-109666,KM-16720,2016-04-19,Office Supplies,Storage,4,114.97,0.0,459.88
CA-2016-109666,KM-16720,2016-04-19,Office Supplies,Supplies,2,3.88,0.0,7.76
CA-2016-109666,KM-16720,2016-04-19,Office Supplies,Art,2,35.98,0.0,71.96
CA-2016-109666,KM-16720,2016-04-19,Office Supplies,Supplies,5,10.98,0.0,54.9
CA-2016-109666,KM-16720,2016-04-19,Office Supplies,Binders,2,4.64,0.2,9.28
US-2016-102239,LW-16990,2016-05-05,Furniture,Tables,6,280.98,0.0,1685.88
US-2016-102239,LW-16990,2016-05-05,Office Supplies,Binders,2,2.86,0.2,5.73
CA-2014-143168,IG-15085,2014-10-18,Office Supplies,Paper,2,30.98,0.0,61.96
CA-2014-143168,IG-15085,2014-10-18,Office Supplies,Binders,1,1.34,0.2,1.34
CA-2017-104906,JP-15460,2017-02-13,Office Supplies,Paper,3,5.98,0.0,17.94
CA-2017-118122,GG-14650,2017-11-17,Office Supplies,Binders,2,6.95,0.2,13.9
US-2014-147774,MM-18280,2014-01-20,Office Supplies,Binders,1,67.19,0.7,67.19
CA-2017-166926,SO-20335,2017-12-01,Office Supplies,Paper,7,5.98,0.0,41.86
CA-2017-166926,SO-20335,2017-12-01,Furniture,Bookcases,2,70.98,0.0,141.96
CA-2015-128013,MF-18250,2015-08-09,Furniture,Furnishings,3,3.34,0.0,10.02
CA-2015-128013,MF-18250,2015-08-09,Office Supplies,Paper,3,48.04,0.0,144.12
CA-2016-123176,JG-15160,2016-09-27,Office Supplies,Paper,3,5.98,0.0,17.94
CA-2016-123176,JG-15160,2016-09-27,Office Supplies,Art,3,4.63,0.0,13.89
US-2016-117541,JM-16195,2016-11-14,Office Supplies,Paper,5,3.29,0.0,16.45
US-2016-117541,JM-16195,2016-11-14,Furniture,Furnishings,4,4.98,0.0,19.92
CA-2016-166282,PK-19075,2016-04-16,Technology,Accessories,4,8.79,0.2,35.17
CA-2016-166282,PK-19075,2016-04-16,Office Supplies,Paper,7,17.58,0.2,123.09
CA-2017-141439,TT-21460,2017-11-26,Furniture,Tables,3,85.98,0.0,257.94
CA-2017-141439,TT-21460,2017-11-26,Technology,Phones,4,469.99,0.0,1879.96
CA-2017-141439,TT-21460,2017-11-26,Furniture,Furnishings,2,13.73,0.0,27.46
CA-2017-141439,TT-21460,2017-11-26,Technology,Phones,2,44.99,0.0,89.98
CA-2017-141439,TT-21460,2017-11-26,Furniture,Chairs,3,276.2,0.0,828.6
CA-2015-163965,SS-20875,2015-11-20,Office Supplies,Binders,5,1.45,0.7,7.23
CA-2015-163965,SS-20875,2015-11-20,Office Supplies,Storage,2,8.72,0.2,17.44
CA-2015-163965,SS-20875,2015-11-20,Office Supplies,Binders,4,15.72,0.7,62.88
CA-2015-163965,SS-20875,2015-11-20,Furniture,Bookcases,3,96.78,0.2,290.35
CA-2017-128783,TG-21640,2017-09-07,Technology,Accessories,4,28.38,0.0,113.52
CA-2017-128783,TG-21640,2017-09-07,Furniture,Furnishings,5,27.06,0.0,135.3
CA-2014-122217,HP-14815,2014-11-24,Furniture,Furnishings,5,22.23,0.0,111.15
US-2017-141558,MH-17290,2017-03-11,Technology,Phones,5,155.37,0.4,776.85
US-2017-141558,MH-17290,2017-03-11,Office Supplies,Binders,1,12.29,0.7,12.29
US-2017-141558,MH-17290,2017-03-11,Furniture,Tables,3,51.59,0.4,154.76
US-2017-141558,MH-17290,2017-03-11,Office Supplies,Storage,1,43.28,0.2,43.28
CA-2016-139941,CB-12415,2016-06-12,Office Supplies,Paper,3,30.98,0.0,92.94
CA-2016-139941,CB-12415,2016-06-12,Office Supplies,Appliances,3,17.52,0.0,52.56
CA-2015-166583,VD-21670,2015-06-26,Technology,Phones,3,323.96,0.2,971.88
CA-2017-100412,SR-20425,2017-12-22,Furniture,Chairs,2,70.98,0.0,141.96
CA-2017-142909,AG-10330,2017-12-22,Furniture,Tables,2,91.28,0.5,182.55
CA-2014-137911,BP-11095,2014-10-09,Office Supplies,Paper,2,44.38,0.2,88.77
CA-2015-106208,JW-16075,2015-12-10,Office Supplies,Appliances,7,7.58,0.8,53.09
US-2015-136749,LH-16900,2015-12-25,Furniture,Furnishings,6,45.98,0.0,275.88
US-2015-136749,LH-16900,2015-12-25,Office Supplies,Binders,5,31.58,0.0,157.9
CA-2017-126718,KT-16480,2017-04-29,Office Supplies,Labels,1,4.91,0.0,4.91
CA-2016-131380,CC-12220,2016-03-28,Office Supplies,Storage,4,21.98,0.0,87.92
CA-2016-131380,CC-12220,2016-03-28,Office Supplies,Paper,1,5.98,0.0,5.98
CA-2015-145835,BF-11170,2015-05-13,Technology,Phones,2,111.19,0.2,222.38
CA-2015-145835,BF-11170,2015-05-13,Office Supplies,Fasteners,4,4.0,0.2,16.0
CA-2014-138709,MS-17770,2014-07-04,Office Supplies,Paper,3,7.28,0.0,21.84
CA-2014-138709,MS-17770,2014-07-04,Office Supplies,Binders,5,3.12,0.0,15.6
CA-2014-122070,AH-10030,2014-04-22,Office Supplies,Envelopes,8,30.98,0.0,247.84
CA-2014-122070,AH-10030,2014-04-22,Office Supplies,Binders,3,3.3,0.2,9.91
CA-2016-158610,CK-12595,2016-09-19,Office Supplies,Storage,2,34.76,0.0,69.52
CA-2014-117464,NP-18325,2014-07-22,Office Supplies,Art,4,2.88,0.0,11.52
CA-2014-117464,NP-18325,2014-07-22,Furniture,Chairs,3,239.24,0.2,717.72
CA-2014-117464,NP-18325,2014-07-22,Office Supplies,Storage,10,23.65,0.0,236.5
CA-2014-117464,NP-18325,2014-07-22,Furniture,Tables,3,56.78,0.2,170.35
US-2017-168613,GM-14440,2017-10-08,Furniture,Chairs,2,72.88,0.1,145.76
CA-2017-125381,SG-20605,2017-04-25,Technology,Accessories,3,35.99,0.0,107.97
US-2017-141677,HK-14890,2017-03-26,Technology,Accessories,5,28.79,0.2,143.96
US-2017-141677,HK-14890,2017-03-26,Technology,Copiers,5,479.99,0.2,2399.96
US-2017-141677,HK-14890,2017-03-26,Office Supplies,Paper,3,24.78,0.2,74.35
US-2017-141677,HK-14890,2017-03-26,Office Supplies,Appliances,8,10.9,0.8,87.17
US-2017-141677,HK-14890,2017-03-26,Office Supplies,Storage,3,10.74,0.2,32.23
CA-2017-133067,MY-18295,2017-05-04,Office Supplies,Binders,2,1.1,0.7,2.2
CA-2017-133067,MY-18295,2017-05-04,Office Supplies,Binders,3,3.13,0.7,9.4
US-2016-144351,RC-19960,2016-11-14,Technology,Phones,3,29.99,0.0,89.97
CA-2014-106054,JO-15145,2014-01-06,Office Supplies,Art,3,4.26,0.0,12.78
CA-2016-138667,MW-18220,2016-12-27,Technology,Accessories,2,20.0,0.2,40.0
CA-2017-150609,NZ-18565,2017-04-30,Office Supplies,Binders,5,4.65,0.2,23.24
CA-2017-128853,JM-15250,2017-04-21,Furniture,Chairs,9,100.98,0.0,908.82
CA-2017-133102,ED-13885,2017-08-17,Office Supplies,Supplies,2,2.78,0.2,5.55
CA-2017-133102,ED-13885,2017-08-17,Office Supplies,Art,3,2.67,0.2,8.02
CA-2017-133102,ED-13885,2017-08-17,Furniture,Chairs,4,18.65,0.3,74.59
CA-2017-133102,ED-13885,2017-08-17,Furniture,Furnishings,2,8.39,0.6,16.78
CA-2017-133102,ED-13885,2017-08-17,Office Supplies,Appliances,4,9.72,0.8,38.86
CA-2016-164399,DW-13480,2016-11-12,Technology,Phones,3,67.99,0.2,203.98
CA-2016-164399,DW-13480,2016-11-12,Furniture,Tables,3,224.78,0.2,674.35
CA-2016-116918,JK-15205,2016-10-01,Office Supplies,Binders,4,1.35,0.7,5.39
CA-2016-116918,JK-15205,2016-10-01,Office Supplies,Art,8,3.87,0.2,30.98
CA-2016-110492,JS-15880,2016-02-12,Office Supplies,Storage,6,225.02,0.0,1350.12
CA-2016-110492,JS-15880,2016-02-12,Office Supplies,Binders,4,3.98,0.0,15.92
CA-2016-147683,PO-19180,2016-11-13,Furniture,Furnishings,2,9.77,0.0,19.54
CA-2014-116785,MH-17290,2014-04-26,Office Supplies,Art,5,4.28,0.0,21.4
CA-2014-116785,MH-17290,2014-04-26,Office Supplies,Labels,2,6.3,0.0,12.6
US-2015-156797,PO-19180,2015-08-11,Office Supplies,Art,2,5.98,0.0,11.96
US-2015-156797,PO-19180,2015-08-11,Technology,Phones,2,69.0,0.0,138.0
CA-2016-104276,HF-14995,2016-11-27,Technology,Phones,1,116.76,0.2,116.76
CA-2016-104276,HF-14995,2016-11-27,Furniture,Tables,7,47.29,0.45,331.02
CA-2016-120369,VB-21745,2016-10-28,Furniture,Furnishings,5,151.36,0.0,756.8
CA-2014-118276,MG-17890,2014-12-29,Furniture,Furnishings,3,2.91,0.6,8.74
CA-2015-136658,BO-11425,2015-09-10,Office Supplies,Art,2,3.04,0.0,6.08
CA-2017-137414,CM-12115,2017-10-02,Furniture,Furnishings,2,8.73,0.0,17.46
CA-2017-137414,CM-12115,2017-10-02,Technology,Machines,11,33.56,0.2,369.16
CA-2016-143476,LC-16930,2016-09-11,Office Supplies,Art,2,1.46,0.2,2.91
CA-2016-143476,LC-16930,2016-09-11,Office Supplies,Paper,4,5.18,0.2,20.74
CA-2016-143476,LC-16930,2016-09-11,Office Supplies,Paper,2,4.78,0.2,9.57
US-2016-119046,EH-13765,2016-06-02,Office Supplies,Paper,3,10.06,0.0,30.18
US-2016-119046,EH-13765,2016-06-02,Office Supplies,Binders,12,4.3,0.2,51.65
US-2016-119046,EH-13765,2016-06-02,Office Supplies,Binders,3,3.74,0.2,11.23
CA-2017-154949,MC-17275,2017-10-15,Office Supplies,Labels,3,4.91,0.0,14.73
CA-2015-103072,HW-14935,2015-09-27,Office Supplies,Art,5,3.28,0.0,16.4
CA-2015-103072,HW-14935,2015-09-27,Office Supplies,Paper,4,6.48,0.0,25.92
CA-2015-150770,LC-16870,2015-05-03,Office Supplies,Art,3,2.94,0.0,8.82
CA-2015-150770,LC-16870,2015-05-03,Office Supplies,Binders,2,31.25,0.2,62.5
CA-2015-150770,LC-16870,2015-05-03,Technology,Accessories,4,84.99,0.0,339.96
CA-2015-150770,LC-16870,2015-05-03,Office Supplies,Binders,2,24.78,0.2,49.57
CA-2017-154760,BP-11290,2017-01-09,Office Supplies,Binders,3,91.5,0.7,274.49
US-2017-104437,TG-21310,2017-01-27,Technology,Phones,3,45.98,0.0,137.94
CA-2017-113075,MC-18100,2017-09-02,Technology,Accessories,3,13.56,0.2,40.68
CA-2016-109953,RB-19360,2016-07-14,Technology,Phones,3,36.79,0.2,110.38
CA-2016-109953,RB-19360,2016-07-14,Office Supplies,Appliances,7,21.66,0.0,151.62
CA-2016-109953,RB-19360,2016-07-14,Furniture,Furnishings,4,7.7,0.0,30.8
CA-2017-127397,ES-14080,2017-02-24,Office Supplies,Paper,5,24.78,0.2,123.92
CA-2017-127397,ES-14080,2017-02-24,Technology,Accessories,5,263.96,0.2,1319.8
CA-2014-157546,RD-19720,2014-07-20,Office Supplies,Binders,6,14.95,0.2,89.71
CA-2014-157546,RD-19720,2014-07-20,Office Supplies,Paper,3,7.61,0.0,22.83
CA-2017-153843,SC-20380,2017-03-13,Office Supplies,Binders,2,15.44,0.0,30.88
CA-2017-153843,SC-20380,2017-03-13,Office Supplies,Appliances,2,232.58,0.0,465.16
CA-2017-153843,SC-20380,2017-03-13,Office Supplies,Paper,4,6.78,0.0,27.12
CA-2016-137337,GB-14575,2016-03-08,Furniture,Furnishings,8,14.2,0.0,113.6
CA-2016-137337,GB-14575,2016-03-08,Office Supplies,Paper,2,6.48,0.0,12.96
CA-2016-137337,GB-14575,2016-03-08,Office Supplies,Binders,2,34.73,0.2,69.46
CA-2014-138737,FP-14320,2014-12-07,Office Supplies,Art,3,2.88,0.0,8.64
CA-2016-164924,EA-14035,2016-07-10,Technology,Machines,3,114.0,0.7,341.99
CA-2016-101651,SC-20305,2016-12-24,Furniture,Furnishings,7,6.28,0.0,43.96
CA-2016-101651,SC-20305,2016-12-24,Office Supplies,Envelopes,7,5.68,0.0,39.76
CA-2017-136651,JF-15355,2017-04-23,Furniture,Furnishings,7,9.48,0.0,66.36
CA-2017-136651,JF-15355,2017-04-23,Office Supplies,Binders,6,15.48,0.2,92.88
CA-2017-136651,JF-15355,2017-04-23,Furniture,Furnishings,2,12.07,0.0,24.14
CA-2017-118892,TP-21415,2017-08-17,Furniture,Chairs,9,490.69,0.3,4416.17
US-2017-151127,RL-19615,2017-05-22,Office Supplies,Art,7,7.08,0.0,49.56
CA-2017-145807,SB-20170,2017-02-09,Office Supplies,Storage,5,70.98,0.0,354.9
US-2014-127978,JS-15595,2014-03-03,Office Supplies,Labels,3,5.04,0.2,15.12
US-2014-127978,JS-15595,2014-03-03,Furniture,Bookcases,5,60.49,0.5,302.45
US-2014-127978,JS-15595,2014-03-03,Office Supplies,Storage,8,5.58,0.2,44.67
CA-2015-158491,BP-11155,2015-06-04,Technology,Accessories,2,59.99,0.0,119.98
CA-2015-158491,BP-11155,2015-06-04,Technology,Accessories,3,329.99,0.0,989.97
CA-2016-116764,EM-13825,2016-08-27,Office Supplies,Labels,4,2.3,0.2,9.22
CA-2016-152457,SC-20695,2016-09-12,Office Supplies,Paper,3,22.84,0.0,68.52
CA-2016-152730,EM-14140,2016-05-30,Office Supplies,Appliances,3,121.58,0.0,364.74
CA-2016-152730,EM-14140,2016-05-30,Furniture,Furnishings,5,9.48,0.0,47.4
CA-2016-152730,EM-14140,2016-05-30,Office Supplies,Storage,4,12.44,0.0,49.76
CA-2016-152730,EM-14140,2016-05-30,Office Supplies,Art,2,2.78,0.0,5.56
CA-2016-152730,EM-14140,2016-05-30,Office Supplies,Paper,6,104.85,0.0,629.1
CA-2016-152730,EM-14140,2016-05-30,Office Supplies,Art,5,2.94,0.0,14.7
CA-2016-152730,EM-14140,2016-05-30,Office Supplies,Paper,7,6.48,0.0,45.36
CA-2016-152730,EM-14140,2016-05-30,Technology,Phones,1,125.99,0.0,125.99
CA-2017-137001,GZ-14545,2017-06-10,Office Supplies,Art,7,2.1,0.0,14.7
CA-2017-156363,ML-17395,2017-10-22,Technology,Phones,5,6.54,0.4,32.7
CA-2017-156363,ML-17395,2017-10-22,Office Supplies,Envelopes,4,7.92,0.2,31.68
CA-2017-122056,PG-18895,2017-06-13,Office Supplies,Art,7,25.98,0.0,181.86
US-2014-143721,DK-12835,2014-11-23,Furniture,Chairs,2,77.69,0.3,155.37
CA-2017-122987,SJ-20215,2017-08-16,Office Supplies,Binders,3,4.48,0.7,13.43
CA-2017-122987,SJ-20215,2017-08-16,Office Supplies,Storage,4,16.78,0.2,67.14
CA-2016-133368,AG-10675,2016-01-14,Office Supplies,Paper,2,44.78,0.2,89.57
CA-2016-133368,AG-10675,2016-01-14,Furniture,Furnishings,8,39.47,0.2,315.78
CA-2016-123337,KD-16495,2016-09-16,Furniture,Bookcases,2,136.83,0.15,273.67
CA-2016-123337,KD-16495,2016-09-16,Office Supplies,Appliances,4,4.37,0.0,17.48
US-2016-150357,EB-13975,2016-10-10,Office Supplies,Supplies,2,10.3,0.2,20.61
US-2016-150357,EB-13975,2016-10-10,Office Supplies,Binders,3,1.36,0.7,4.1
CA-2015-144519,AW-10930,2015-11-13,Technology,Phones,5,67.99,0.2,339.96
CA-2015-144519,AW-10930,2015-11-13,Furniture,Furnishings,7,9.14,0.0,63.98
CA-2014-120670,JK-16120,2014-11-02,Technology,Accessories,10,79.99,0.2,799.92
CA-2016-157217,TC-21535,2016-07-19,Technology,Phones,2,17.99,0.2,35.98
CA-2016-157217,TC-21535,2016-07-19,Technology,Accessories,3,129.99,0.0,389.97
CA-2016-108224,TH-21235,2016-05-14,Technology,Accessories,7,26.5,0.2,185.53
CA-2015-162782,PW-19240,2015-02-21,Office Supplies,Binders,2,1270.99,0.0,2541.98
CA-2017-159282,GH-14410,2017-10-16,Technology,Machines,5,120.0,0.7,599.98
CA-2017-155936,JK-15730,2017-06-22,Office Supplies,Binders,3,1.01,0.8,3.04
CA-2017-169439,LC-17140,2017-09-09,Office Supplies,Art,5,5.18,0.2,25.92
CA-2017-169439,LC-17140,2017-09-09,Furniture,Furnishings,2,33.06,0.2,66.11
CA-2017-151183,BK-11260,2017-10-14,Technology,Accessories,4,11.59,0.0,46.36
CA-2016-149965,BS-11365,2016-06-20,Technology,Accessories,1,6.9,0.0,6.9
CA-2016-149965,BS-11365,2016-06-20,Furniture,Furnishings,3,19.23,0.0,57.69
CA-2014-158281,AG-10525,2014-09-02,Technology,Machines,3,186.57,0.4,559.71
CA-2016-153661,SC-20725,2016-01-30,Office Supplies,Storage,9,33.89,0.0,305.01
CA-2016-153661,SC-20725,2016-01-30,Office Supplies,Binders,2,25.39,0.2,50.78
CA-2016-153661,SC-20725,2016-01-30,Office Supplies,Labels,9,2.89,0.0,26.01
CA-2017-109183,LR-16915,2017-12-04,Technology,Machines,2,324.5,0.5,649.0
CA-2016-113656,CB-12415,2016-01-23,Furniture,Furnishings,7,8.57,0.0,59.99
CA-2015-148964,RD-19900,2015-05-26,Furniture,Furnishings,1,20.24,0.0,20.24
CA-2014-111899,NC-18340,2014-05-04,Office Supplies,Art,2,18.92,0.2,37.84
CA-2014-111899,NC-18340,2014-05-04,Office Supplies,Fasteners,6,0.91,0.2,5.47
CA-2015-101126,NB-18655,2015-02-10,Office Supplies,Storage,5,15.45,0.2,77.24
CA-2014-163468,JK-15730,2014-11-18,Furniture,Tables,4,73.03,0.5,292.1
CA-2014-163468,JK-15730,2014-11-18,Furniture,Furnishings,2,4.27,0.6,8.54
CA-2014-163468,JK-15730,2014-11-18,Furniture,Bookcases,6,70.69,0.3,424.12
CA-2014-163468,JK-15730,2014-11-18,Office Supplies,Binders,3,0.96,0.8,2.89
CA-2014-163468,JK-15730,2014-11-18,Office Supplies,Storage,5,76.34,0.2,381.72
US-2017-117450,DO-13645,2017-09-04,Furniture,Chairs,2,48.59,0.2,97.18
US-2017-117450,DO-13645,2017-09-04,Office Supplies,Paper,2,5.18,0.2,10.37
CA-2014-137274,MG-18145,2014-03-29,Furniture,Tables,3,296.95,0.3,890.84
CA-2016-144092,LH-17155,2016-11-05,Technology,Accessories,4,18.0,0.0,72.0
CA-2016-144092,LH-17155,2016-11-05,Furniture,Chairs,2,56.94,0.2,113.89
CA-2016-144092,LH-17155,2016-11-05,Office Supplies,Envelopes,3,52.71,0.0,158.13
CA-2017-112172,MM-18280,2017-06-10,Office Supplies,Fasteners,3,4.71,0.0,14.13
CA-2015-121699,BD-11320,2015-08-10,Office Supplies,Binders,5,12.95,0.0,64.75
CA-2015-162761,SC-20575,2015-10-09,Office Supplies,Binders,2,0.94,0.7,1.87
CA-2015-162761,SC-20575,2015-10-09,Office Supplies,Binders,2,5.61,0.7,11.21
CA-2015-162761,SC-20575,2015-10-09,Office Supplies,Art,8,4.67,0.2,37.38
CA-2016-121377,TN-21040,2016-05-28,Technology,Phones,1,286.4,0.2,286.4
CA-2017-115322,ZC-21910,2017-05-11,Office Supplies,Art,3,14.64,0.0,43.92
CA-2016-132066,NB-18655,2016-10-16,Furniture,Tables,1,142.18,0.4,142.18
CA-2017-158120,KH-16330,2017-11-17,Office Supplies,Paper,3,6.54,0.2,19.61
CA-2017-158120,KH-16330,2017-11-17,Office Supplies,Binders,7,0.59,0.7,4.16
CA-2017-100097,MN-17935,2017-11-26,Technology,Phones,5,195.99,0.0,979.95
CA-2017-100097,MN-17935,2017-11-26,Furniture,Furnishings,5,27.06,0.0,135.3
CA-2017-167626,MY-18295,2017-09-03,Office Supplies,Paper,3,2.97,0.2,8.9
CA-2017-167626,MY-18295,2017-09-03,Technology,Accessories,2,50.4,0.2,100.8
US-2017-126053,CS-11950,2017-12-05,Furniture,Furnishings,2,20.98,0.0,41.96
US-2017-126053,CS-11950,2017-12-05,Office Supplies,Labels,3,3.15,0.0,9.45
US-2017-128447,MC-17845,2017-11-10,Office Supplies,Appliances,5,80.16,0.0,400.8
US-2017-128447,MC-17845,2017-11-10,Office Supplies,Binders,1,28.79,0.2,28.79
US-2014-131275,SC-20050,2014-03-18,Furniture,Furnishings,2,55.5,0.0,111.0
US-2014-131275,SC-20050,2014-03-18,Technology,Machines,4,319.99,0.2,1279.97
US-2014-131275,SC-20050,2014-03-18,Office Supplies,Storage,7,265.17,0.0,1856.19
CA-2016-149349,SP-20650,2016-11-12,Furniture,Furnishings,6,3.79,0.6,22.75
CA-2017-115119,SC-20440,2017-10-26,Technology,Phones,1,61.54,0.4,61.54
CA-2017-115119,SC-20440,2017-10-26,Office Supplies,Binders,7,11.63,0.7,81.44
CA-2015-125563,PR-18880,2015-04-11,Furniture,Furnishings,2,33.68,0.2,67.36
CA-2015-125563,PR-18880,2015-04-11,Furniture,Furnishings,3,18.18,0.2,54.53
CA-2015-113152,JK-15625,2015-12-25,Technology,Accessories,2,421.95,0.0,843.9
CA-2015-113152,JK-15625,2015-12-25,Furniture,Bookcases,2,224.78,0.2,449.57
CA-2017-165155,BM-11575,2017-09-21,Office Supplies,Storage,1,15.51,0.0,15.51
CA-2014-163412,SM-20950,2014-12-20,Furniture,Chairs,3,64.06,0.1,192.19
CA-2015-159590,KC-16255,2015-07-18,Office Supplies,Art,2,2.88,0.0,5.76
CA-2014-116190,SG-20470,2014-07-26,Furniture,Chairs,2,33.94,0.0,67.88
CA-2014-116190,SG-20470,2014-07-26,Office Supplies,Labels,13,12.53,0.0,162.89
CA-2014-116190,SG-20470,2014-07-26,Furniture,Furnishings,3,8.57,0.0,25.71
CA-2014-168473,TB-21520,2014-12-26,Office Supplies,Storage,6,31.98,0.0,191.88
CA-2017-168389,DV-13045,2017-12-11,Furniture,Tables,6,120.31,0.45,721.88
CA-2017-168389,DV-13045,2017-12-11,Technology,Phones,4,18.39,0.2,73.57
CA-2017-168389,DV-13045,2017-12-11,Office Supplies,Art,1,13.58,0.2,13.58
CA-2017-168389,DV-13045,2017-12-11,Furniture,Chairs,1,64.78,0.2,64.78
CA-2014-130421,SC-20020,2014-03-03,Office Supplies,Appliances,3,58.92,0.8,176.77
CA-2017-142125,JB-15400,2017-10-21,Office Supplies,Binders,6,6.47,0.0,38.82
CA-2017-142125,JB-15400,2017-10-21,Office Supplies,Binders,5,4.38,0.0,21.9
CA-2017-141138,GH-14425,2017-11-10,Technology,Accessories,7,15.97,0.0,111.79
CA-2017-152135,MG-17650,2017-03-16,Technology,Phones,8,55.68,0.4,445.44
CA-2016-151974,RD-19660,2016-09-22,Office Supplies,Labels,5,3.3,0.2,16.52
CA-2017-154102,SN-20560,2017-02-06,Office Supplies,Paper,5,5.98,0.0,29.9
CA-2015-139780,AH-10690,2015-12-31,Office Supplies,Binders,8,14.55,0.0,116.4
CA-2016-114748,MZ-17335,2016-10-09,Office Supplies,Art,1,1.41,0.2,1.41
CA-2016-114748,MZ-17335,2016-10-09,Furniture,Furnishings,2,84.78,0.2,169.57
US-2014-115189,AR-10345,2014-12-30,Technology,Phones,6,41.99,0.4,251.96
US-2014-115189,AR-10345,2014-12-30,Furniture,Tables,3,174.59,0.4,523.76
CA-2016-163594,JF-15295,2016-04-12,Office Supplies,Paper,3,6.48,0.0,19.44
CA-2016-163594,JF-15295,2016-04-12,Furniture,Chairs,3,64.78,0.2,194.35
CA-2016-163594,JF-15295,2016-04-12,Office Supplies,Binders,3,12.21,0.2,36.62
CA-2016-127243,DS-13180,2016-11-28,Technology,Phones,3,113.39,0.4,340.18
CA-2016-127243,DS-13180,2016-11-28,Office Supplies,Fasteners,8,1.58,0.2,12.67
CA-2016-127243,DS-13180,2016-11-28,Office Supplies,Binders,2,3.44,0.7,6.89
CA-2016-127243,DS-13180,2016-11-28,Office Supplies,Storage,2,16.27,0.2,32.54
CA-2016-127243,DS-13180,2016-11-28,Furniture,Chairs,7,49.69,0.3,347.8
CA-2017-161851,BP-11095,2017-04-15,Office Supplies,Binders,3,5.19,0.7,15.57
CA-2015-110345,TG-21310,2015-03-09,Office Supplies,Labels,2,2.3,0.2,4.61
CA-2014-107769,BT-11395,2014-10-28,Technology,Phones,2,128.99,0.0,257.98
US-2017-123862,JF-15190,2017-01-07,Office Supplies,Storage,11,13.98,0.0,153.78
US-2017-123862,JF-15190,2017-01-07,Office Supplies,Storage,3,20.34,0.0,61.02
US-2017-123862,JF-15190,2017-01-07,Office Supplies,Supplies,7,15.73,0.0,110.11
US-2017-123862,JF-15190,2017-01-07,Office Supplies,Fasteners,1,7.89,0.0,7.89
CA-2017-100580,MK-17905,2017-08-13,Office Supplies,Binders,3,12.01,0.2,36.02
US-2017-145597,GG-14650,2017-11-02,Office Supplies,Art,4,13.58,0.2,54.34
CA-2014-132787,MC-18130,2014-09-19,Office Supplies,Storage,6,15.42,0.0,92.52
CA-2015-136224,ML-18265,2015-05-31,Office Supplies,Art,3,3.42,0.2,10.27
CA-2016-105732,AG-10270,2016-09-13,Office Supplies,Storage,3,13.58,0.0,40.74
CA-2016-105732,AG-10270,2016-09-13,Office Supplies,Labels,5,2.88,0.0,14.4
CA-2016-105732,AG-10270,2016-09-13,Technology,Phones,5,29.99,0.0,149.95
CA-2016-105732,AG-10270,2016-09-13,Office Supplies,Supplies,2,8.45,0.0,16.9
CA-2016-105732,AG-10270,2016-09-13,Office Supplies,Paper,3,5.87,0.0,17.61
CA-2016-105732,AG-10270,2016-09-13,Office Supplies,Appliances,2,189.0,0.0,378.0
CA-2016-105732,AG-10270,2016-09-13,Office Supplies,Paper,3,5.88,0.0,17.64
CA-2016-105732,AG-10270,2016-09-13,Office Supplies,Storage,6,62.18,0.0,373.08
CA-2016-105732,AG-10270,2016-09-13,Furniture,Furnishings,14,95.46,0.0,1336.44
CA-2016-105732,AG-10270,2016-09-13,Technology,Phones,3,9.99,0.0,29.97
CA-2017-108035,TT-21070,2017-11-29,Furniture,Chairs,2,195.18,0.2,390.37
CA-2017-108035,TT-21070,2017-11-29,Furniture,Furnishings,5,20.3,0.2,101.52
CA-2017-160031,LT-16765,2017-12-04,Office Supplies,Paper,3,24.78,0.2,74.35
CA-2017-147844,DD-13570,2017-05-02,Office Supplies,Paper,5,3.14,0.0,15.7
CA-2017-147844,DD-13570,2017-05-02,Office Supplies,Art,3,19.84,0.0,59.52
CA-2017-147844,DD-13570,2017-05-02,Office Supplies,Paper,5,6.88,0.0,34.4
CA-2016-110975,DB-12970,2016-12-25,Furniture,Tables,2,156.59,0.4,313.18
CA-2016-110975,DB-12970,2016-12-25,Furniture,Chairs,3,288.88,0.1,866.65
CA-2014-141649,DM-12955,2014-09-30,Office Supplies,Appliances,6,132.57,0.2,795.41
CA-2014-124807,ME-17725,2014-07-12,Office Supplies,Paper,9,3.98,0.2,35.86
CA-2014-124807,ME-17725,2014-07-12,Technology,Accessories,4,5.96,0.2,23.84
CA-2016-110009,TR-21325,2016-09-08,Furniture,Furnishings,1,43.13,0.0,43.13
CA-2016-110009,TR-21325,2016-09-08,Office Supplies,Paper,7,4.41,0.0,30.87
CA-2017-168172,SH-20395,2017-08-06,Office Supplies,Supplies,4,17.53,0.0,70.12
CA-2015-100146,CB-12535,2015-05-14,Furniture,Bookcases,5,101.99,0.15,509.96
CA-2015-100146,CB-12535,2015-05-14,Furniture,Furnishings,3,40.97,0.0,122.91
CA-2015-100146,CB-12535,2015-05-14,Furniture,Chairs,2,48.78,0.2,97.57
CA-2015-100146,CB-12535,2015-05-14,Furniture,Chairs,3,240.78,0.2,722.35
CA-2017-152079,ML-17410,2017-01-20,Office Supplies,Labels,5,2.3,0.2,11.52
CA-2016-129728,JG-15310,2016-05-30,Furniture,Furnishings,8,20.98,0.0,167.84
CA-2014-121769,JS-15880,2014-04-08,Furniture,Tables,1,172.11,0.4,172.11
CA-2014-103058,AG-10270,2014-07-23,Technology,Accessories,2,49.99,0.0,99.98
CA-2017-121125,MG-17890,2017-05-30,Technology,Phones,1,156.79,0.2,156.79
CA-2017-121125,MG-17890,2017-05-30,Technology,Accessories,2,17.68,0.2,35.36
CA-2017-121125,MG-17890,2017-05-30,Furniture,Furnishings,1,13.59,0.2,13.59
US-2016-114013,SC-20770,2016-03-13,Furniture,Chairs,2,193.34,0.3,386.68
US-2016-114013,SC-20770,2016-03-13,Technology,Accessories,5,75.99,0.2,379.96
US-2016-114013,SC-20770,2016-03-13,Technology,Phones,3,179.97,0.4,539.91
US-2016-114013,SC-20770,2016-03-13,Office Supplies,Paper,5,8.25,0.2,41.24
US-2016-114013,SC-20770,2016-03-13,Office Supplies,Binders,1,51.9,0.7,51.9
US-2016-114013,SC-20770,2016-03-13,Office Supplies,Storage,5,110.51,0.2,552.56
US-2016-114013,SC-20770,2016-03-13,Office Supplies,Binders,5,4.63,0.7,23.16
US-2016-114013,SC-20770,2016-03-13,Office Supplies,Storage,2,63.04,0.2,126.08
US-2016-114013,SC-20770,2016-03-13,Technology,Machines,3,149.7,0.7,449.1
CA-2017-135069,BS-11755,2017-04-10,Office Supplies,Appliances,4,48.78,0.2,195.1
CA-2017-135069,BS-11755,2017-04-10,Furniture,Furnishings,3,12.22,0.2,36.67
CA-2016-101693,LC-17140,2016-06-25,Furniture,Chairs,2,42.62,0.3,85.25
CA-2016-101693,LC-17140,2016-06-25,Furniture,Furnishings,2,16.36,0.6,32.71
US-2014-164763,MH-17440,2014-03-17,Office Supplies,Binders,3,3.81,0.0,11.43
US-2014-164763,MH-17440,2014-03-17,Office Supplies,Binders,2,15.22,0.0,30.44
US-2014-164763,MH-17440,2014-03-17,Office Supplies,Paper,2,6.48,0.0,12.96
US-2014-164763,MH-17440,2014-03-17,Office Supplies,Paper,4,4.0,0.0,16.0
US-2014-164763,MH-17440,2014-03-17,Office Supplies,Appliances,3,10.89,0.0,32.67
CA-2014-161249,RD-19720,2014-08-09,Office Supplies,Fasteners,3,1.49,0.2,4.46
CA-2014-161249,RD-19720,2014-08-09,Office Supplies,Binders,5,1.87,0.7,9.35
CA-2015-148180,BP-11095,2015-07-26,Office Supplies,Binders,3,3.05,0.2,9.14
CA-2015-148180,BP-11095,2015-07-26,Office Supplies,Binders,6,3.86,0.2,23.14
CA-2015-148180,BP-11095,2015-07-26,Office Supplies,Art,5,19.84,0.0,99.2
CA-2014-165568,BF-11020,2014-02-15,Office Supplies,Binders,5,4.27,0.2,21.36
CA-2015-145457,CP-12085,2015-03-24,Furniture,Furnishings,5,9.38,0.0,46.9
US-2017-163657,JL-15235,2017-09-02,Office Supplies,Binders,5,3.74,0.2,18.72
US-2017-163657,JL-15235,2017-09-02,Furniture,Tables,2,118.26,0.2,236.53
CA-2015-120446,JG-15805,2015-11-16,Office Supplies,Labels,3,6.3,0.0,18.9
CA-2014-109932,VP-21760,2014-12-09,Office Supplies,Paper,2,5.34,0.2,10.69
CA-2014-109932,VP-21760,2014-12-09,Office Supplies,Storage,3,79.03,0.2,237.1
CA-2017-127474,RD-19810,2017-02-03,Office Supplies,Paper,1,5.18,0.2,5.18
CA-2017-127474,RD-19810,2017-02-03,Office Supplies,Paper,2,32.79,0.2,65.58
CA-2017-127474,RD-19810,2017-02-03,Furniture,Furnishings,1,22.2,0.6,22.2
CA-2017-127474,RD-19810,2017-02-03,Office Supplies,Paper,5,83.88,0.2,419.4
CA-2017-115448,MH-18025,2017-11-11,Furniture,Furnishings,5,17.78,0.2,88.92
CA-2017-105669,SJ-20125,2017-09-17,Office Supplies,Art,3,3.3,0.2,9.91
CA-2017-105669,SJ-20125,2017-09-17,Furniture,Chairs,5,63.69,0.3,318.43
CA-2017-105669,SJ-20125,2017-09-17,Office Supplies,Binders,5,1.16,0.8,5.8
CA-2017-105669,SJ-20125,2017-09-17,Technology,Phones,6,235.96,0.2,1415.76
CA-2017-134796,FM-14380,2017-06-25,Technology,Phones,2,74.24,0.2,148.48
CA-2016-137743,KH-16360,2016-07-30,Office Supplies,Labels,4,2.31,0.2,9.25
CA-2016-137743,KH-16360,2016-07-30,Office Supplies,Storage,2,518.31,0.2,1036.62
CA-2015-137974,LL-16840,2015-04-16,Technology,Phones,2,284.82,0.0,569.64
CA-2015-137974,LL-16840,2015-04-16,Office Supplies,Binders,1,9.14,0.0,9.14
CA-2015-137974,LL-16840,2015-04-16,Furniture,Furnishings,7,170.98,0.0,1196.86
CA-2015-137974,LL-16840,2015-04-16,Furniture,Bookcases,9,58.14,0.0,523.26
US-2015-136987,AR-10540,2015-04-11,Technology,Copiers,4,159.99,0.2,639.97
US-2015-136987,AR-10540,2015-04-11,Office Supplies,Paper,2,26.38,0.0,52.76
CA-2015-138485,NP-18670,2015-02-27,Technology,Accessories,9,59.88,0.0,538.92
CA-2016-103709,LP-17095,2016-09-08,Office Supplies,Art,2,7.44,0.0,14.88
CA-2016-103709,LP-17095,2016-09-08,Office Supplies,Paper,8,4.28,0.0,34.24
CA-2016-103709,LP-17095,2016-09-08,Office Supplies,Storage,2,130.87,0.0,261.74
CA-2016-138282,AH-10690,2016-05-19,Office Supplies,Appliances,8,10.98,0.0,87.84
CA-2017-148985,TB-21190,2017-11-11,Furniture,Furnishings,4,8.73,0.0,34.92
CA-2014-138100,AA-10315,2014-09-15,Office Supplies,Paper,3,4.98,0.0,14.94
CA-2014-138100,AA-10315,2014-09-15,Furniture,Furnishings,2,7.28,0.0,14.56
CA-2015-100734,AC-10615,2015-09-15,Office Supplies,Binders,4,0.89,0.7,3.58
CA-2015-100734,AC-10615,2015-09-15,Office Supplies,Storage,2,73.59,0.2,147.18
CA-2016-139997,EM-14140,2016-07-01,Technology,Copiers,5,299.99,0.0,1499.95
CA-2016-109652,QJ-19255,2016-04-10,Office Supplies,Art,4,3.39,0.2,13.57
CA-2014-167199,ME-17320,2014-01-06,Furniture,Chairs,9,285.98,0.0,2573.82
CA-2014-167199,ME-17320,2014-01-06,Office Supplies,Binders,2,304.99,0.0,609.98
CA-2014-167199,ME-17320,2014-01-06,Office Supplies,Art,2,2.74,0.0,5.48
CA-2014-167199,ME-17320,2014-01-06,Technology,Phones,2,195.99,0.0,391.98
CA-2014-167199,ME-17320,2014-01-06,Technology,Phones,4,188.99,0.0,755.96
CA-2014-167199,ME-17320,2014-01-06,Office Supplies,Fasteners,4,7.78,0.0,31.12
CA-2014-167199,ME-17320,2014-01-06,Office Supplies,Paper,1,6.54,0.0,6.54
CA-2016-124583,LB-16795,2016-09-01,Office Supplies,Envelopes,1,12.78,0.0,12.78
CA-2014-113964,JP-16135,2014-09-23,Office Supplies,Binders,4,4.62,0.2,18.46
CA-2014-129938,EB-13705,2014-12-15,Furniture,Chairs,7,63.69,0.3,445.8
CA-2017-135111,CS-12400,2017-12-28,Office Supplies,Art,1,2.48,0.0,2.48
CA-2017-135111,CS-12400,2017-12-28,Office Supplies,Binders,5,5.18,0.0,25.9
US-2015-134558,PM-19135,2015-12-19,Office Supplies,Paper,5,5.98,0.0,29.9
US-2015-134558,PM-19135,2015-12-19,Technology,Accessories,9,249.99,0.0,2249.91
US-2015-134558,PM-19135,2015-12-19,Furniture,Tables,4,263.29,0.3,1053.16
CA-2017-157196,AA-10645,2017-11-05,Office Supplies,Paper,2,6.48,0.0,12.96
CA-2015-108672,FA-14230,2015-09-10,Furniture,Furnishings,6,17.78,0.0,106.68
US-2017-118598,CM-12190,2017-11-16,Technology,Phones,6,19.99,0.0,119.94
US-2017-160836,CC-12475,2017-09-11,Office Supplies,Paper,3,3.42,0.2,10.27
US-2017-160836,CC-12475,2017-09-11,Furniture,Tables,5,102.44,0.3,512.19
US-2017-160836,CC-12475,2017-09-11,Office Supplies,Appliances,2,0.78,0.8,1.56
CA-2017-121048,TC-21295,2017-07-14,Office Supplies,Binders,2,2.22,0.2,4.45
CA-2017-121048,TC-21295,2017-07-14,Furniture,Furnishings,3,92.23,0.0,276.69
CA-2017-121048,TC-21295,2017-07-14,Office Supplies,Fasteners,4,1.24,0.0,4.96
CA-2017-121048,TC-21295,2017-07-14,Office Supplies,Art,4,17.98,0.0,71.92
CA-2017-121048,TC-21295,2017-07-14,Furniture,Furnishings,3,6.28,0.0,18.84
CA-2017-121048,TC-21295,2017-07-14,Technology,Accessories,3,46.99,0.0,140.97
CA-2017-121048,TC-21295,2017-07-14,Technology,Phones,3,156.79,0.2,470.38
US-2017-120147,TB-21400,2017-03-30,Office Supplies,Art,2,3.04,0.0,6.08
US-2017-120147,TB-21400,2017-03-30,Technology,Phones,1,164.79,0.2,164.79
CA-2016-158043,JK-15325,2016-01-31,Office Supplies,Envelopes,2,11.68,0.0,23.36
US-2017-106579,BW-11200,2017-06-08,Office Supplies,Binders,4,3.04,0.8,12.18
CA-2014-115889,SH-20395,2014-11-02,Technology,Phones,2,23.19,0.2,46.38
CA-2014-115889,SH-20395,2014-11-02,Office Supplies,Storage,2,181.46,0.0,362.92
US-2017-161935,JL-15835,2017-07-14,Office Supplies,Paper,2,4.62,0.2,9.25
US-2017-161935,JL-15835,2017-07-14,Technology,Phones,9,209.99,0.4,1889.95
US-2017-161935,JL-15835,2017-07-14,Office Supplies,Storage,5,12.41,0.2,62.04
US-2017-161935,JL-15835,2017-07-14,Furniture,Furnishings,5,79.38,0.2,396.92
US-2017-161935,JL-15835,2017-07-14,Office Supplies,Storage,7,34.21,0.2,239.46
US-2017-161935,JL-15835,2017-07-14,Office Supplies,Art,5,2.62,0.2,13.12
US-2017-167920,JL-15835,2017-12-09,Office Supplies,Binders,2,14.68,0.0,29.36
US-2017-167920,JL-15835,2017-12-09,Office Supplies,Appliances,5,42.98,0.0,214.9
US-2017-167920,JL-15835,2017-12-09,Office Supplies,Binders,4,3.98,0.0,15.92
US-2017-167920,JL-15835,2017-12-09,Technology,Accessories,5,29.29,0.0,146.45
US-2017-167920,JL-15835,2017-12-09,Office Supplies,Storage,1,15.14,0.0,15.14
US-2017-167920,JL-15835,2017-12-09,Office Supplies,Labels,2,2.88,0.0,5.76
US-2017-167920,JL-15835,2017-12-09,Technology,Copiers,2,699.99,0.0,1399.98
CA-2016-162383,MD-17350,2016-09-05,Office Supplies,Binders,2,4.48,0.7,8.95
CA-2016-162383,MD-17350,2016-09-05,Office Supplies,Binders,6,1.48,0.7,8.86
CA-2016-162383,MD-17350,2016-09-05,Furniture,Chairs,2,42.62,0.3,85.25
CA-2014-125731,CL-12565,2014-09-10,Office Supplies,Envelopes,7,3.1,0.2,21.73
CA-2014-125731,CL-12565,2014-09-10,Furniture,Chairs,5,297.41,0.2,1487.04
US-2017-106145,RA-19885,2017-09-26,Office Supplies,Envelopes,6,11.98,0.0,71.88
US-2017-106145,RA-19885,2017-09-26,Furniture,Furnishings,3,3.08,0.0,9.24
US-2017-106145,RA-19885,2017-09-26,Office Supplies,Paper,6,5.98,0.0,35.88
US-2017-106145,RA-19885,2017-09-26,Office Supplies,Binders,3,5.68,0.2,17.04
US-2017-106145,RA-19885,2017-09-26,Office Supplies,Binders,3,310.39,0.2,931.18
CA-2016-107146,LC-16885,2016-06-17,Furniture,Furnishings,3,88.78,0.2,266.35
CA-2016-107146,LC-16885,2016-06-17,Furniture,Chairs,4,120.78,0.2,483.14
US-2017-134642,SW-20245,2017-02-25,Furniture,Chairs,2,98.39,0.2,196.78
US-2017-134642,SW-20245,2017-02-25,Furniture,Bookcases,5,46.38,0.2,231.92
US-2017-160143,HG-14965,2017-03-31,Office Supplies,Supplies,3,9.9,0.0,29.7
CA-2017-103415,MV-17485,2017-12-03,Furniture,Furnishings,2,6.8,0.6,13.59
CA-2016-106460,GT-14710,2016-02-19,Office Supplies,Paper,2,35.44,0.0,70.88
US-2017-112347,BS-11380,2017-12-02,Office Supplies,Storage,1,114.29,0.2,114.29
US-2017-112347,BS-11380,2017-12-02,Office Supplies,Binders,8,4.58,0.7,36.62
US-2017-112347,BS-11380,2017-12-02,Furniture,Bookcases,8,30.29,0.7,242.35
US-2017-112347,BS-11380,2017-12-02,Technology,Phones,2,24.81,0.2,49.62
US-2017-112347,BS-11380,2017-12-02,Furniture,Furnishings,6,84.78,0.2,508.7
US-2017-112347,BS-11380,2017-12-02,Technology,Phones,6,9.56,0.2,57.36
US-2017-112347,BS-11380,2017-12-02,Furniture,Chairs,5,181.34,0.2,906.68
CA-2014-103492,CM-12715,2014-10-10,Technology,Phones,6,119.99,0.2,719.95
CA-2014-103492,CM-12715,2014-10-10,Technology,Phones,7,107.99,0.2,755.94
CA-2014-103492,CM-12715,2014-10-10,Office Supplies,Binders,5,2.4,0.8,11.98
CA-2014-103492,CM-12715,2014-10-10,Office Supplies,Binders,1,0.9,0.8,0.9
CA-2016-136595,EM-13825,2016-09-05,Furniture,Furnishings,3,7.07,0.6,21.2
CA-2014-140396,KH-16330,2014-11-20,Office Supplies,Envelopes,3,11.58,0.0,34.74
CA-2014-140396,KH-16330,2014-11-20,Technology,Phones,6,138.99,0.0,833.94
CA-2014-140396,KH-16330,2014-11-20,Office Supplies,Binders,3,4.32,0.2,12.96
CA-2014-140396,KH-16330,2014-11-20,Office Supplies,Paper,4,6.48,0.0,25.92
CA-2014-114181,AF-10885,2014-05-10,Furniture,Bookcases,7,50.0,0.5,349.96
CA-2014-114181,AF-10885,2014-05-10,Office Supplies,Art,5,4.46,0.2,22.32
CA-2017-159506,JR-16210,2017-11-27,Office Supplies,Paper,6,26.38,0.0,158.28
CA-2017-159506,JR-16210,2017-11-27,Office Supplies,Binders,3,165.98,0.0,497.94
US-2014-137155,DL-12925,2014-11-01,Office Supplies,Appliances,3,177.98,0.0,533.94
US-2014-137155,DL-12925,2014-11-01,Office Supplies,Paper,3,55.98,0.0,167.94
US-2014-137155,DL-12925,2014-11-01,Furniture,Furnishings,6,5.28,0.0,31.68
CA-2016-105746,BD-11605,2016-12-30,Furniture,Chairs,1,170.79,0.3,170.79
US-2016-104815,RB-19570,2016-09-03,Furniture,Bookcases,4,49.69,0.3,198.74
CA-2017-157672,RB-19795,2017-10-05,Technology,Accessories,2,31.91,0.2,63.82
US-2016-166660,TB-21250,2016-01-30,Furniture,Chairs,4,108.79,0.2,435.17
US-2016-166660,TB-21250,2016-01-30,Furniture,Bookcases,1,48.58,0.0,48.58
CA-2017-140802,KN-16390,2017-04-21,Technology,Accessories,3,15.99,0.2,47.98
CA-2017-140802,KN-16390,2017-04-21,Office Supplies,Paper,4,5.18,0.2,20.74
CA-2014-133830,RL-19615,2014-12-05,Office Supplies,Art,9,2.94,0.0,26.46
CA-2014-133830,RL-19615,2014-12-05,Office Supplies,Paper,4,12.28,0.0,49.12
CA-2014-133830,RL-19615,2014-12-05,Office Supplies,Fasteners,3,5.0,0.0,15.0
CA-2014-100916,FH-14275,2014-10-21,Office Supplies,Storage,5,38.94,0.0,194.7
CA-2014-100916,FH-14275,2014-10-21,Furniture,Tables,4,147.83,0.0,591.32
CA-2014-100916,FH-14275,2014-10-21,Office Supplies,Art,1,2.84,0.0,2.84
CA-2015-129532,YS-21880,2015-12-08,Office Supplies,Storage,2,110.98,0.0,221.96
CA-2015-129532,YS-21880,2015-12-08,Technology,Accessories,4,59.0,0.0,236.0
CA-2014-134726,SW-20755,2014-11-02,Technology,Accessories,2,20.97,0.0,41.94
CA-2014-134726,SW-20755,2014-11-02,Technology,Phones,1,52.79,0.2,52.79
CA-2016-138597,PN-18775,2016-12-18,Furniture,Chairs,3,187.98,0.0,563.94
CA-2015-123113,AT-10735,2015-11-23,Office Supplies,Appliances,8,328.14,0.0,2625.12
CA-2015-123113,AT-10735,2015-11-23,Office Supplies,Art,3,5.98,0.0,17.94
CA-2015-169656,EJ-13720,2015-08-13,Office Supplies,Storage,3,140.95,0.2,422.86
CA-2015-142734,DM-13345,2015-04-16,Furniture,Chairs,2,63.88,0.1,127.76
CA-2014-163223,KH-16690,2014-03-21,Technology,Phones,7,499.99,0.0,3499.93
CA-2014-163223,KH-16690,2014-03-21,Office Supplies,Labels,5,2.88,0.0,14.4
CA-2014-163223,KH-16690,2014-03-21,Office Supplies,Paper,3,40.99,0.0,122.97
CA-2014-163223,KH-16690,2014-03-21,Office Supplies,Art,4,2.33,0.0,9.32
CA-2014-163223,KH-16690,2014-03-21,Office Supplies,Binders,3,40.98,0.0,122.94
CA-2017-122945,MB-18085,2017-11-16,Furniture,Furnishings,3,5.77,0.0,17.31
CA-2015-139738,DK-12895,2015-09-25,Office Supplies,Art,7,18.39,0.2,128.74
CA-2016-158778,DB-13210,2016-09-05,Furniture,Furnishings,9,6.47,0.2,58.25
CA-2016-158778,DB-13210,2016-09-05,Furniture,Chairs,2,35.62,0.3,71.25
CA-2016-158778,DB-13210,2016-09-05,Office Supplies,Art,3,2.62,0.2,7.87
CA-2016-158778,DB-13210,2016-09-05,Furniture,Chairs,3,295.76,0.3,887.27
CA-2017-119655,CV-12295,2017-04-20,Office Supplies,Binders,7,20.98,0.0,146.86
CA-2017-119655,CV-12295,2017-04-20,Office Supplies,Binders,4,9.14,0.0,36.56
CA-2015-164567,GK-14620,2015-06-15,Technology,Phones,3,75.19,0.2,225.58
CA-2014-131947,JA-15970,2014-09-17,Office Supplies,Art,2,2.62,0.2,5.25
CA-2014-131947,JA-15970,2014-09-17,Office Supplies,Art,3,12.75,0.2,38.26
CA-2014-131947,JA-15970,2014-09-17,Office Supplies,Paper,5,8.05,0.2,40.24
CA-2014-131947,JA-15970,2014-09-17,Technology,Machines,5,5.98,0.7,29.92
CA-2014-131947,JA-15970,2014-09-17,Office Supplies,Paper,6,24.78,0.2,148.7
CA-2014-131947,JA-15970,2014-09-17,Technology,Accessories,10,5.59,0.2,55.92
CA-2016-152520,TH-21115,2016-07-08,Office Supplies,Paper,2,6.48,0.0,12.96
CA-2016-101791,BS-11665,2016-05-27,Furniture,Furnishings,3,8.39,0.6,25.18
CA-2016-101791,BS-11665,2016-05-27,Furniture,Furnishings,2,2.79,0.6,5.58
CA-2016-101791,BS-11665,2016-05-27,Office Supplies,Storage,9,144.15,0.2,1297.37
CA-2017-121195,NS-18505,2017-12-24,Office Supplies,Storage,2,132.16,0.2,264.32
CA-2017-163209,MK-18160,2017-05-03,Office Supplies,Paper,4,6.48,0.0,25.92
CA-2017-163209,MK-18160,2017-05-03,Office Supplies,Art,7,3.28,0.0,22.96
CA-2014-133354,SA-20830,2014-02-22,Office Supplies,Paper,3,6.48,0.0,19.44
US-2015-130491,BH-11710,2015-02-08,Office Supplies,Paper,2,4.77,0.0,9.54
US-2015-130491,BH-11710,2015-02-08,Office Supplies,Fasteners,1,5.81,0.0,5.81
US-2015-130491,BH-11710,2015-02-08,Office Supplies,Art,2,2.88,0.0,5.76
CA-2015-113740,SC-20380,2015-08-24,Furniture,Furnishings,3,4.97,0.0,14.91
CA-2014-148425,RF-19345,2014-11-30,Office Supplies,Binders,9,0.74,0.7,6.64
CA-2016-144309,CM-12235,2016-12-10,Office Supplies,Paper,2,9.27,0.0,18.54
CA-2016-144309,CM-12235,2016-12-10,Office Supplies,Binders,5,135.99,0.2,679.96
CA-2017-151225,JM-15655,2017-10-27,Furniture,Tables,1,189.58,0.2,189.58
CA-2017-151225,JM-15655,2017-10-27,Technology,Phones,5,14.39,0.2,71.96
US-2014-144078,RB-19435,2014-11-25,Technology,Phones,5,107.98,0.2,539.92
US-2014-144078,RB-19435,2014-11-25,Furniture,Chairs,4,181.34,0.2,725.34
US-2014-144078,RB-19435,2014-11-25,Office Supplies,Art,3,2.48,0.0,7.44
CA-2014-124464,SS-20515,2014-07-14,Office Supplies,Appliances,1,39.48,0.0,39.48
CA-2015-136805,NM-18445,2015-05-23,Office Supplies,Appliances,5,170.1,0.1,850.5
CA-2015-136805,NM-18445,2015-05-23,Furniture,Furnishings,9,8.37,0.0,75.33
US-2015-159499,EM-14095,2015-11-21,Office Supplies,Appliances,6,54.27,0.2,325.63
US-2015-159499,EM-14095,2015-11-21,Technology,Accessories,2,11.67,0.2,23.34
US-2015-159499,EM-14095,2015-11-21,Office Supplies,Labels,5,3.3,0.2,16.52
CA-2014-162089,MP-17470,2014-03-30,Office Supplies,Envelopes,5,67.14,0.2,335.72
CA-2014-162089,MP-17470,2014-03-30,Technology,Phones,7,35.99,0.2,251.94
CA-2014-162089,MP-17470,2014-03-30,Furniture,Chairs,7,18.19,0.3,127.3
US-2017-158526,KH-16360,2017-12-29,Furniture,Chairs,8,150.98,0.0,1207.84
US-2017-158526,KH-16360,2017-12-29,Office Supplies,Binders,1,12.53,0.0,12.53
US-2017-158526,KH-16360,2017-12-29,Office Supplies,Art,1,34.58,0.0,34.58
US-2017-158526,KH-16360,2017-12-29,Furniture,Chairs,1,300.98,0.0,300.98
US-2017-158526,KH-16360,2017-12-29,Furniture,Chairs,3,86.25,0.0,258.75
CA-2017-104885,DB-13555,2017-03-02,Office Supplies,Art,3,19.84,0.0,59.52
CA-2017-104885,DB-13555,2017-03-02,Office Supplies,Envelopes,7,8.28,0.0,57.96
CA-2017-104885,DB-13555,2017-03-02,Furniture,Bookcases,2,220.98,0.0,441.96
CA-2017-104885,DB-13555,2017-03-02,Office Supplies,Paper,6,11.34,0.0,68.04
US-2016-157490,LB-16795,2016-10-06,Technology,Machines,6,117.29,0.7,703.71
US-2016-157490,LB-16795,2016-10-06,Office Supplies,Binders,4,4.48,0.7,17.9
US-2016-157490,LB-16795,2016-10-06,Office Supplies,Binders,4,2.99,0.7,11.98
US-2016-157490,LB-16795,2016-10-06,Technology,Accessories,5,13.59,0.2,67.96
CA-2015-161452,CA-11965,2015-04-05,Furniture,Chairs,3,297.41,0.2,892.22
US-2014-115196,DL-12925,2014-09-09,Technology,Machines,2,650.0,0.5,1299.99
CA-2016-138968,FC-14335,2016-03-15,Office Supplies,Binders,2,2.27,0.2,4.54
CA-2016-138968,FC-14335,2016-03-15,Furniture,Chairs,4,338.01,0.2,1352.03
CA-2015-101889,DB-13120,2015-12-27,Furniture,Tables,9,172.11,0.4,1548.99
CA-2015-101889,DB-13120,2015-12-27,Office Supplies,Envelopes,3,6.62,0.2,19.87
CA-2017-110821,CK-12205,2017-08-07,Technology,Accessories,3,39.82,0.2,119.45
CA-2017-110821,CK-12205,2017-08-07,Office Supplies,Storage,2,59.08,0.2,118.16
CA-2015-121552,FW-14395,2015-03-22,Office Supplies,Art,4,4.89,0.0,19.56
CA-2015-107685,JM-15865,2015-11-30,Furniture,Furnishings,4,20.24,0.0,80.96
CA-2015-107685,JM-15865,2015-11-30,Office Supplies,Paper,4,6.48,0.0,25.92
US-2014-120740,PS-18970,2014-04-15,Office Supplies,Appliances,2,53.48,0.0,106.96
US-2014-120740,PS-18970,2014-04-15,Furniture,Furnishings,4,46.94,0.0,187.76
CA-2017-155740,TC-21475,2017-07-30,Office Supplies,Binders,4,19.19,0.7,76.78
CA-2017-146493,CV-12805,2017-06-01,Office Supplies,Binders,5,10.78,0.0,53.9
CA-2014-105417,VS-21820,2014-01-07,Furniture,Furnishings,3,25.58,0.6,76.73
CA-2014-105417,VS-21820,2014-01-07,Office Supplies,Binders,7,1.49,0.8,10.43
US-2017-141509,SC-20575,2017-09-29,Office Supplies,Art,5,19.84,0.0,99.2
CA-2017-139493,SG-20605,2017-09-13,Office Supplies,Art,5,3.18,0.2,15.92
CA-2014-151967,NB-18580,2014-10-22,Furniture,Furnishings,4,32.48,0.0,129.92
US-2016-140158,DR-12940,2016-10-04,Office Supplies,Binders,1,30.4,0.0,30.4
US-2016-140158,DR-12940,2016-10-04,Technology,Copiers,9,599.99,0.0,5399.91
US-2016-140158,DR-12940,2016-10-04,Office Supplies,Storage,3,39.7,0.0,119.1
CA-2015-130974,MA-17560,2015-11-27,Office Supplies,Paper,6,6.68,0.0,40.08
CA-2015-130974,MA-17560,2015-11-27,Office Supplies,Paper,3,19.98,0.0,59.94
CA-2015-130974,MA-17560,2015-11-27,Technology,Accessories,2,129.99,0.0,259.98
CA-2015-130974,MA-17560,2015-11-27,Furniture,Bookcases,1,170.98,0.0,170.98
CA-2015-130974,MA-17560,2015-11-27,Furniture,Furnishings,3,12.99,0.0,38.97
CA-2015-130974,MA-17560,2015-11-27,Office Supplies,Paper,5,30.98,0.0,154.9
CA-2015-130974,MA-17560,2015-11-27,Furniture,Tables,4,111.52,0.3,446.07
CA-2017-133487,TS-21655,2017-05-06,Office Supplies,Appliances,3,50.98,0.0,152.94
CA-2014-142951,JG-15115,2014-10-08,Technology,Accessories,3,7.82,0.2,23.47
CA-2014-133592,KM-16375,2014-12-31,Office Supplies,Paper,4,48.91,0.0,195.64
CA-2014-133592,KM-16375,2014-12-31,Office Supplies,Paper,3,4.98,0.0,14.94
CA-2014-133592,KM-16375,2014-12-31,Technology,Accessories,4,421.95,0.0,1687.8
CA-2014-133592,KM-16375,2014-12-31,Furniture,Bookcases,2,170.98,0.0,341.96
CA-2014-133592,KM-16375,2014-12-31,Furniture,Chairs,6,100.98,0.0,605.88
CA-2015-120782,SD-20485,2015-04-28,Office Supplies,Appliances,1,186.73,0.1,186.73
CA-2015-120782,SD-20485,2015-04-28,Office Supplies,Binders,3,1270.99,0.0,3812.97
CA-2015-116876,TT-21070,2015-02-14,Office Supplies,Binders,9,2.94,0.2,26.42
CA-2015-116876,TT-21070,2015-02-14,Technology,Phones,1,625.99,0.0,625.99
CA-2016-169838,BB-11545,2016-11-25,Furniture,Tables,9,174.29,0.0,1568.61
CA-2016-169838,BB-11545,2016-11-25,Office Supplies,Binders,1,17.3,0.0,17.3
CA-2016-169838,BB-11545,2016-11-25,Technology,Accessories,8,20.0,0.0,160.0
US-2017-128951,RS-19420,2017-07-15,Office Supplies,Appliances,3,59.98,0.0,179.94
US-2017-128951,RS-19420,2017-07-15,Furniture,Tables,3,290.98,0.0,872.94
US-2017-128951,RS-19420,2017-07-15,Office Supplies,Paper,2,6.48,0.0,12.96
CA-2014-102330,AI-10855,2014-12-29,Office Supplies,Labels,6,14.8,0.0,88.8
CA-2014-102330,AI-10855,2014-12-29,Technology,Phones,4,79.99,0.2,319.97
CA-2016-118899,MC-17275,2016-03-22,Furniture,Chairs,7,23.98,0.2,167.89
CA-2017-107958,AH-10120,2017-07-02,Office Supplies,Paper,5,32.79,0.2,163.96
CA-2017-107958,AH-10120,2017-07-02,Office Supplies,Binders,4,1.31,0.8,5.23
CA-2017-151799,BF-11170,2017-12-14,Technology,Copiers,2,599.99,0.0,1199.98
CA-2017-151799,BF-11170,2017-12-14,Office Supplies,Storage,1,73.85,0.0,73.85
CA-2017-151799,BF-11170,2017-12-14,Office Supplies,Supplies,3,8.57,0.0,25.71
CA-2017-151799,BF-11170,2017-12-14,Office Supplies,Fasteners,6,2.88,0.0,17.28
CA-2017-151799,BF-11170,2017-12-14,Furniture,Tables,2,263.29,0.3,526.58
CA-2016-114601,AA-10480,2016-08-26,Office Supplies,Paper,2,5.78,0.0,11.56
CA-2016-114601,AA-10480,2016-08-26,Technology,Phones,3,69.99,0.0,209.97
CA-2016-114601,AA-10480,2016-08-26,Furniture,Tables,4,111.96,0.0,447.84
CA-2016-114601,AA-10480,2016-08-26,Technology,Accessories,3,159.99,0.0,479.97
CA-2016-114601,AA-10480,2016-08-26,Office Supplies,Art,3,2.88,0.0,8.64
CA-2017-100237,SV-20815,2017-10-15,Office Supplies,Art,2,5.84,0.0,11.68
CA-2014-139542,EH-14185,2014-10-25,Technology,Accessories,3,13.59,0.2,40.78
CA-2014-139542,EH-14185,2014-10-25,Office Supplies,Binders,3,4.57,0.7,13.7
US-2015-142811,JL-15850,2015-04-02,Technology,Phones,5,17.56,0.2,87.8
CA-2017-139353,JM-15250,2017-10-28,Furniture,Furnishings,3,25.98,0.2,77.95
CA-2017-139353,JM-15250,2017-10-28,Office Supplies,Storage,2,73.59,0.2,147.18
CA-2017-139353,JM-15250,2017-10-28,Office Supplies,Paper,3,15.98,0.2,47.95
CA-2014-150203,JB-15925,2014-12-05,Office Supplies,Appliances,6,41.71,0.0,250.26
US-2017-101518,PB-19105,2017-11-03,Technology,Accessories,3,13.59,0.2,40.78
CA-2015-149636,SP-20620,2015-01-06,Office Supplies,Paper,5,5.92,0.2,29.6
CA-2015-149636,SP-20620,2015-01-06,Office Supplies,Binders,2,0.97,0.7,1.94
US-2017-146213,MC-17605,2017-09-09,Technology,Accessories,4,39.99,0.0,159.96
CA-2015-108588,BG-11695,2015-01-05,Office Supplies,Art,3,19.84,0.0,59.52
CA-2015-108588,BG-11695,2015-01-05,Office Supplies,Envelopes,2,8.74,0.0,17.48
CA-2015-108588,BG-11695,2015-01-05,Office Supplies,Binders,2,6.58,0.2,13.17
US-2017-138086,JO-15550,2017-04-16,Office Supplies,Appliances,3,13.58,0.0,40.74
CA-2015-139374,AR-10345,2015-09-10,Furniture,Chairs,1,179.89,0.3,179.89
CA-2016-113978,TS-21505,2016-09-25,Office Supplies,Appliances,1,286.26,0.2,286.26
CA-2016-113978,TS-21505,2016-09-25,Office Supplies,Storage,2,12.11,0.2,24.22
CA-2016-113978,TS-21505,2016-09-25,Office Supplies,Storage,3,110.51,0.2,331.54
US-2015-150231,JK-15640,2015-03-16,Office Supplies,Art,3,5.84,0.0,17.52
CA-2016-106915,GA-14515,2016-11-26,Office Supplies,Art,4,4.46,0.2,17.86
US-2016-109260,TN-21040,2016-09-26,Technology,Accessories,3,143.99,0.2,431.98
CA-2017-104850,TW-21025,2017-06-13,Furniture,Chairs,4,72.78,0.2,291.14
CA-2017-140508,PA-19060,2017-09-18,Office Supplies,Envelopes,4,28.71,0.2,114.85
CA-2017-143294,JD-15790,2017-06-02,Office Supplies,Paper,2,5.34,0.2,10.69
CA-2016-165673,MN-17935,2016-05-15,Office Supplies,Paper,4,3.81,0.2,15.23
CA-2017-134418,GM-14500,2017-09-15,Office Supplies,Art,3,4.14,0.0,12.42
US-2016-106313,DG-13300,2016-08-22,Office Supplies,Paper,3,6.48,0.0,19.44
CA-2014-105872,JG-15160,2014-05-30,Office Supplies,Binders,4,17.59,0.2,70.37
CA-2017-108287,AG-10330,2017-12-18,Office Supplies,Art,9,1.41,0.2,12.67
CA-2017-141103,JF-15355,2017-07-30,Technology,Phones,5,17.99,0.0,89.95
CA-2014-154781,SC-20680,2014-11-21,Office Supplies,Paper,2,3.29,0.0,6.58
CA-2014-154781,SC-20680,2014-11-21,Technology,Accessories,1,94.99,0.0,94.99
CA-2015-147816,CM-11935,2015-09-24,Technology,Phones,2,17.56,0.2,35.12
CA-2017-105326,KT-16480,2017-08-20,Office Supplies,Paper,4,6.48,0.0,25.92
CA-2016-133613,CP-12340,2016-06-17,Office Supplies,Binders,2,3.98,0.0,7.96
CA-2016-133613,CP-12340,2016-06-17,Technology,Phones,3,188.99,0.0,566.97
CA-2016-133613,CP-12340,2016-06-17,Office Supplies,Art,3,3.28,0.0,9.84
CA-2015-109113,EK-13795,2015-12-19,Technology,Accessories,2,12.74,0.2,25.49
CA-2015-156153,CW-11905,2015-05-31,Office Supplies,Fasteners,6,1.26,0.0,7.56
CA-2015-133242,KH-16510,2015-06-18,Furniture,Furnishings,3,20.28,0.0,60.84
CA-2015-133242,KH-16510,2015-06-18,Office Supplies,Storage,2,225.02,0.0,450.04
CA-2015-133242,KH-16510,2015-06-18,Office Supplies,Binders,2,17.3,0.0,34.6
CA-2015-133242,KH-16510,2015-06-18,Technology,Phones,3,155.99,0.0,467.97
CA-2015-133242,KH-16510,2015-06-18,Office Supplies,Binders,2,16.51,0.0,33.02
CA-2015-158323,AB-10600,2015-11-30,Furniture,Furnishings,2,8.54,0.2,17.09
CA-2015-161795,AH-10075,2015-12-21,Office Supplies,Art,2,1.5,0.2,3.01
CA-2017-100902,CK-12595,2017-11-17,Office Supplies,Paper,7,38.32,0.2,268.24
CA-2017-100902,CK-12595,2017-11-17,Technology,Accessories,5,86.23,0.2,431.16
CA-2017-112844,SP-20620,2017-11-13,Technology,Phones,4,10.9,0.0,43.6
CA-2017-112844,SP-20620,2017-11-13,Furniture,Furnishings,3,51.65,0.0,154.95
CA-2016-158925,JP-15460,2016-10-24,Office Supplies,Paper,3,5.18,0.2,15.55
CA-2014-155390,BG-11035,2014-12-06,Office Supplies,Paper,2,21.1,0.2,42.21
CA-2017-123071,CC-12550,2017-12-03,Office Supplies,Paper,2,5.18,0.2,10.37
CA-2017-156391,SL-20155,2017-09-26,Office Supplies,Art,1,2.22,0.2,2.22
CA-2015-103093,FO-14305,2015-02-03,Office Supplies,Envelopes,9,8.28,0.0,74.52
US-2017-118941,BB-11545,2017-08-12,Office Supplies,Art,3,5.84,0.0,17.52
US-2017-118941,BB-11545,2017-08-12,Furniture,Chairs,5,355.98,0.0,1779.9
US-2017-118941,BB-11545,2017-08-12,Office Supplies,Art,5,43.98,0.0,219.9
CA-2015-169299,DO-13435,2015-08-24,Office Supplies,Art,3,2.38,0.2,7.15
CA-2017-154088,LB-16735,2017-11-12,Office Supplies,Paper,5,5.34,0.2,26.72
CA-2016-155978,TS-21205,2016-08-01,Technology,Phones,2,519.86,0.2,1039.73
CA-2016-155978,TS-21205,2016-08-01,Office Supplies,Appliances,2,22.98,0.0,45.96
CA-2016-108196,CS-12505,2016-11-25,Office Supplies,Binders,2,228.29,0.7,456.59
CA-2016-108196,CS-12505,2016-11-25,Technology,Machines,5,900.0,0.7,4499.98
CA-2016-108196,CS-12505,2016-11-25,Technology,Accessories,3,19.99,0.2,59.98
CA-2016-152800,SP-20920,2016-04-13,Office Supplies,Envelopes,3,2.04,0.0,6.12
CA-2014-166961,CD-12790,2014-12-27,Office Supplies,Appliances,1,10.98,0.0,10.98
CA-2014-166961,CD-12790,2014-12-27,Office Supplies,Fasteners,3,2.62,0.0,7.86
CA-2014-166961,CD-12790,2014-12-27,Office Supplies,Storage,3,17.15,0.0,51.45
CA-2014-166961,CD-12790,2014-12-27,Office Supplies,Binders,3,12.35,0.2,37.06
CA-2016-139381,RF-19840,2016-04-18,Office Supplies,Appliances,4,50.98,0.0,203.92
CA-2016-139381,RF-19840,2016-04-18,Technology,Phones,4,7.39,0.0,29.56
CA-2015-132136,FO-14305,2015-03-08,Office Supplies,Binders,3,2.86,0.8,8.57
CA-2016-162236,ER-13855,2016-11-04,Office Supplies,Storage,2,22.62,0.2,45.25
CA-2016-162236,ER-13855,2016-11-04,Furniture,Tables,10,87.63,0.4,876.3
CA-2016-162236,ER-13855,2016-11-04,Office Supplies,Supplies,2,92.69,0.2,185.38
US-2014-111353,PB-19150,2014-11-29,Office Supplies,Labels,2,12.53,0.0,25.06
US-2016-117037,LW-17215,2016-05-17,Office Supplies,Binders,1,2.89,0.8,2.89
US-2016-117037,LW-17215,2016-05-17,Office Supplies,Fasteners,3,2.63,0.2,7.9
US-2016-117037,LW-17215,2016-05-17,Furniture,Furnishings,3,7.54,0.6,22.61
US-2016-117037,LW-17215,2016-05-17,Office Supplies,Paper,8,3.82,0.2,30.53
CA-2017-160801,FG-14260,2017-09-19,Office Supplies,Binders,3,1.61,0.7,4.84
CA-2016-108364,BP-11050,2016-12-19,Office Supplies,Binders,5,0.36,0.8,1.8
CA-2017-169362,SP-20860,2017-10-12,Technology,Accessories,2,19.99,0.2,39.98
CA-2015-127481,JD-15895,2015-12-12,Office Supplies,Paper,5,6.48,0.0,32.4
CA-2015-127481,JD-15895,2015-12-12,Office Supplies,Paper,2,48.94,0.0,97.88
CA-2015-112711,FM-14380,2015-07-12,Technology,Phones,4,76.79,0.2,307.17
US-2015-145121,MP-17965,2015-10-02,Office Supplies,Binders,5,5.38,0.0,26.9
CA-2017-166184,HR-14830,2017-03-24,Office Supplies,Envelopes,3,15.67,0.0,47.01
CA-2017-166184,HR-14830,2017-03-24,Technology,Phones,1,469.99,0.0,469.99
CA-2017-166184,HR-14830,2017-03-24,Furniture,Chairs,3,69.28,0.1,207.85
CA-2017-157413,BW-11065,2017-06-01,Office Supplies,Storage,3,108.25,0.2,324.74
CA-2014-143637,MS-17710,2014-03-24,Furniture,Furnishings,2,20.24,0.0,40.48
CA-2015-102260,SJ-20125,2015-09-22,Office Supplies,Labels,4,3.0,0.2,12.0
CA-2015-102260,SJ-20125,2015-09-22,Office Supplies,Storage,4,180.02,0.2,720.06
CA-2015-102260,SJ-20125,2015-09-22,Office Supplies,Storage,1,25.42,0.2,25.42
CA-2015-102260,SJ-20125,2015-09-22,Office Supplies,Art,2,1.41,0.2,2.82
CA-2015-102260,SJ-20125,2015-09-22,Office Supplies,Binders,2,1.6,0.7,3.2
US-2016-137295,VS-21820,2016-01-08,Office Supplies,Binders,7,4.4,0.7,30.83
US-2016-137295,VS-21820,2016-01-08,Office Supplies,Art,3,15.87,0.2,47.62
US-2016-137295,VS-21820,2016-01-08,Technology,Phones,2,54.39,0.2,108.78
CA-2016-134334,DK-13090,2016-02-14,Office Supplies,Paper,1,4.77,0.0,4.77
CA-2016-134334,DK-13090,2016-02-14,Office Supplies,Art,3,2.66,0.0,7.98
CA-2016-134334,DK-13090,2016-02-14,Furniture,Tables,3,183.48,0.3,550.43
CA-2016-134334,DK-13090,2016-02-14,Furniture,Furnishings,6,1.76,0.0,10.56
US-2017-109316,MG-17680,2017-06-08,Furniture,Bookcases,2,748.83,0.15,1497.67
US-2017-109316,MG-17680,2017-06-08,Technology,Phones,2,8.76,0.2,17.52
CA-2016-138478,DP-13390,2016-10-21,Office Supplies,Art,3,37.74,0.0,113.22
CA-2016-138478,DP-13390,2016-10-21,Office Supplies,Paper,6,5.98,0.0,35.88
CA-2016-138478,DP-13390,2016-10-21,Office Supplies,Binders,3,1511.99,0.2,4535.98
CA-2017-150469,CJ-12010,2017-01-26,Office Supplies,Fasteners,8,1.48,0.0,11.84
CA-2017-152436,CW-11905,2017-12-08,Office Supplies,Storage,6,98.79,0.0,592.74
CA-2016-169334,GW-14605,2016-10-21,Office Supplies,Storage,9,12.41,0.2,111.67
US-2014-115413,PP-18955,2014-08-26,Office Supplies,Art,3,2.88,0.0,8.64
US-2014-115413,PP-18955,2014-08-26,Technology,Accessories,3,49.99,0.0,149.97
CA-2014-125150,PW-19030,2014-05-16,Furniture,Chairs,5,46.58,0.2,232.88
CA-2015-127327,PW-19030,2015-02-03,Furniture,Chairs,1,90.88,0.1,90.88
CA-2017-117114,CY-12745,2017-10-31,Technology,Phones,4,127.19,0.2,508.77
CA-2017-117114,CY-12745,2017-10-31,Office Supplies,Envelopes,3,3.3,0.2,9.91
CA-2015-137302,BW-11110,2015-04-26,Furniture,Chairs,3,21.31,0.2,63.94
CA-2015-137302,BW-11110,2015-04-26,Office Supplies,Art,3,19.84,0.0,59.52
CA-2015-137302,BW-11110,2015-04-26,Technology,Phones,3,103.99,0.2,311.98
CA-2015-137302,BW-11110,2015-04-26,Office Supplies,Binders,3,16.78,0.2,50.35
CA-2016-112382,MB-18085,2016-05-09,Technology,Phones,2,9.57,0.2,19.14
CA-2015-128958,CR-12820,2015-01-24,Office Supplies,Art,5,2.62,0.2,13.12
CA-2015-106257,EB-14110,2015-04-13,Furniture,Tables,2,120.78,0.2,241.57
CA-2015-106257,EB-14110,2015-04-13,Technology,Phones,2,239.96,0.2,479.92
CA-2015-149083,SH-19975,2015-09-25,Furniture,Chairs,4,76.78,0.2,307.14
CA-2015-149083,SH-19975,2015-09-25,Office Supplies,Labels,2,6.3,0.0,12.6
CA-2015-149083,SH-19975,2015-09-25,Technology,Accessories,2,79.99,0.0,159.98
US-2014-137869,CV-12295,2014-03-28,Office Supplies,Envelopes,3,2.04,0.0,6.12
US-2014-137869,CV-12295,2014-03-28,Furniture,Tables,4,296.18,0.0,1184.72
CA-2016-116603,AT-10735,2016-07-17,Office Supplies,Appliances,2,22.98,0.0,45.96
CA-2014-158470,AG-10390,2014-04-19,Office Supplies,Binders,3,19.35,0.0,58.05
CA-2014-158470,AG-10390,2014-04-19,Office Supplies,Paper,11,6.48,0.0,71.28
US-2017-123834,GM-14500,2017-07-21,Furniture,Tables,4,31.1,0.3,124.4
CA-2015-125976,JK-15205,2015-09-27,Office Supplies,Paper,5,30.98,0.0,154.9
CA-2015-125976,JK-15205,2015-09-27,Technology,Phones,12,155.99,0.0,1871.88
CA-2016-128706,DW-13540,2016-02-27,Furniture,Furnishings,2,8.1,0.6,16.19
CA-2016-104311,AS-10090,2016-05-02,Office Supplies,Storage,3,6.31,0.2,18.94
CA-2016-104311,AS-10090,2016-05-02,Office Supplies,Storage,3,4.22,0.2,12.67
CA-2016-104311,AS-10090,2016-05-02,Office Supplies,Labels,2,2.52,0.2,5.04
CA-2014-169649,TS-21205,2014-12-09,Office Supplies,Paper,2,4.22,0.2,8.45
CA-2014-169649,TS-21205,2014-12-09,Office Supplies,Appliances,2,10.19,0.8,20.39
CA-2015-144890,SM-20320,2015-12-25,Office Supplies,Paper,2,4.98,0.0,9.96
CA-2017-135587,BH-11710,2017-12-07,Office Supplies,Appliances,4,80.16,0.0,320.64
CA-2017-135587,BH-11710,2017-12-07,Technology,Accessories,4,13.0,0.0,52.0
CA-2014-103429,LW-16825,2014-05-30,Office Supplies,Binders,2,12.79,0.2,25.58
CA-2014-103429,LW-16825,2014-05-30,Technology,Phones,5,92.8,0.0,464.0
CA-2014-103429,LW-16825,2014-05-30,Office Supplies,Appliances,3,78.65,0.0,235.95
CA-2014-103429,LW-16825,2014-05-30,Office Supplies,Paper,4,9.99,0.0,39.96
CA-2017-152261,JA-15970,2017-03-02,Office Supplies,Binders,4,4.63,0.7,18.53
CA-2015-142993,KA-16525,2015-10-12,Technology,Accessories,2,8.95,0.0,17.9
CA-2015-142993,KA-16525,2015-10-12,Office Supplies,Storage,2,40.98,0.0,81.96
CA-2015-143364,TG-21310,2015-07-14,Office Supplies,Storage,3,90.91,0.2,272.74
CA-2015-143364,TG-21310,2015-07-14,Office Supplies,Paper,4,4.62,0.2,18.5
CA-2015-143364,TG-21310,2015-07-14,Furniture,Chairs,2,220.96,0.2,441.92
CA-2015-143364,TG-21310,2015-07-14,Furniture,Bookcases,6,21.29,0.7,127.76
CA-2014-100972,DB-13360,2014-11-19,Office Supplies,Paper,3,55.48,0.0,166.44
CA-2016-136994,LS-17245,2016-05-27,Office Supplies,Paper,2,6.69,0.0,13.38
US-2017-166233,MO-17950,2017-07-03,Technology,Accessories,2,12.0,0.2,24.0
CA-2017-122112,CA-11965,2017-09-25,Office Supplies,Envelopes,4,6.11,0.2,24.45
CA-2016-101672,DB-12910,2016-10-03,Office Supplies,Labels,2,3.08,0.0,6.16
CA-2016-101672,DB-12910,2016-10-03,Furniture,Chairs,4,228.78,0.2,915.14
CA-2016-101672,DB-12910,2016-10-03,Office Supplies,Paper,2,4.28,0.0,8.56
CA-2016-101672,DB-12910,2016-10-03,Office Supplies,Paper,2,48.91,0.0,97.82
CA-2017-168403,DK-12835,2017-09-09,Office Supplies,Paper,6,5.18,0.2,31.1
CA-2017-168403,DK-12835,2017-09-09,Office Supplies,Appliances,1,11.18,0.2,11.18
CA-2015-148705,EB-14170,2015-03-12,Office Supplies,Labels,2,2.52,0.2,5.04
CA-2016-160241,DR-12940,2016-11-29,Furniture,Furnishings,4,60.54,0.6,242.18
CA-2016-155747,JS-15685,2016-06-14,Furniture,Tables,2,168.59,0.4,337.18
CA-2017-118017,LC-16870,2017-12-03,Office Supplies,Art,6,2.22,0.2,13.34
CA-2017-118017,LC-16870,2017-12-03,Technology,Accessories,6,12.79,0.2,76.75
CA-2017-118017,LC-16870,2017-12-03,Technology,Accessories,8,12.79,0.2,102.34
CA-2017-118017,LC-16870,2017-12-03,Office Supplies,Paper,2,5.16,0.2,10.32
CA-2017-118017,LC-16870,2017-12-03,Office Supplies,Supplies,7,6.76,0.2,47.32
CA-2017-118017,LC-16870,2017-12-03,Furniture,Furnishings,3,7.79,0.2,23.38
CA-2017-118017,LC-16870,2017-12-03,Furniture,Furnishings,5,3.34,0.2,16.72
CA-2017-118017,LC-16870,2017-12-03,Furniture,Furnishings,1,16.19,0.2,16.19
CA-2016-113117,JP-15520,2016-08-16,Office Supplies,Paper,5,6.48,0.0,32.4
CA-2016-148684,TS-21655,2016-12-25,Office Supplies,Art,9,2.21,0.0,19.89
CA-2016-148684,TS-21655,2016-12-25,Technology,Accessories,2,199.99,0.0,399.98
CA-2016-148684,TS-21655,2016-12-25,Furniture,Furnishings,5,68.77,0.0,343.85
CA-2016-148684,TS-21655,2016-12-25,Office Supplies,Paper,3,35.44,0.0,106.32
CA-2017-125367,NM-18445,2017-07-23,Office Supplies,Binders,3,4.64,0.2,13.92
CA-2017-124744,EH-14125,2017-06-21,Office Supplies,Binders,5,16.48,0.0,82.4
CA-2017-124744,EH-14125,2017-06-21,Office Supplies,Binders,2,3.12,0.0,6.24
CA-2017-124744,EH-14125,2017-06-21,Office Supplies,Paper,8,55.98,0.0,447.84
CA-2017-128363,DC-12850,2017-08-13,Office Supplies,Appliances,7,38.86,0.2,272.05
CA-2017-128363,DC-12850,2017-08-13,Office Supplies,Binders,6,269.1,0.7,1614.58
CA-2017-128363,DC-12850,2017-08-13,Office Supplies,Fasteners,5,4.86,0.2,24.32
CA-2017-128363,DC-12850,2017-08-13,Technology,Accessories,2,0.79,0.2,1.58
CA-2017-128363,DC-12850,2017-08-13,Furniture,Furnishings,1,31.98,0.2,31.98
CA-2017-128363,DC-12850,2017-08-13,Office Supplies,Envelopes,5,2.95,0.2,14.76
CA-2017-128363,DC-12850,2017-08-13,Furniture,Chairs,2,211.82,0.2,423.65
CA-2015-126669,DO-13645,2015-11-07,Office Supplies,Paper,2,38.32,0.2,76.64
US-2015-118766,LS-16975,2015-10-15,Office Supplies,Envelopes,1,4.46,0.2,4.46
US-2015-118766,LS-16975,2015-10-15,Office Supplies,Binders,10,0.4,0.8,3.96
CA-2016-112585,RW-19630,2016-07-30,Office Supplies,Appliances,2,357.82,0.0,715.64
CA-2016-149762,RD-19720,2016-12-03,Furniture,Tables,3,89.57,0.2,268.7
CA-2016-149762,RD-19720,2016-12-03,Office Supplies,Art,8,2.74,0.0,21.92
CA-2016-149762,RD-19720,2016-12-03,Office Supplies,Storage,3,16.24,0.0,48.72
CA-2016-149762,RD-19720,2016-12-03,Furniture,Bookcases,2,102.83,0.15,205.67
CA-2016-167605,RB-19570,2016-04-28,Furniture,Furnishings,2,15.17,0.6,30.34
US-2017-105697,JE-15715,2017-08-25,Office Supplies,Storage,2,12.85,0.2,25.7
CA-2017-165323,SR-20740,2017-06-17,Technology,Machines,5,680.9,0.0,3404.5
CA-2017-165323,SR-20740,2017-06-17,Technology,Accessories,3,33.78,0.0,101.34
CA-2015-110891,PO-19195,2015-11-20,Furniture,Chairs,4,86.09,0.3,344.37
CA-2017-100783,JK-16120,2017-09-04,Office Supplies,Art,1,30.38,0.2,30.38
CA-2015-152513,JP-16135,2015-07-04,Office Supplies,Binders,2,11.42,0.2,22.85
CA-2017-139822,Dp-13240,2017-09-15,Office Supplies,Storage,2,19.31,0.0,38.62
CA-2017-139822,Dp-13240,2017-09-15,Technology,Accessories,2,29.99,0.0,59.98
CA-2017-107713,JB-16000,2017-03-13,Office Supplies,Binders,3,58.1,0.0,174.3
CA-2017-134096,PP-18955,2017-09-24,Technology,Phones,5,76.79,0.2,383.96
CA-2017-134096,PP-18955,2017-09-24,Office Supplies,Binders,3,5.19,0.7,15.57
CA-2016-125843,RF-19840,2016-08-13,Office Supplies,Binders,4,5.58,0.0,22.32
CA-2016-125843,RF-19840,2016-08-13,Office Supplies,Labels,7,14.8,0.0,103.6
CA-2017-120404,KH-16330,2017-11-20,Technology,Accessories,3,0.99,0.0,2.97
CA-2017-120404,KH-16330,2017-11-20,Technology,Phones,1,569.99,0.0,569.99
CA-2017-120404,KH-16330,2017-11-20,Furniture,Furnishings,3,16.99,0.0,50.97
CA-2017-167549,EM-14200,2017-07-25,Furniture,Tables,6,49.69,0.3,298.12
CA-2016-120082,DK-12835,2016-03-25,Office Supplies,Art,3,19.84,0.0,59.52
US-2016-168095,MC-17425,2016-07-15,Furniture,Chairs,3,76.76,0.2,230.28
US-2016-168095,MC-17425,2016-07-15,Office Supplies,Paper,5,21.1,0.2,105.52
CA-2017-166093,RW-19540,2017-08-17,Office Supplies,Envelopes,2,11.68,0.0,23.36
CA-2017-166093,RW-19540,2017-08-17,Technology,Phones,3,23.99,0.2,71.98
CA-2017-166093,RW-19540,2017-08-17,Office Supplies,Paper,2,4.28,0.0,8.56
CA-2017-166093,RW-19540,2017-08-17,Office Supplies,Binders,3,4.64,0.2,13.92
CA-2017-166093,RW-19540,2017-08-17,Office Supplies,Appliances,9,279.81,0.0,2518.29
CA-2017-166093,RW-19540,2017-08-17,Office Supplies,Storage,3,180.19,0.0,540.57
CA-2017-166093,RW-19540,2017-08-17,Office Supplies,Binders,8,27.63,0.2,221.06
CA-2016-146325,DS-13180,2016-12-14,Furniture,Chairs,2,40.71,0.2,81.42
CA-2016-146325,DS-13180,2016-12-14,Office Supplies,Storage,10,13.48,0.0,134.8
CA-2017-134194,GA-14725,2017-12-25,Office Supplies,Binders,9,4.4,0.8,39.58
CA-2017-134194,GA-14725,2017-12-25,Office Supplies,Supplies,7,6.38,0.2,44.69
CA-2017-134194,GA-14725,2017-12-25,Office Supplies,Art,2,15.87,0.2,31.74
CA-2017-134194,GA-14725,2017-12-25,Office Supplies,Binders,5,8.2,0.8,40.98
CA-2017-134194,GA-14725,2017-12-25,Office Supplies,Binders,3,1.06,0.8,3.17
CA-2014-131009,SC-20380,2014-03-01,Office Supplies,Fasteners,5,3.77,0.2,18.84
CA-2014-131009,SC-20380,2014-03-01,Furniture,Chairs,6,60.38,0.3,362.25
CA-2014-131009,SC-20380,2014-03-01,Furniture,Furnishings,6,10.59,0.6,63.55
CA-2014-131009,SC-20380,2014-03-01,Office Supplies,Storage,3,43.18,0.2,129.55
CA-2015-145814,KD-16345,2015-11-19,Office Supplies,Binders,2,2.99,0.2,5.98
CA-2015-145814,KD-16345,2015-11-19,Technology,Phones,4,215.44,0.0,861.76
CA-2014-138359,KH-16330,2014-04-01,Office Supplies,Storage,4,16.74,0.0,66.96
CA-2014-138359,KH-16330,2014-04-01,Office Supplies,Binders,2,3.12,0.0,6.24
CA-2017-131807,GG-14650,2017-10-05,Furniture,Chairs,4,108.79,0.2,435.17
CA-2017-131807,GG-14650,2017-10-05,Office Supplies,Fasteners,5,2.98,0.0,14.9
CA-2017-131807,GG-14650,2017-10-05,Office Supplies,Appliances,4,3.95,0.0,15.8
CA-2017-131807,GG-14650,2017-10-05,Furniture,Furnishings,5,14.58,0.0,72.9
CA-2017-131807,GG-14650,2017-10-05,Furniture,Tables,3,68.78,0.2,206.35
CA-2017-131807,GG-14650,2017-10-05,Technology,Phones,1,7.99,0.2,7.99
CA-2017-104864,JS-15685,2017-11-18,Office Supplies,Storage,5,16.27,0.2,81.36
CA-2017-104864,JS-15685,2017-11-18,Office Supplies,Binders,8,2.53,0.7,20.23
CA-2017-104864,JS-15685,2017-11-18,Office Supplies,Appliances,4,97.26,0.2,389.06
CA-2017-104864,JS-15685,2017-11-18,Office Supplies,Paper,4,5.18,0.2,20.74
CA-2017-104864,JS-15685,2017-11-18,Office Supplies,Paper,8,5.18,0.2,41.47
CA-2015-138219,BP-11095,2015-03-23,Office Supplies,Paper,4,8.34,0.0,33.36
CA-2016-157707,CC-12610,2016-10-10,Furniture,Bookcases,3,30.29,0.7,90.88
CA-2016-157707,CC-12610,2016-10-10,Technology,Phones,1,15.99,0.2,15.99
CA-2016-157707,CC-12610,2016-10-10,Furniture,Chairs,1,120.78,0.2,120.78
US-2015-126753,SP-20860,2015-08-16,Technology,Phones,4,129.95,0.4,519.79
US-2015-126753,SP-20860,2015-08-16,Technology,Accessories,3,10.39,0.2,31.18
US-2015-126753,SP-20860,2015-08-16,Office Supplies,Paper,2,5.18,0.2,10.37
US-2015-126753,SP-20860,2015-08-16,Office Supplies,Binders,2,1.36,0.7,2.72
US-2015-126753,SP-20860,2015-08-16,Furniture,Furnishings,3,84.78,0.2,254.35
US-2015-126753,SP-20860,2015-08-16,Office Supplies,Binders,3,1.25,0.7,3.76
US-2015-126753,SP-20860,2015-08-16,Office Supplies,Paper,3,3.42,0.2,10.27
CA-2014-166051,JK-15625,2014-05-31,Technology,Phones,3,219.99,0.0,659.97
CA-2014-166051,JK-15625,2014-05-31,Technology,Phones,3,37.91,0.0,113.73
CA-2015-113040,CC-12100,2015-08-27,Office Supplies,Binders,1,5.1,0.2,5.1
CA-2014-103800,DP-13000,2014-01-03,Office Supplies,Paper,2,8.22,0.2,16.45
CA-2014-113383,SF-20065,2014-09-10,Office Supplies,Appliances,4,20.48,0.0,81.92
CA-2014-113383,SF-20065,2014-09-10,Furniture,Furnishings,5,50.98,0.0,254.9
CA-2017-152499,EH-13765,2017-01-22,Office Supplies,Fasteners,5,3.02,0.2,15.12
CA-2017-152499,EH-13765,2017-01-22,Office Supplies,Art,3,2.62,0.2,7.87
CA-2016-151498,DN-13690,2016-04-21,Office Supplies,Binders,5,1.66,0.2,8.32
CA-2016-137939,PJ-19015,2016-07-20,Technology,Phones,5,17.99,0.0,89.95
US-2016-117793,MA-17560,2016-08-23,Office Supplies,Labels,4,6.3,0.0,25.2
US-2016-117793,MA-17560,2016-08-23,Office Supplies,Labels,3,12.53,0.0,37.59
US-2016-117793,MA-17560,2016-08-23,Office Supplies,Storage,1,14.97,0.0,14.97
US-2016-117793,MA-17560,2016-08-23,Technology,Accessories,2,0.99,0.0,1.98
CA-2016-133872,VM-21835,2016-06-14,Office Supplies,Binders,4,9.98,0.7,39.94
CA-2016-133872,VM-21835,2016-06-14,Technology,Accessories,2,9.23,0.2,18.46
US-2015-165743,MM-18055,2015-11-20,Office Supplies,Binders,3,1.63,0.7,4.9
US-2015-165743,MM-18055,2015-11-20,Furniture,Bookcases,6,24.29,0.7,145.76
US-2015-165743,MM-18055,2015-11-20,Office Supplies,Binders,6,1.6,0.7,9.61
US-2017-105998,CR-12580,2017-11-03,Technology,Accessories,5,39.95,0.0,199.75
US-2017-105998,CR-12580,2017-11-03,Furniture,Tables,12,139.43,0.2,1673.18
US-2014-148194,BS-11365,2014-05-04,Furniture,Furnishings,7,1.74,0.0,12.18
US-2014-148194,BS-11365,2014-05-04,Office Supplies,Appliances,4,14.42,0.0,57.68
US-2015-151407,RD-19585,2015-11-08,Technology,Phones,4,65.99,0.0,263.96
CA-2015-110870,KD-16270,2015-12-12,Technology,Accessories,6,49.99,0.0,299.94
CA-2015-110870,KD-16270,2015-12-12,Office Supplies,Supplies,7,3.68,0.0,25.76
CA-2014-143210,AA-10645,2014-12-01,Technology,Phones,2,135.95,0.0,271.9
CA-2014-143210,AA-10645,2014-12-01,Furniture,Furnishings,3,15.28,0.0,45.84
CA-2014-143210,AA-10645,2014-12-01,Furniture,Furnishings,2,4.91,0.0,9.82
CA-2016-139808,MC-18100,2016-10-07,Office Supplies,Fasteners,12,7.78,0.0,93.36
CA-2015-110863,AA-10645,2015-11-17,Office Supplies,Storage,4,135.31,0.0,541.24
CA-2015-110863,AA-10645,2015-11-17,Office Supplies,Paper,3,35.44,0.0,106.32
CA-2015-110863,AA-10645,2015-11-17,Furniture,Chairs,5,264.78,0.0,1323.9
CA-2014-127859,QJ-19255,2014-03-17,Office Supplies,Paper,6,21.1,0.2,126.62
US-2015-136427,JM-16195,2015-06-20,Technology,Phones,7,17.99,0.2,125.94
CA-2017-120168,TB-21625,2017-05-25,Office Supplies,Binders,5,132.78,0.2,663.92
CA-2017-120168,TB-21625,2017-05-25,Technology,Accessories,8,15.0,0.0,120.0
CA-2017-120168,TB-21625,2017-05-25,Office Supplies,Fasteners,1,3.29,0.0,3.29
CA-2017-120168,TB-21625,2017-05-25,Furniture,Furnishings,3,6.28,0.0,18.84
US-2014-131870,NF-18595,2014-09-09,Furniture,Furnishings,6,10.11,0.2,60.67
US-2014-131870,NF-18595,2014-09-09,Office Supplies,Art,9,3.42,0.2,30.82
CA-2017-114804,BF-11020,2017-10-17,Technology,Phones,1,52.79,0.2,52.79
CA-2017-167227,NP-18670,2017-11-02,Office Supplies,Appliances,10,8.39,0.0,83.9
CA-2017-167227,NP-18670,2017-11-02,Office Supplies,Paper,2,5.88,0.0,11.76
CA-2014-129189,HM-14860,2014-07-21,Office Supplies,Appliances,3,1.66,0.8,4.99
CA-2014-129189,HM-14860,2014-07-21,Office Supplies,Envelopes,5,17.58,0.2,87.92
CA-2014-129189,HM-14860,2014-07-21,Furniture,Chairs,5,131.59,0.3,657.93
CA-2014-129189,HM-14860,2014-07-21,Office Supplies,Binders,1,1.04,0.8,1.04
CA-2015-132465,DM-13525,2015-09-11,Furniture,Furnishings,2,105.34,0.0,210.68
CA-2015-132465,DM-13525,2015-09-11,Office Supplies,Storage,1,78.8,0.0,78.8
CA-2015-132465,DM-13525,2015-09-11,Technology,Accessories,1,19.99,0.0,19.99
CA-2015-132465,DM-13525,2015-09-11,Office Supplies,Storage,4,193.17,0.0,772.68
CA-2016-166373,JF-15565,2016-10-21,Technology,Accessories,6,17.68,0.2,106.08
CA-2016-158806,NM-18520,2016-01-07,Furniture,Furnishings,3,7.69,0.6,23.08
CA-2016-158806,NM-18520,2016-01-07,Office Supplies,Paper,5,5.18,0.2,25.92
CA-2015-119690,MV-17485,2015-06-25,Office Supplies,Paper,3,15.98,0.2,47.95
CA-2015-119690,MV-17485,2015-06-25,Office Supplies,Binders,2,0.49,0.8,0.98
CA-2015-119690,MV-17485,2015-06-25,Furniture,Furnishings,9,8.38,0.6,75.38
CA-2015-119690,MV-17485,2015-06-25,Office Supplies,Labels,2,2.3,0.2,4.61
CA-2015-153738,AG-10270,2015-09-20,Office Supplies,Binders,6,6.28,0.0,37.68
CA-2017-169012,BF-11275,2017-07-10,Office Supplies,Appliances,3,13.97,0.0,41.91
CA-2017-109393,JC-15775,2017-06-30,Furniture,Bookcases,3,145.33,0.15,436.0
CA-2017-121489,CM-11815,2017-08-21,Furniture,Chairs,6,64.78,0.2,388.7
CA-2017-121489,CM-11815,2017-08-21,Office Supplies,Storage,6,95.43,0.0,572.58
CA-2017-121489,CM-11815,2017-08-21,Technology,Accessories,2,16.59,0.0,33.18
US-2017-133081,PV-18985,2017-03-11,Technology,Accessories,4,15.97,0.0,63.88
US-2017-133081,PV-18985,2017-03-11,Furniture,Furnishings,1,26.72,0.0,26.72
CA-2017-165008,DO-13645,2017-09-15,Office Supplies,Binders,9,32.78,0.2,295.06
CA-2016-145611,HA-14905,2016-09-20,Office Supplies,Appliances,5,78.65,0.0,393.25
CA-2016-113600,SH-20395,2016-12-15,Office Supplies,Binders,3,0.74,0.7,2.21
CA-2017-130834,JM-16195,2017-11-03,Office Supplies,Paper,3,5.42,0.2,16.27
CA-2016-168543,DK-13225,2016-07-03,Office Supplies,Appliances,7,100.98,0.0,706.86
CA-2014-144974,CM-12715,2014-09-26,Office Supplies,Binders,5,1.19,0.7,5.97
CA-2014-144974,CM-12715,2014-09-26,Furniture,Furnishings,1,21.18,0.2,21.18
CA-2014-144974,CM-12715,2014-09-26,Office Supplies,Appliances,6,6.9,0.2,41.38
CA-2014-109904,BF-10975,2014-07-14,Office Supplies,Art,3,5.98,0.0,17.94
CA-2017-152205,SF-20965,2017-09-28,Office Supplies,Binders,1,2.66,0.7,2.66
CA-2015-121188,CB-12025,2015-08-28,Office Supplies,Storage,5,178.47,0.0,892.35
CA-2015-121188,CB-12025,2015-08-28,Furniture,Bookcases,2,153.83,0.15,307.67
CA-2015-121188,CB-12025,2015-08-28,Office Supplies,Storage,9,80.98,0.0,728.82
CA-2015-121188,CB-12025,2015-08-28,Office Supplies,Binders,5,8.27,0.2,41.36
CA-2015-121188,CB-12025,2015-08-28,Technology,Phones,3,14.39,0.2,43.18
CA-2015-121188,CB-12025,2015-08-28,Furniture,Furnishings,2,2.08,0.0,4.16
CA-2015-156013,TC-20980,2015-09-20,Office Supplies,Paper,5,12.28,0.0,61.4
CA-2015-156013,TC-20980,2015-09-20,Office Supplies,Binders,2,12.22,0.2,24.45
CA-2016-132997,LW-17215,2016-11-07,Technology,Phones,4,65.99,0.0,263.96
CA-2016-132997,LW-17215,2016-11-07,Technology,Phones,3,119.99,0.0,359.97
CA-2016-132997,LW-17215,2016-11-07,Office Supplies,Paper,2,6.48,0.0,12.96
CA-2016-132997,LW-17215,2016-11-07,Office Supplies,Storage,3,38.94,0.0,116.82
CA-2016-132997,LW-17215,2016-11-07,Office Supplies,Binders,2,138.39,0.2,276.78
US-2015-160563,NS-18640,2015-10-20,Technology,Accessories,3,79.99,0.0,239.97
US-2015-160563,NS-18640,2015-10-20,Furniture,Furnishings,6,2.67,0.0,16.02
CA-2017-151750,JM-15250,2017-01-01,Office Supplies,Storage,5,90.91,0.2,454.56
CA-2017-151750,JM-15250,2017-01-01,Furniture,Furnishings,5,28.28,0.6,141.42
CA-2017-151750,JM-15250,2017-01-01,Furniture,Chairs,4,77.69,0.3,310.74
CA-2017-151750,JM-15250,2017-01-01,Office Supplies,Art,4,3.18,0.2,12.74
CA-2017-151750,JM-15250,2017-01-01,Office Supplies,Binders,5,1.29,0.8,6.47
CA-2017-151750,JM-15250,2017-01-01,Office Supplies,Binders,14,0.98,0.8,13.75
CA-2017-151750,JM-15250,2017-01-01,Office Supplies,Appliances,2,7.61,0.8,15.22
CA-2015-106187,RF-19345,2015-06-23,Furniture,Furnishings,3,9.14,0.0,27.42
CA-2015-106187,RF-19345,2015-06-23,Office Supplies,Binders,1,165.98,0.0,165.98
CA-2015-106187,RF-19345,2015-06-23,Technology,Accessories,3,25.0,0.0,75.0
US-2016-164945,CA-12055,2016-11-22,Office Supplies,Binders,8,16.78,0.2,134.27
CA-2015-150714,KH-16690,2015-10-26,Office Supplies,Labels,6,24.42,0.2,146.54
CA-2015-150714,KH-16690,2015-10-26,Office Supplies,Paper,3,43.97,0.2,131.9
CA-2015-150714,KH-16690,2015-10-26,Office Supplies,Appliances,5,40.78,0.2,203.88
CA-2015-150714,KH-16690,2015-10-26,Office Supplies,Binders,7,2.04,0.7,14.3
CA-2015-150714,KH-16690,2015-10-26,Office Supplies,Storage,10,71.86,0.2,718.64
CA-2016-105753,LC-16960,2016-10-20,Furniture,Furnishings,5,12.22,0.0,61.1
CA-2017-120894,JL-15130,2017-04-28,Office Supplies,Appliances,3,9.36,0.2,28.08
CA-2016-106621,DM-12955,2016-09-29,Office Supplies,Art,4,2.62,0.2,10.5
CA-2015-107020,MV-18190,2015-07-10,Office Supplies,Binders,2,19.96,0.2,39.92
US-2015-117492,NS-18640,2015-08-07,Office Supplies,Appliances,9,8.62,0.0,77.58
CA-2014-101392,AS-10630,2014-12-07,Office Supplies,Storage,7,38.48,0.0,269.36
CA-2015-127502,MT-17815,2015-12-10,Office Supplies,Labels,2,2.88,0.0,5.76
CA-2017-143658,SR-20425,2017-11-08,Office Supplies,Art,5,21.98,0.0,109.9
CA-2017-133046,DK-13375,2017-07-27,Furniture,Furnishings,3,7.96,0.0,23.88
CA-2017-133046,DK-13375,2017-07-27,Office Supplies,Paper,4,6.55,0.0,26.2
CA-2017-133046,DK-13375,2017-07-27,Office Supplies,Paper,2,6.48,0.0,12.96
CA-2017-133046,DK-13375,2017-07-27,Technology,Accessories,5,46.99,0.0,234.95
CA-2017-122798,SV-20935,2017-12-28,Office Supplies,Storage,5,23.65,0.0,118.25
CA-2017-122798,SV-20935,2017-12-28,Office Supplies,Paper,1,4.28,0.0,4.28
CA-2016-169663,RH-19510,2016-03-10,Technology,Accessories,3,8.95,0.0,26.85
CA-2016-169663,RH-19510,2016-03-10,Technology,Machines,3,1119.2,0.2,3357.6
CA-2015-149846,SB-20185,2015-05-22,Office Supplies,Labels,2,4.13,0.0,8.26
CA-2015-149846,SB-20185,2015-05-22,Technology,Machines,7,424.76,0.2,2973.32
CA-2015-149846,SB-20185,2015-05-22,Office Supplies,Storage,7,14.97,0.0,104.79
CA-2015-149846,SB-20185,2015-05-22,Technology,Phones,6,129.29,0.2,775.73
CA-2017-159149,CR-12820,2017-02-17,Furniture,Bookcases,1,89.07,0.32,89.07
CA-2017-159149,CR-12820,2017-02-17,Office Supplies,Art,6,29.24,0.2,175.44
CA-2017-159149,CR-12820,2017-02-17,Technology,Phones,4,109.58,0.2,438.34
US-2017-167570,EG-13900,2017-12-08,Furniture,Chairs,4,53.89,0.3,215.54
CA-2017-160122,RD-19930,2017-11-18,Office Supplies,Envelopes,6,9.26,0.2,55.58
CA-2017-160122,RD-19930,2017-11-18,Furniture,Chairs,2,63.69,0.3,127.39
CA-2016-130393,JM-15865,2016-12-01,Furniture,Chairs,5,49.69,0.3,248.43
CA-2016-130393,JM-15865,2016-12-01,Office Supplies,Appliances,4,2.91,0.8,11.65
CA-2016-130393,JM-15865,2016-12-01,Furniture,Chairs,2,42.62,0.3,85.25
CA-2017-144820,LW-16825,2017-10-03,Office Supplies,Art,5,4.13,0.2,20.64
CA-2017-101014,RW-19540,2017-08-29,Furniture,Furnishings,3,49.34,0.0,148.02
CA-2017-105543,BG-11695,2017-11-24,Office Supplies,Storage,1,33.29,0.0,33.29
US-2017-113201,TT-21220,2017-06-30,Office Supplies,Paper,5,40.99,0.0,204.95
US-2017-106551,EB-13930,2017-07-22,Furniture,Chairs,4,131.59,0.3,526.34
CA-2016-116722,LP-17080,2016-11-11,Furniture,Furnishings,2,20.98,0.0,41.96
CA-2016-116722,LP-17080,2016-11-11,Furniture,Chairs,3,150.38,0.2,451.15
CA-2016-116722,LP-17080,2016-11-11,Office Supplies,Binders,11,2.86,0.2,31.5
CA-2014-138128,FP-14320,2014-12-09,Office Supplies,Envelopes,3,10.22,0.2,30.67
CA-2014-138128,FP-14320,2014-12-09,Technology,Copiers,4,269.99,0.4,1079.98
US-2017-150070,JA-15970,2017-09-07,Furniture,Chairs,2,80.78,0.2,161.57
CA-2015-137064,TS-21655,2015-02-06,Office Supplies,Binders,3,0.98,0.8,2.93
CA-2015-137064,TS-21655,2015-02-06,Technology,Accessories,2,9.26,0.2,18.53
CA-2015-137064,TS-21655,2015-02-06,Office Supplies,Storage,3,223.58,0.2,670.75
CA-2017-157350,DP-13000,2017-08-26,Furniture,Furnishings,5,12.99,0.6,64.96
CA-2014-127866,JD-15895,2014-07-20,Technology,Accessories,2,20.97,0.0,41.94
CA-2014-127866,JD-15895,2014-07-20,Office Supplies,Paper,2,5.98,0.0,11.96
CA-2014-127866,JD-15895,2014-07-20,Office Supplies,Art,4,3.28,0.0,13.12
CA-2014-127866,JD-15895,2014-07-20,Office Supplies,Storage,3,178.47,0.0,535.41
CA-2015-131352,GH-14485,2015-10-08,Furniture,Furnishings,3,24.26,0.6,72.78
CA-2015-121776,RD-19585,2015-02-16,Office Supplies,Paper,3,12.28,0.0,36.84
CA-2015-121776,RD-19585,2015-02-16,Office Supplies,Labels,7,12.53,0.0,87.71
CA-2016-118073,CS-12490,2016-08-12,Furniture,Tables,7,80.33,0.45,562.29
CA-2014-103219,BF-11215,2014-11-09,Furniture,Furnishings,9,6.28,0.0,56.52
CA-2016-102561,NK-18490,2016-07-18,Office Supplies,Art,8,1.41,0.2,11.26
CA-2016-102561,NK-18490,2016-07-18,Office Supplies,Storage,10,28.41,0.2,284.08
CA-2016-102561,NK-18490,2016-07-18,Office Supplies,Paper,4,4.62,0.2,18.5
CA-2016-100993,AZ-10750,2016-02-05,Office Supplies,Labels,3,4.91,0.0,14.73
CA-2016-100993,AZ-10750,2016-02-05,Office Supplies,Storage,3,62.18,0.0,186.54
CA-2016-100993,AZ-10750,2016-02-05,Furniture,Tables,4,139.43,0.2,557.73
CA-2016-100993,AZ-10750,2016-02-05,Technology,Phones,4,39.99,0.2,159.97
US-2014-112949,Co-12640,2014-06-20,Office Supplies,Appliances,6,78.65,0.0,471.9
US-2014-112949,Co-12640,2014-06-20,Office Supplies,Art,2,1.76,0.0,3.52
US-2017-146822,AG-10675,2017-06-09,Office Supplies,Paper,4,12.28,0.0,49.12
US-2016-131058,EM-14140,2016-12-27,Office Supplies,Labels,7,2.88,0.0,20.16
CA-2014-167997,CA-11965,2014-01-26,Office Supplies,Binders,2,5.34,0.0,10.68
CA-2014-167997,CA-11965,2014-01-26,Furniture,Bookcases,2,70.98,0.0,141.96
CA-2017-140151,RB-19360,2017-03-23,Office Supplies,Storage,2,16.24,0.0,32.48
CA-2017-140151,RB-19360,2017-03-23,Office Supplies,Paper,3,6.68,0.0,20.04
CA-2017-140151,RB-19360,2017-03-23,Technology,Copiers,4,3499.99,0.0,13999.96
US-2017-143770,RD-19720,2017-03-20,Technology,Accessories,2,119.0,0.0,238.0
US-2017-143770,RD-19720,2017-03-20,Office Supplies,Paper,2,30.98,0.0,61.96
CA-2016-131296,MS-17830,2016-10-04,Furniture,Tables,2,119.69,0.3,239.37
CA-2016-103464,PG-18820,2016-11-18,Technology,Accessories,5,119.0,0.0,595.0
CA-2017-136238,KB-16240,2017-12-26,Office Supplies,Paper,3,5.34,0.2,16.03
CA-2016-120803,RB-19465,2016-03-09,Technology,Accessories,5,39.95,0.0,199.75
CA-2016-134138,JD-15790,2016-02-16,Furniture,Chairs,2,113.98,0.0,227.96
CA-2015-120915,JJ-15445,2015-09-28,Office Supplies,Appliances,6,48.92,0.0,293.52
CA-2015-120915,JJ-15445,2015-09-28,Technology,Phones,2,153.99,0.0,307.98
CA-2015-168207,LT-17110,2015-11-02,Furniture,Furnishings,6,16.16,0.0,96.96
CA-2015-168207,LT-17110,2015-11-02,Office Supplies,Binders,7,16.78,0.2,117.49
CA-2015-168207,LT-17110,2015-11-02,Office Supplies,Binders,3,3.98,0.2,11.95
CA-2015-168207,LT-17110,2015-11-02,Furniture,Bookcases,3,170.83,0.15,512.5
CA-2016-144148,AH-10690,2016-07-31,Furniture,Tables,7,123.3,0.2,863.13
CA-2017-107174,AB-10060,2017-11-06,Furniture,Tables,7,290.98,0.0,2036.86
CA-2017-107174,AB-10060,2017-11-06,Furniture,Chairs,2,224.78,0.2,449.57
CA-2017-107174,AB-10060,2017-11-06,Technology,Accessories,3,36.32,0.0,108.96
CA-2016-146150,FM-14380,2016-02-14,Office Supplies,Art,7,37.74,0.0,264.18
CA-2014-114125,GH-14410,2014-07-09,Office Supplies,Labels,1,2.88,0.0,2.88
CA-2014-114125,GH-14410,2014-07-09,Office Supplies,Binders,6,6.98,0.2,41.9
CA-2014-114125,GH-14410,2014-07-09,Office Supplies,Storage,4,5.98,0.0,23.92
CA-2016-114944,HE-14800,2016-01-30,Office Supplies,Paper,4,39.13,0.2,156.51
CA-2016-135965,SZ-20035,2016-09-22,Office Supplies,Storage,6,21.39,0.0,128.34
CA-2017-149699,CM-12115,2017-12-22,Technology,Accessories,5,94.99,0.0,474.95
CA-2016-166429,TG-21310,2016-09-02,Technology,Copiers,2,499.99,0.0,999.98
CA-2015-112767,DK-12985,2015-08-02,Furniture,Tables,4,69.38,0.5,277.5
CA-2015-119879,SS-20410,2015-11-21,Furniture,Tables,8,156.59,0.4,1252.7
CA-2015-119879,SS-20410,2015-11-21,Technology,Phones,5,22.19,0.4,110.97
CA-2017-155642,BM-11575,2017-05-18,Furniture,Furnishings,3,7.54,0.6,22.61
CA-2017-155642,BM-11575,2017-05-18,Furniture,Furnishings,1,1.89,0.6,1.89
US-2017-101721,MY-17380,2017-07-23,Office Supplies,Paper,3,21.1,0.2,63.31
CA-2015-136728,AG-10900,2015-09-13,Office Supplies,Envelopes,1,7.82,0.2,7.82
CA-2015-136728,AG-10900,2015-09-13,Furniture,Chairs,4,42.52,0.3,170.07
CA-2016-127194,BW-11110,2016-12-10,Office Supplies,Paper,9,6.98,0.0,62.82
CA-2015-140375,SG-20470,2015-10-02,Office Supplies,Paper,3,6.48,0.0,19.44
CA-2015-140375,SG-20470,2015-10-02,Office Supplies,Binders,1,7.38,0.0,7.38
US-2017-155866,CC-12370,2017-11-17,Office Supplies,Paper,6,6.48,0.0,38.88
US-2017-155866,CC-12370,2017-11-17,Furniture,Furnishings,4,46.94,0.0,187.76
CA-2015-141327,LR-16915,2015-11-30,Office Supplies,Binders,7,0.86,0.7,6.05
CA-2015-141327,LR-16915,2015-11-30,Office Supplies,Appliances,3,32.78,0.2,98.35
CA-2015-141327,LR-16915,2015-11-30,Furniture,Furnishings,2,167.87,0.2,335.74
CA-2015-136700,DB-13120,2015-12-06,Office Supplies,Paper,2,4.48,0.0,8.96
CA-2017-102736,LP-17095,2017-09-05,Technology,Accessories,4,22.39,0.2,89.57
CA-2017-102736,LP-17095,2017-09-05,Office Supplies,Art,5,14.39,0.2,71.96
CA-2017-102736,LP-17095,2017-09-05,Office Supplies,Paper,3,5.18,0.2,15.55
CA-2017-125269,AF-10870,2017-04-24,Office Supplies,Binders,5,2.09,0.8,10.43
CA-2017-125269,AF-10870,2017-04-24,Office Supplies,Storage,1,72.78,0.2,72.78
CA-2015-114811,KD-16495,2015-11-08,Office Supplies,Storage,5,13.43,0.0,67.15
CA-2015-114811,KD-16495,2015-11-08,Technology,Phones,2,274.99,0.0,549.98
CA-2015-114811,KD-16495,2015-11-08,Furniture,Furnishings,3,3.94,0.0,11.82
CA-2015-114811,KD-16495,2015-11-08,Technology,Machines,4,1160.95,0.0,4643.8
CA-2015-114811,KD-16495,2015-11-08,Furniture,Chairs,2,288.88,0.1,577.76
CA-2015-122266,SA-20830,2015-04-26,Furniture,Tables,1,191.52,0.45,191.52
CA-2015-122266,SA-20830,2015-04-26,Office Supplies,Art,1,2.62,0.2,2.62
CA-2015-141565,BG-11035,2015-09-20,Office Supplies,Binders,6,228.29,0.7,1369.76
CA-2015-141565,BG-11035,2015-09-20,Office Supplies,Storage,4,73.59,0.2,294.37
CA-2017-128769,DM-12955,2017-09-07,Office Supplies,Appliances,2,40.78,0.2,81.57
CA-2016-116337,MC-17845,2016-11-07,Furniture,Furnishings,5,8.89,0.6,44.46
CA-2016-116337,MC-17845,2016-11-07,Office Supplies,Storage,3,104.7,0.2,314.09
CA-2015-120845,ML-17395,2015-09-25,Office Supplies,Binders,4,1.58,0.7,6.34
CA-2015-120845,ML-17395,2015-09-25,Office Supplies,Paper,1,10.48,0.2,10.48
CA-2015-120845,ML-17395,2015-09-25,Office Supplies,Binders,1,2.47,0.7,2.47
CA-2015-120845,ML-17395,2015-09-25,Office Supplies,Binders,2,1.63,0.7,3.26
CA-2014-120775,RD-19930,2014-10-03,Office Supplies,Fasteners,3,1.45,0.2,4.34
CA-2014-120775,RD-19930,2014-10-03,Furniture,Furnishings,3,10.59,0.6,31.78
CA-2014-120775,RD-19930,2014-10-03,Office Supplies,Labels,2,2.46,0.2,4.93
CA-2014-120775,RD-19930,2014-10-03,Office Supplies,Binders,3,0.6,0.8,1.79
CA-2014-120775,RD-19930,2014-10-03,Office Supplies,Fasteners,4,3.77,0.2,15.07
CA-2014-152905,AB-10015,2014-02-18,Office Supplies,Storage,2,6.31,0.2,12.62
CA-2016-104633,EA-14035,2016-06-12,Office Supplies,Paper,6,30.98,0.0,185.88
CA-2016-104633,EA-14035,2016-06-12,Office Supplies,Paper,2,6.48,0.0,12.96
CA-2017-104136,SF-20065,2017-11-01,Office Supplies,Paper,10,18.97,0.0,189.7
CA-2017-104136,SF-20065,2017-11-01,Office Supplies,Paper,1,40.99,0.0,40.99
CA-2016-123050,BC-11125,2016-04-04,Furniture,Furnishings,2,41.32,0.0,82.64
CA-2016-123050,BC-11125,2016-04-04,Office Supplies,Storage,2,15.51,0.0,31.02
CA-2016-123050,BC-11125,2016-04-04,Technology,Accessories,3,29.99,0.0,89.97
CA-2016-162355,PF-19165,2016-06-30,Office Supplies,Art,3,11.99,0.0,35.97
CA-2016-162355,PF-19165,2016-06-30,Furniture,Bookcases,7,180.98,0.0,1266.86
CA-2014-158225,SE-20110,2014-09-22,Office Supplies,Storage,5,33.89,0.0,169.45
CA-2014-158225,SE-20110,2014-09-22,Office Supplies,Storage,2,20.34,0.0,40.68
CA-2017-102204,CJ-12010,2017-05-01,Office Supplies,Supplies,2,1.66,0.2,3.33
CA-2017-102204,CJ-12010,2017-05-01,Furniture,Tables,4,233.32,0.45,933.26
CA-2017-102204,CJ-12010,2017-05-01,Furniture,Chairs,5,560.78,0.2,2803.92
CA-2017-103065,PT-19090,2017-10-20,Office Supplies,Storage,2,2.38,0.2,4.77
CA-2017-103065,PT-19090,2017-10-20,Office Supplies,Paper,1,6.67,0.2,6.67
CA-2017-103065,PT-19090,2017-10-20,Office Supplies,Art,2,2.22,0.2,4.45
CA-2017-103065,PT-19090,2017-10-20,Furniture,Furnishings,4,10.98,0.2,43.94
CA-2014-109855,LH-16900,2014-09-01,Office Supplies,Binders,2,11.87,0.2,23.74
CA-2014-109855,LH-16900,2014-09-01,Technology,Accessories,3,119.0,0.0,357.0
CA-2014-109897,BW-11200,2014-08-12,Technology,Phones,8,100.79,0.2,806.34
CA-2014-109897,BW-11200,2014-08-12,Furniture,Furnishings,3,28.48,0.0,85.44
US-2014-143581,BS-11365,2014-08-19,Office Supplies,Storage,3,114.97,0.0,344.91
CA-2015-129217,DP-13390,2015-05-10,Office Supplies,Appliances,5,14.19,0.8,70.97
CA-2015-129217,DP-13390,2015-05-10,Office Supplies,Art,2,18.39,0.2,36.78
CA-2016-133816,CS-12400,2016-05-10,Technology,Phones,2,371.99,0.4,743.99
CA-2015-140221,MS-17365,2015-03-05,Office Supplies,Binders,2,5.61,0.8,11.21
CA-2015-140221,MS-17365,2015-03-05,Furniture,Furnishings,2,2.36,0.6,4.71
CA-2015-140221,MS-17365,2015-03-05,Office Supplies,Appliances,5,36.2,0.8,180.98
CA-2015-140221,MS-17365,2015-03-05,Office Supplies,Storage,2,30.21,0.2,60.42
CA-2017-152310,DK-12895,2017-08-12,Technology,Copiers,1,299.99,0.0,299.99
CA-2017-152310,DK-12895,2017-08-12,Office Supplies,Paper,4,48.04,0.0,192.16
CA-2017-152310,DK-12895,2017-08-12,Technology,Phones,8,30.33,0.2,242.62
CA-2017-152310,DK-12895,2017-08-12,Office Supplies,Storage,3,15.58,0.0,46.74
CA-2017-152310,DK-12895,2017-08-12,Technology,Accessories,5,34.99,0.0,174.95
CA-2017-152310,DK-12895,2017-08-12,Office Supplies,Binders,6,16.78,0.2,100.7
CA-2016-118101,SN-20560,2016-06-26,Office Supplies,Paper,9,40.99,0.0,368.91
CA-2016-118101,SN-20560,2016-06-26,Office Supplies,Binders,1,8.02,0.0,8.02
CA-2016-118101,SN-20560,2016-06-26,Office Supplies,Storage,4,42.76,0.0,171.04
CA-2016-100307,TC-21475,2016-12-15,Office Supplies,Paper,3,6.48,0.0,19.44
CA-2015-138457,AM-10705,2015-09-13,Office Supplies,Binders,4,3.27,0.7,13.09
CA-2014-131800,AJ-10960,2014-12-30,Office Supplies,Appliances,3,40.98,0.0,122.94
CA-2014-131800,AJ-10960,2014-12-30,Office Supplies,Binders,7,5.06,0.2,35.45
CA-2014-118304,KH-16360,2014-04-29,Technology,Phones,2,9.99,0.0,19.98
CA-2017-121790,LP-17095,2017-01-30,Furniture,Tables,1,69.38,0.5,69.38
CA-2017-121790,LP-17095,2017-01-30,Office Supplies,Supplies,4,7.92,0.2,31.68
CA-2017-121790,LP-17095,2017-01-30,Technology,Phones,4,500.79,0.2,2003.17
CA-2017-121790,LP-17095,2017-01-30,Office Supplies,Art,2,4.67,0.2,9.34
CA-2016-169670,JE-15715,2016-12-25,Furniture,Chairs,8,320.38,0.1,2563.06
CA-2016-139549,MY-18295,2016-10-20,Furniture,Chairs,4,96.78,0.2,387.14
CA-2015-104059,FC-14245,2015-06-13,Office Supplies,Art,1,3.42,0.2,3.42
CA-2017-164112,ND-18460,2017-06-30,Office Supplies,Storage,7,155.06,0.0,1085.42
CA-2015-143882,DB-13360,2015-06-26,Office Supplies,Paper,9,4.78,0.2,43.06
US-2016-139262,LC-16960,2016-02-21,Office Supplies,Binders,3,1.25,0.7,3.76
US-2016-139262,LC-16960,2016-02-21,Office Supplies,Binders,2,17.43,0.7,34.86
US-2016-139262,LC-16960,2016-02-21,Office Supplies,Storage,3,144.15,0.2,432.46
CA-2017-146192,BD-11725,2017-04-22,Office Supplies,Storage,3,225.02,0.0,675.06
CA-2017-134810,MC-17605,2017-05-09,Office Supplies,Envelopes,3,21.74,0.2,65.23
CA-2017-134810,MC-17605,2017-05-09,Furniture,Chairs,3,69.0,0.2,207.0
CA-2015-154284,SZ-20035,2015-12-21,Technology,Machines,2,300.26,0.3,600.53
CA-2015-154284,SZ-20035,2015-12-21,Office Supplies,Art,2,29.95,0.2,59.9
CA-2015-154284,SZ-20035,2015-12-21,Technology,Accessories,8,79.68,0.2,637.44
CA-2015-154284,SZ-20035,2015-12-21,Furniture,Furnishings,3,17.25,0.6,51.76
CA-2014-156244,DH-13675,2014-08-12,Office Supplies,Paper,6,5.18,0.2,31.1
CA-2014-156244,DH-13675,2014-08-12,Office Supplies,Art,5,9.59,0.2,47.96
CA-2014-156244,DH-13675,2014-08-12,Technology,Accessories,7,22.7,0.2,158.93
CA-2014-156244,DH-13675,2014-08-12,Office Supplies,Appliances,6,35.21,0.2,211.25
CA-2014-156244,DH-13675,2014-08-12,Office Supplies,Supplies,2,2.78,0.2,5.55
CA-2014-156244,DH-13675,2014-08-12,Office Supplies,Labels,1,2.95,0.2,2.95
CA-2015-106362,LC-16885,2015-12-11,Office Supplies,Binders,3,3.44,0.7,10.33
US-2017-168802,JO-15145,2017-11-03,Office Supplies,Binders,4,4.59,0.2,18.37
US-2017-146906,MT-17815,2017-03-13,Technology,Phones,2,149.95,0.0,299.9
CA-2016-166380,EB-13750,2016-05-30,Office Supplies,Envelopes,9,2.95,0.0,26.55
CA-2016-166380,EB-13750,2016-05-30,Technology,Accessories,2,55.99,0.0,111.98
US-2015-158911,RS-19765,2015-07-05,Furniture,Furnishings,2,2.46,0.2,4.93
US-2015-158911,RS-19765,2015-07-05,Office Supplies,Labels,3,3.93,0.2,11.78
US-2014-103338,RB-19435,2014-03-11,Office Supplies,Art,3,2.66,0.0,7.98
CA-2015-109169,OT-18730,2015-04-20,Office Supplies,Envelopes,2,90.48,0.0,180.96
US-2017-167318,GZ-14545,2017-07-26,Technology,Accessories,5,329.99,0.0,1649.95
US-2017-167318,GZ-14545,2017-07-26,Furniture,Chairs,3,120.78,0.2,362.35
US-2014-120313,NL-18310,2014-10-31,Technology,Phones,2,36.79,0.2,73.58
CA-2017-135419,BG-11740,2017-11-03,Furniture,Tables,4,121.59,0.2,486.37
CA-2016-128671,MT-18070,2016-08-11,Office Supplies,Paper,5,6.48,0.0,32.4
CA-2016-128671,MT-18070,2016-08-11,Office Supplies,Binders,7,5.98,0.0,41.86
CA-2016-128671,MT-18070,2016-08-11,Office Supplies,Binders,2,38.78,0.0,77.56
CA-2016-149335,BC-11125,2016-07-25,Office Supplies,Art,9,4.13,0.0,37.17
CA-2014-168312,GW-14605,2014-03-01,Office Supplies,Storage,3,45.78,0.2,137.35
CA-2014-168312,GW-14605,2014-03-01,Furniture,Tables,3,125.5,0.3,376.51
US-2017-105935,BD-11500,2017-01-26,Furniture,Furnishings,4,15.68,0.0,62.72
US-2017-105935,BD-11500,2017-01-26,Technology,Phones,7,419.99,0.0,2939.93
CA-2014-161508,PV-18985,2014-07-12,Furniture,Chairs,3,170.79,0.3,512.36
CA-2014-161508,PV-18985,2014-07-12,Office Supplies,Fasteners,2,1.74,0.2,3.49
CA-2014-161508,PV-18985,2014-07-12,Office Supplies,Art,7,3.18,0.2,22.29
CA-2014-161508,PV-18985,2014-07-12,Office Supplies,Paper,3,5.34,0.2,16.03
CA-2017-130904,HM-14980,2017-04-11,Office Supplies,Art,1,1.75,0.2,1.75
CA-2017-130904,HM-14980,2017-04-11,Office Supplies,Art,8,2.62,0.2,20.99
CA-2017-133620,EM-14065,2017-11-13,Office Supplies,Storage,1,11.21,0.0,11.21
CA-2015-142937,SF-20065,2015-12-05,Office Supplies,Art,2,22.52,0.2,45.04
US-2016-149790,SC-20380,2016-09-26,Office Supplies,Binders,2,7.81,0.8,15.62
CA-2016-130778,ND-18370,2016-11-19,Office Supplies,Appliances,2,4.37,0.0,8.74
CA-2016-130778,ND-18370,2016-11-19,Office Supplies,Paper,5,8.95,0.0,44.75
CA-2017-144456,FC-14245,2017-09-08,Office Supplies,Storage,5,12.34,0.2,61.68
CA-2017-144456,FC-14245,2017-09-08,Technology,Phones,3,52.79,0.2,158.38
CA-2017-103478,KL-16555,2017-07-21,Office Supplies,Binders,4,0.72,0.8,2.86
CA-2017-103478,KL-16555,2017-07-21,Office Supplies,Binders,7,13.46,0.8,94.19
CA-2017-118577,XP-21865,2017-10-06,Office Supplies,Paper,3,47.9,0.0,143.7
CA-2017-118577,XP-21865,2017-10-06,Office Supplies,Paper,1,6.48,0.0,6.48
CA-2017-113572,FP-14320,2017-11-07,Technology,Accessories,4,1.97,0.0,7.88
CA-2016-153269,PS-18760,2016-03-09,Office Supplies,Storage,1,11.21,0.0,11.21
CA-2016-153269,PS-18760,2016-03-09,Furniture,Chairs,5,70.98,0.0,354.9
CA-2016-153269,PS-18760,2016-03-09,Office Supplies,Paper,3,5.98,0.0,17.94
CA-2016-153269,PS-18760,2016-03-09,Office Supplies,Binders,4,12.95,0.0,51.8
CA-2017-161655,CW-11905,2017-05-13,Office Supplies,Binders,9,33.28,0.0,299.52
CA-2016-101469,KH-16360,2016-07-02,Office Supplies,Art,2,3.85,0.0,7.7
CA-2014-153087,TC-20980,2014-12-27,Office Supplies,Paper,4,5.98,0.0,23.92
CA-2014-153087,TC-20980,2014-12-27,Technology,Accessories,5,99.6,0.0,498.0
CA-2017-135076,YS-21880,2017-04-13,Furniture,Chairs,6,72.78,0.2,436.7
CA-2014-161634,CC-12220,2014-11-14,Office Supplies,Paper,5,6.48,0.0,32.4
CA-2017-141481,ZD-21925,2017-06-11,Office Supplies,Appliances,3,20.48,0.0,61.44
CA-2016-132549,JK-15370,2016-11-25,Office Supplies,Storage,7,10.48,0.0,73.36
US-2014-155544,GM-14440,2014-03-21,Office Supplies,Labels,5,11.84,0.2,59.2
US-2014-155544,GM-14440,2014-03-21,Furniture,Furnishings,3,10.98,0.2,32.95
US-2014-155544,GM-14440,2014-03-21,Furniture,Chairs,3,72.79,0.2,218.38
US-2015-115238,JW-15220,2015-04-30,Furniture,Furnishings,5,6.28,0.0,31.4
US-2015-115238,JW-15220,2015-04-30,Furniture,Furnishings,1,9.48,0.0,9.48
US-2015-115238,JW-15220,2015-04-30,Technology,Phones,10,20.95,0.0,209.5
US-2015-115238,JW-15220,2015-04-30,Furniture,Furnishings,5,4.86,0.0,24.3
US-2015-115238,JW-15220,2015-04-30,Office Supplies,Paper,1,6.48,0.0,6.48
CA-2017-132199,BO-11350,2017-05-03,Furniture,Furnishings,2,16.22,0.2,32.45
CA-2017-132199,BO-11350,2017-05-03,Office Supplies,Binders,4,6.6,0.7,26.39
CA-2017-132199,BO-11350,2017-05-03,Furniture,Tables,5,74.69,0.4,373.47
CA-2017-132199,BO-11350,2017-05-03,Office Supplies,Binders,5,12.84,0.7,64.2
CA-2017-132199,BO-11350,2017-05-03,Office Supplies,Fasteners,2,4.0,0.2,8.0
CA-2016-163174,XP-21865,2016-08-26,Furniture,Furnishings,3,62.18,0.0,186.54
CA-2014-110555,MM-18055,2014-04-11,Office Supplies,Storage,7,12.44,0.0,87.08
CA-2014-110555,MM-18055,2014-04-11,Technology,Phones,2,52.79,0.2,105.58
CA-2014-110555,MM-18055,2014-04-11,Technology,Accessories,6,36.24,0.0,217.44
CA-2017-147207,TS-21655,2017-01-02,Office Supplies,Art,2,15.87,0.2,31.74
CA-2017-147207,TS-21655,2017-01-02,Office Supplies,Appliances,2,2.72,0.8,5.43
CA-2017-147207,TS-21655,2017-01-02,Furniture,Tables,5,182.69,0.3,913.43
CA-2017-147207,TS-21655,2017-01-02,Office Supplies,Storage,3,124.05,0.2,372.14
CA-2017-137631,JL-15235,2017-04-28,Technology,Phones,2,375.99,0.2,751.98
CA-2017-157273,SZ-20035,2017-01-30,Technology,Phones,4,151.19,0.2,604.77
CA-2014-109918,LR-17035,2014-09-07,Office Supplies,Supplies,4,6.84,0.0,27.36
CA-2014-109918,LR-17035,2014-09-07,Office Supplies,Paper,2,10.28,0.0,20.56
CA-2014-109918,LR-17035,2014-09-07,Office Supplies,Binders,5,16.78,0.2,83.92
CA-2016-118745,SV-20365,2016-06-11,Furniture,Tables,3,300.9,0.2,902.71
CA-2016-163972,MG-17890,2016-10-17,Furniture,Bookcases,2,60.33,0.15,120.67
CA-2014-165393,NC-18415,2014-12-27,Office Supplies,Binders,1,4.98,0.8,4.98
CA-2016-113726,SC-20680,2016-11-24,Furniture,Furnishings,3,27.42,0.0,82.26
CA-2016-152940,RO-19780,2016-11-10,Office Supplies,Storage,1,29.74,0.0,29.74
CA-2015-158701,JL-15175,2015-01-05,Office Supplies,Appliances,6,14.56,0.0,87.36
CA-2015-158701,JL-15175,2015-01-05,Office Supplies,Binders,6,9.36,0.2,56.16
CA-2017-156272,PW-19030,2017-03-21,Office Supplies,Appliances,1,64.38,0.2,64.38
CA-2015-162964,MF-18250,2015-11-12,Office Supplies,Storage,1,64.78,0.2,64.78
CA-2015-162964,MF-18250,2015-11-12,Office Supplies,Paper,3,5.18,0.2,15.55
CA-2015-162964,MF-18250,2015-11-12,Office Supplies,Envelopes,7,31.98,0.2,223.89
CA-2014-103527,CC-12220,2014-09-09,Office Supplies,Paper,3,3.63,0.2,10.9
CA-2016-134544,AC-10660,2016-03-17,Technology,Phones,2,42.39,0.2,84.78
CA-2016-163048,MH-17440,2016-02-08,Furniture,Chairs,4,60.38,0.3,241.5
CA-2016-145135,CD-12790,2016-11-26,Technology,Accessories,3,19.99,0.0,59.97
CA-2016-145135,CD-12790,2016-11-26,Office Supplies,Paper,2,6.68,0.0,13.36
CA-2017-137582,CV-12805,2017-09-04,Office Supplies,Binders,3,3.94,0.2,11.81
CA-2015-149601,TB-21625,2015-05-28,Office Supplies,Storage,1,16.24,0.0,16.24
CA-2015-149601,TB-21625,2015-05-28,Office Supplies,Storage,5,15.51,0.0,77.55
CA-2014-139423,DG-13300,2014-11-01,Office Supplies,Appliances,2,38.06,0.0,76.12
CA-2016-102596,RD-19810,2016-12-27,Office Supplies,Fasteners,6,2.86,0.2,17.18
CA-2017-153227,CS-12250,2017-12-04,Office Supplies,Paper,2,5.88,0.0,11.76
CA-2017-110625,JB-16045,2017-12-23,Furniture,Furnishings,2,13.73,0.0,27.46
CA-2016-142594,EJ-14155,2016-12-01,Technology,Phones,3,45.98,0.0,137.94
CA-2016-142594,EJ-14155,2016-12-01,Furniture,Furnishings,5,22.23,0.0,111.15
CA-2016-142594,EJ-14155,2016-12-01,Office Supplies,Appliances,3,300.65,0.0,901.95
CA-2016-142594,EJ-14155,2016-12-01,Furniture,Tables,3,122.0,0.3,366.01
CA-2014-152254,BD-11620,2014-06-30,Office Supplies,Paper,7,44.38,0.2,310.69
US-2014-120236,MR-17545,2014-09-03,Office Supplies,Binders,5,1.54,0.8,7.68
CA-2017-120061,SR-20425,2017-11-02,Furniture,Chairs,2,77.69,0.3,155.37
CA-2015-133837,TH-21100,2015-04-13,Office Supplies,Storage,1,10.74,0.2,10.74
CA-2015-110814,BD-11635,2015-12-05,Office Supplies,Binders,5,46.48,0.2,232.4
CA-2015-110814,BD-11635,2015-12-05,Furniture,Chairs,3,54.88,0.1,164.65
CA-2015-110814,BD-11635,2015-12-05,Office Supplies,Paper,2,11.34,0.0,22.68
CA-2016-154067,SM-20950,2016-02-01,Office Supplies,Paper,4,26.38,0.0,105.52
CA-2017-140480,HE-14800,2017-07-08,Furniture,Furnishings,4,20.98,0.0,83.92
CA-2017-140480,HE-14800,2017-07-08,Technology,Accessories,5,28.38,0.0,141.9
CA-2017-140480,HE-14800,2017-07-08,Furniture,Furnishings,2,19.99,0.0,39.98
CA-2017-140480,HE-14800,2017-07-08,Office Supplies,Art,7,4.13,0.0,28.91
CA-2017-140480,HE-14800,2017-07-08,Office Supplies,Art,5,34.99,0.0,174.95
CA-2015-134082,JK-15640,2015-12-11,Office Supplies,Binders,4,27.63,0.2,110.53
CA-2016-130820,ON-18715,2016-11-15,Furniture,Tables,4,157.51,0.4,630.02
CA-2016-159765,TH-21100,2016-05-09,Office Supplies,Art,7,3.98,0.0,27.86
CA-2017-132290,MD-17350,2017-03-10,Furniture,Tables,4,233.35,0.3,933.41
CA-2016-147109,AH-10075,2016-12-17,Office Supplies,Paper,10,5.18,0.2,51.84
CA-2016-147109,AH-10075,2016-12-17,Technology,Accessories,3,55.2,0.2,165.6
CA-2017-107265,ML-17755,2017-04-06,Office Supplies,Paper,3,35.44,0.0,106.32
CA-2017-118199,LB-16795,2017-05-09,Office Supplies,Binders,5,29.58,0.2,147.92
CA-2017-118199,LB-16795,2017-05-09,Office Supplies,Storage,3,34.76,0.0,104.28
CA-2017-118199,LB-16795,2017-05-09,Furniture,Tables,1,286.85,0.0,286.85
CA-2017-118199,LB-16795,2017-05-09,Office Supplies,Storage,4,16.74,0.0,66.96
CA-2017-118199,LB-16795,2017-05-09,Technology,Accessories,2,99.99,0.0,199.98
CA-2017-150091,NP-18670,2017-10-12,Technology,Accessories,3,15.0,0.0,45.0
CA-2017-150091,NP-18670,2017-10-12,Office Supplies,Fasteners,5,3.58,0.0,17.9
CA-2017-150091,NP-18670,2017-10-12,Furniture,Furnishings,2,20.24,0.0,40.48
CA-2017-150091,NP-18670,2017-10-12,Furniture,Bookcases,5,430.98,0.0,2154.9
CA-2016-137652,EB-13750,2016-08-28,Office Supplies,Binders,8,2.3,0.7,18.43
CA-2015-128356,RP-19390,2015-10-02,Office Supplies,Supplies,2,5.47,0.2,10.94
CA-2017-167017,DC-12850,2017-11-23,Office Supplies,Supplies,2,2.18,0.0,4.36
US-2017-132220,DJ-13510,2017-11-12,Technology,Accessories,6,10.39,0.2,62.35
CA-2016-118129,CL-12565,2016-12-19,Furniture,Furnishings,5,60.78,0.2,303.92
US-2014-113124,NC-18340,2014-03-30,Office Supplies,Storage,2,64.65,0.0,129.3
CA-2017-155621,KN-16450,2017-11-08,Furniture,Furnishings,10,27.42,0.0,274.2
US-2014-127635,SC-20260,2014-09-14,Office Supplies,Fasteners,4,1.51,0.2,6.05
US-2014-127635,SC-20260,2014-09-14,Office Supplies,Paper,2,3.42,0.2,6.85
US-2014-127635,SC-20260,2014-09-14,Furniture,Furnishings,5,1.99,0.6,9.96
US-2014-127635,SC-20260,2014-09-14,Office Supplies,Binders,2,4.28,0.8,8.55
CA-2015-151470,AM-10705,2015-09-20,Office Supplies,Binders,11,4.14,0.2,45.58
CA-2015-112823,RA-19945,2015-12-10,Technology,Accessories,2,12.74,0.2,25.49
CA-2014-108861,MM-17260,2014-05-28,Office Supplies,Binders,4,34.24,0.2,136.96
CA-2017-114370,BN-11470,2017-03-14,Technology,Phones,2,24.81,0.2,49.62
CA-2016-158302,JB-16045,2016-12-08,Office Supplies,Paper,3,3.53,0.2,10.58
CA-2017-145779,DB-13615,2017-05-06,Office Supplies,Paper,4,21.1,0.2,84.42
US-2016-155173,JB-16045,2016-03-06,Technology,Phones,2,215.97,0.4,431.94
US-2016-155173,JB-16045,2016-03-06,Office Supplies,Binders,1,2.04,0.7,2.04
US-2016-155173,JB-16045,2016-03-06,Technology,Phones,3,22.75,0.4,68.24
CA-2017-125451,AH-10075,2017-10-23,Furniture,Tables,4,60.19,0.3,240.74
CA-2017-125451,AH-10075,2017-10-23,Furniture,Furnishings,4,8.75,0.0,35.0
CA-2017-125451,AH-10075,2017-10-23,Furniture,Furnishings,2,105.34,0.0,210.68
CA-2017-125451,AH-10075,2017-10-23,Furniture,Tables,3,212.63,0.3,637.9
CA-2017-125451,AH-10075,2017-10-23,Office Supplies,Paper,8,5.43,0.0,43.44
CA-2017-125451,AH-10075,2017-10-23,Office Supplies,Appliances,1,2.22,0.0,2.22
CA-2014-131387,AI-10855,2014-04-28,Technology,Phones,5,335.99,0.2,1679.96
CA-2016-125087,TH-21115,2016-04-18,Furniture,Chairs,4,86.09,0.3,344.37
CA-2016-125087,TH-21115,2016-04-18,Office Supplies,Storage,3,518.31,0.2,1554.94
CA-2016-125087,TH-21115,2016-04-18,Furniture,Furnishings,5,25.58,0.6,127.88
CA-2016-154081,JE-15610,2016-05-22,Technology,Phones,2,111.19,0.2,222.38
US-2017-118556,TH-21235,2017-05-28,Furniture,Chairs,3,35.62,0.3,106.87
US-2017-118556,TH-21235,2017-05-28,Office Supplies,Binders,3,1.19,0.8,3.56
CA-2014-126200,JE-15715,2014-08-25,Office Supplies,Binders,3,8.56,0.8,25.68
CA-2014-126200,JE-15715,2014-08-25,Office Supplies,Binders,3,4.13,0.8,12.38
CA-2014-146500,AT-10735,2014-08-30,Office Supplies,Binders,5,5.06,0.0,25.3
CA-2014-146500,AT-10735,2014-08-30,Office Supplies,Storage,3,31.98,0.0,95.94
CA-2015-169537,JH-15820,2015-09-03,Office Supplies,Labels,2,3.75,0.0,7.5
CA-2014-100881,DR-12940,2014-03-28,Technology,Phones,3,100.79,0.2,302.38
CA-2015-144043,AB-10165,2015-05-10,Technology,Accessories,4,11.67,0.2,46.69
CA-2015-116512,MC-18100,2015-04-09,Office Supplies,Storage,3,5.98,0.0,17.94
CA-2015-101000,IG-15085,2015-04-09,Office Supplies,Appliances,3,123.38,0.0,370.14
CA-2016-168557,FH-14275,2016-09-19,Office Supplies,Binders,2,4.46,0.2,8.93
US-2016-164196,AS-10285,2016-11-11,Furniture,Tables,6,446.49,0.0,2678.94
US-2017-132031,PN-18775,2017-04-23,Furniture,Bookcases,4,96.78,0.2,387.14
US-2017-132031,PN-18775,2017-04-23,Technology,Accessories,2,22.7,0.2,45.41
US-2017-132031,PN-18775,2017-04-23,Furniture,Furnishings,3,25.98,0.2,77.95
US-2017-132031,PN-18775,2017-04-23,Office Supplies,Labels,1,3.0,0.2,3.0
CA-2015-169733,GM-14500,2015-10-22,Office Supplies,Storage,1,9.95,0.2,9.95
CA-2017-169404,NC-18625,2017-04-09,Office Supplies,Binders,4,9.47,0.7,37.9
CA-2017-169404,NC-18625,2017-04-09,Office Supplies,Paper,2,32.79,0.2,65.58
CA-2017-134880,TW-21025,2017-10-27,Office Supplies,Paper,1,44.78,0.2,44.78
CA-2015-145758,BF-11020,2015-10-30,Technology,Machines,4,258.95,0.0,1035.8
CA-2017-158736,TT-21460,2017-12-18,Office Supplies,Art,2,2.88,0.0,5.76
US-2016-119270,SW-20245,2016-03-12,Office Supplies,Paper,2,9.99,0.0,19.98
CA-2014-109890,PG-18820,2014-07-21,Technology,Phones,2,17.99,0.0,35.98
CA-2016-138583,DP-13390,2016-05-24,Office Supplies,Art,3,5.55,0.2,16.66
US-2017-118535,DJ-13510,2017-02-11,Office Supplies,Labels,2,10.35,0.0,20.7
CA-2016-126284,EN-13780,2016-09-20,Office Supplies,Binders,5,16.74,0.0,83.7
CA-2017-142391,PB-19150,2017-09-24,Furniture,Furnishings,10,19.98,0.0,199.8
CA-2017-124716,BD-11560,2017-03-27,Office Supplies,Paper,2,22.84,0.0,45.68
CA-2017-124716,BD-11560,2017-03-27,Office Supplies,Paper,2,55.48,0.0,110.96
CA-2017-124716,BD-11560,2017-03-27,Office Supplies,Paper,3,3.98,0.0,11.94
CA-2016-158841,SE-20110,2016-02-02,Technology,Machines,5,1749.99,0.0,8749.95
CA-2016-158841,SE-20110,2016-02-02,Office Supplies,Binders,8,4.55,0.0,36.4
CA-2016-158841,SE-20110,2016-02-02,Furniture,Furnishings,7,2.67,0.0,18.69
CA-2017-106824,AT-10735,2017-07-07,Office Supplies,Fasteners,3,1.98,0.0,5.94
CA-2015-109190,CC-12685,2015-10-23,Office Supplies,Paper,8,7.59,0.2,60.74
CA-2015-109190,CC-12685,2015-10-23,Technology,Copiers,3,159.99,0.2,479.98
CA-2015-109190,CC-12685,2015-10-23,Office Supplies,Binders,1,6.08,0.8,6.08
CA-2016-143154,AS-10225,2016-12-02,Technology,Accessories,3,55.2,0.2,165.6
CA-2014-169061,AB-10150,2014-03-05,Office Supplies,Art,3,19.84,0.0,59.52
CA-2014-169061,AB-10150,2014-03-05,Technology,Accessories,3,159.99,0.0,479.97
CA-2014-169061,AB-10150,2014-03-05,Office Supplies,Supplies,2,9.31,0.0,18.62
CA-2014-169061,AB-10150,2014-03-05,Office Supplies,Binders,6,8.27,0.2,49.63
CA-2014-169061,AB-10150,2014-03-05,Office Supplies,Paper,2,48.91,0.0,97.82
CA-2015-102316,DH-13075,2015-03-01,Technology,Phones,2,7.99,0.2,15.98
CA-2015-102316,DH-13075,2015-03-01,Furniture,Chairs,3,61.58,0.2,184.75
CA-2014-164903,SR-20740,2014-02-20,Office Supplies,Paper,2,6.48,0.0,12.96
CA-2016-109400,NR-18550,2016-05-02,Furniture,Chairs,4,91.69,0.3,366.74
CA-2016-130400,SJ-20125,2016-03-08,Office Supplies,Binders,9,0.98,0.8,8.86
CA-2016-130400,SJ-20125,2016-03-08,Technology,Accessories,5,5.59,0.2,27.96
CA-2016-130400,SJ-20125,2016-03-08,Office Supplies,Envelopes,3,48.78,0.2,146.35
CA-2015-135853,CA-12775,2015-12-11,Technology,Accessories,11,15.93,0.0,175.23
CA-2015-135853,CA-12775,2015-12-11,Technology,Phones,1,125.99,0.0,125.99
CA-2015-135853,CA-12775,2015-12-11,Office Supplies,Binders,2,11.5,0.0,23.0
CA-2016-103359,LC-16885,2016-12-22,Office Supplies,Binders,2,12.79,0.2,25.58
CA-2016-144645,NS-18640,2016-02-02,Furniture,Furnishings,2,36.89,0.6,73.78
CA-2017-141614,NS-18640,2017-06-05,Office Supplies,Paper,4,5.18,0.2,20.74
CA-2015-122168,HG-14965,2015-08-21,Office Supplies,Art,3,5.84,0.0,17.52
CA-2015-122168,HG-14965,2015-08-21,Office Supplies,Art,12,2.98,0.0,35.76
CA-2016-132899,SF-20200,2016-04-07,Office Supplies,Art,2,1.82,0.0,3.64
CA-2017-149720,EM-14065,2017-06-04,Furniture,Furnishings,6,5.06,0.6,30.34
CA-2017-118003,DO-13645,2017-12-04,Furniture,Furnishings,1,12.99,0.0,12.99
CA-2017-118003,DO-13645,2017-12-04,Furniture,Chairs,3,60.74,0.0,182.22
CA-2017-118003,DO-13645,2017-12-04,Furniture,Chairs,3,100.98,0.0,302.94
CA-2016-141887,MP-17470,2016-01-11,Furniture,Furnishings,14,3.93,0.2,54.99
US-2016-160206,MY-18295,2016-04-01,Technology,Phones,1,12.99,0.0,12.99
CA-2017-133074,DB-13615,2017-09-21,Office Supplies,Paper,7,7.98,0.0,55.86
CA-2017-161172,SP-20920,2017-03-16,Technology,Phones,2,22.19,0.4,44.38
CA-2017-161172,SP-20920,2017-03-16,Furniture,Furnishings,6,8.54,0.2,51.26
CA-2017-161172,SP-20920,2017-03-16,Office Supplies,Binders,3,1.73,0.7,5.19
CA-2017-161172,SP-20920,2017-03-16,Technology,Accessories,2,79.99,0.2,159.98
CA-2017-161172,SP-20920,2017-03-16,Office Supplies,Storage,2,27.11,0.2,54.22
CA-2017-137624,ME-17320,2017-11-10,Furniture,Chairs,2,120.71,0.2,241.42
CA-2016-156748,BS-11755,2016-11-30,Office Supplies,Paper,4,8.34,0.0,33.36
CA-2016-156748,BS-11755,2016-11-30,Office Supplies,Paper,2,6.88,0.0,13.76
CA-2016-156748,BS-11755,2016-11-30,Office Supplies,Storage,7,70.98,0.0,496.86
CA-2016-156748,BS-11755,2016-11-30,Furniture,Chairs,3,129.99,0.0,389.97
CA-2015-169677,KS-16300,2015-01-13,Office Supplies,Labels,2,4.91,0.0,9.82
US-2014-163146,CC-12475,2014-05-16,Technology,Accessories,3,18.8,0.0,56.4
CA-2015-157343,HD-14785,2015-06-07,Office Supplies,Binders,4,4.58,0.7,18.31
CA-2015-157343,HD-14785,2015-06-07,Office Supplies,Paper,5,5.18,0.2,25.92
CA-2015-157343,HD-14785,2015-06-07,Office Supplies,Art,3,2.67,0.2,8.02
CA-2017-147354,KB-16315,2017-03-09,Technology,Copiers,2,239.99,0.2,479.98
CA-2017-147354,KB-16315,2017-03-09,Office Supplies,Binders,5,6.17,0.2,30.84
CA-2015-157287,HR-14830,2015-12-22,Office Supplies,Storage,2,16.78,0.2,33.57
CA-2015-157287,HR-14830,2015-12-22,Furniture,Chairs,7,60.38,0.3,422.62
CA-2014-137575,TB-21625,2014-08-06,Technology,Accessories,2,99.99,0.0,199.98
CA-2016-119074,DS-13180,2016-03-27,Furniture,Furnishings,1,20.24,0.0,20.24
CA-2016-119074,DS-13180,2016-03-27,Furniture,Furnishings,4,9.98,0.0,39.92
CA-2016-119074,DS-13180,2016-03-27,Office Supplies,Binders,2,16.27,0.0,32.54
CA-2015-149566,GB-14530,2015-12-05,Technology,Accessories,3,13.0,0.0,39.0
CA-2015-149566,GB-14530,2015-12-05,Office Supplies,Labels,4,3.15,0.0,12.6
CA-2015-126186,GB-14530,2015-09-11,Furniture,Furnishings,4,6.16,0.2,24.64
CA-2015-121132,VB-21745,2015-07-17,Office Supplies,Labels,3,2.09,0.2,6.26
CA-2015-121132,VB-21745,2015-07-17,Office Supplies,Fasteners,4,3.61,0.2,14.43
CA-2014-140473,MC-17425,2014-05-30,Technology,Copiers,3,239.99,0.2,719.98
US-2017-102904,CB-12025,2017-11-13,Technology,Accessories,8,29.99,0.0,239.92
CA-2016-102092,PM-18940,2016-12-09,Furniture,Tables,7,150.98,0.0,1056.86
CA-2015-117884,DC-13285,2015-03-22,Technology,Accessories,7,63.99,0.2,447.94
CA-2015-117884,DC-13285,2015-03-22,Office Supplies,Storage,9,16.71,0.2,150.41
CA-2016-132829,LA-16780,2016-12-23,Technology,Phones,3,151.19,0.2,453.58
CA-2016-132829,LA-16780,2016-12-23,Office Supplies,Labels,9,5.04,0.2,45.36
CA-2016-132829,LA-16780,2016-12-23,Technology,Phones,3,95.96,0.2,287.88
CA-2016-132829,LA-16780,2016-12-23,Technology,Phones,3,43.96,0.2,131.88
CA-2016-132829,LA-16780,2016-12-23,Furniture,Furnishings,2,1.16,0.6,2.33
CA-2016-123540,DJ-13420,2016-04-02,Furniture,Chairs,5,290.98,0.0,1454.9
US-2017-108315,MH-18115,2017-04-30,Office Supplies,Binders,3,1.61,0.7,4.84
US-2017-108315,MH-18115,2017-04-30,Furniture,Furnishings,6,36.78,0.2,220.7
CA-2016-134110,BG-11035,2016-11-17,Technology,Phones,3,22.39,0.2,67.18
CA-2016-134110,BG-11035,2016-11-17,Office Supplies,Paper,4,3.81,0.2,15.23
US-2016-136581,SV-20365,2016-11-10,Office Supplies,Paper,6,5.18,0.2,31.1
CA-2016-162390,DP-13105,2016-12-06,Office Supplies,Binders,7,138.39,0.2,968.74
CA-2016-162390,DP-13105,2016-12-06,Office Supplies,Binders,13,17.1,0.2,222.35
CA-2016-162390,DP-13105,2016-12-06,Technology,Copiers,2,239.99,0.2,479.98
CA-2016-162222,SR-20740,2016-04-03,Office Supplies,Paper,3,3.42,0.2,10.27
CA-2014-121629,BT-11680,2014-11-28,Technology,Machines,5,199.77,0.4,998.85
CA-2015-164623,MS-17770,2015-10-20,Office Supplies,Paper,2,12.28,0.0,24.56
CA-2014-159849,JK-15640,2014-09-19,Office Supplies,Fasteners,3,1.89,0.0,5.67
CA-2017-101273,ST-20530,2017-08-27,Office Supplies,Appliances,4,3.58,0.2,14.34
CA-2017-106747,TS-21505,2017-07-03,Furniture,Furnishings,1,102.3,0.0,102.3
CA-2017-146164,CM-12190,2017-12-22,Furniture,Tables,2,303.76,0.0,607.52
CA-2017-146164,CM-12190,2017-12-22,Office Supplies,Storage,2,15.58,0.0,31.16
CA-2016-111605,JW-15955,2016-12-27,Office Supplies,Labels,1,2.61,0.0,2.61
CA-2014-130673,MC-17590,2014-05-20,Furniture,Furnishings,3,3.44,0.6,10.33
CA-2014-130673,MC-17590,2014-05-20,Office Supplies,Paper,2,5.18,0.2,10.37
CA-2014-130673,MC-17590,2014-05-20,Technology,Accessories,2,10.39,0.2,20.78
CA-2014-130673,MC-17590,2014-05-20,Office Supplies,Storage,5,13.39,0.2,66.96
CA-2014-104808,MH-17440,2014-02-04,Office Supplies,Binders,2,8.62,0.2,17.25
US-2017-132927,RD-19720,2017-12-09,Office Supplies,Binders,7,1.58,0.7,11.09
CA-2017-162015,KB-16240,2017-07-11,Technology,Accessories,5,257.49,0.0,1287.45
CA-2017-162015,KB-16240,2017-07-11,Office Supplies,Appliances,5,33.62,0.0,168.1
CA-2015-138492,FC-14335,2015-05-15,Office Supplies,Storage,2,25.98,0.2,51.97
CA-2017-145338,BD-11770,2017-01-29,Office Supplies,Art,2,2.38,0.2,4.77
CA-2017-126676,FH-14365,2017-09-29,Office Supplies,Envelopes,3,2.66,0.0,7.98
CA-2017-101700,SO-20335,2017-04-23,Office Supplies,Envelopes,2,9.34,0.2,18.69
CA-2017-101700,SO-20335,2017-04-23,Furniture,Furnishings,3,3.89,0.2,11.66
CA-2017-159667,PM-19135,2017-11-09,Technology,Accessories,3,63.99,0.2,191.98
CA-2017-159667,PM-19135,2017-11-09,Technology,Phones,4,124.79,0.2,499.17
CA-2014-111934,GD-14590,2014-05-05,Office Supplies,Binders,2,5.94,0.0,11.88
CA-2014-111934,GD-14590,2014-05-05,Office Supplies,Paper,1,35.44,0.0,35.44
US-2016-117387,PA-19060,2016-10-27,Office Supplies,Binders,4,16.78,0.2,67.14
CA-2014-141110,LS-17200,2014-11-26,Office Supplies,Binders,3,1.44,0.2,4.32
CA-2014-141110,LS-17200,2014-11-26,Office Supplies,Paper,3,4.98,0.0,14.94
CA-2014-141110,LS-17200,2014-11-26,Office Supplies,Appliances,2,20.27,0.0,40.54
CA-2014-141110,LS-17200,2014-11-26,Office Supplies,Binders,1,7.31,0.2,7.31
US-2014-133949,JL-15175,2014-12-31,Technology,Phones,7,67.99,0.2,475.94
US-2016-116365,CA-12310,2016-01-03,Technology,Accessories,2,15.04,0.2,30.08
US-2016-116365,CA-12310,2016-01-03,Technology,Accessories,3,55.2,0.2,165.6
US-2016-116365,CA-12310,2016-01-03,Technology,Phones,5,36.19,0.2,180.96
CA-2017-162936,CM-12160,2017-08-18,Technology,Accessories,2,11.59,0.0,23.18
CA-2014-151946,BT-11440,2014-06-04,Furniture,Furnishings,2,28.48,0.0,56.96
CA-2014-151946,BT-11440,2014-06-04,Office Supplies,Appliances,4,3.89,0.0,15.56
CA-2014-151946,BT-11440,2014-06-04,Furniture,Bookcases,2,176.78,0.2,353.57
CA-2014-151946,BT-11440,2014-06-04,Furniture,Furnishings,2,6.98,0.0,13.96
CA-2017-123624,SE-20110,2017-11-13,Technology,Accessories,5,16.59,0.0,82.95
CA-2016-146437,HG-14965,2016-01-28,Office Supplies,Art,2,19.84,0.0,39.68
CA-2016-138233,PF-19165,2016-11-09,Technology,Accessories,3,159.99,0.0,479.97
CA-2016-165918,BD-11770,2016-09-10,Office Supplies,Labels,2,3.69,0.0,7.38
CA-2016-165918,BD-11770,2016-09-10,Office Supplies,Binders,3,4.75,0.2,14.26
CA-2016-165918,BD-11770,2016-09-10,Office Supplies,Paper,2,40.99,0.0,81.98
CA-2016-165918,BD-11770,2016-09-10,Office Supplies,Binders,3,13.21,0.2,39.62
CA-2017-117513,BT-11395,2017-03-03,Furniture,Tables,7,57.1,0.2,399.67
CA-2017-132437,EM-14095,2017-09-08,Office Supplies,Storage,4,16.28,0.0,65.12
US-2017-119319,LC-17050,2017-11-06,Furniture,Furnishings,5,6.11,0.6,30.56
CA-2017-104318,FH-14275,2017-05-13,Office Supplies,Appliances,2,10.38,0.2,20.77
US-2016-114230,CM-12235,2016-11-27,Office Supplies,Storage,4,9.95,0.2,39.81
CA-2015-136147,FM-14380,2015-11-13,Office Supplies,Binders,6,20.18,0.7,121.1
CA-2015-136147,FM-14380,2015-11-13,Technology,Accessories,5,22.39,0.2,111.96
CA-2015-156118,HG-14965,2015-12-08,Office Supplies,Paper,3,5.23,0.2,15.7
CA-2015-164084,AG-10525,2015-09-07,Office Supplies,Storage,3,23.42,0.0,70.26
CA-2015-164084,AG-10525,2015-09-07,Technology,Accessories,5,18.0,0.0,90.0
CA-2015-164084,AG-10525,2015-09-07,Office Supplies,Binders,2,3.05,0.2,6.1
CA-2015-164084,AG-10525,2015-09-07,Furniture,Tables,2,240.59,0.4,481.18
CA-2015-164084,AG-10525,2015-09-07,Office Supplies,Fasteners,4,1.81,0.0,7.24
CA-2016-107783,OT-18730,2016-07-28,Furniture,Bookcases,5,35.49,0.5,177.45
CA-2016-107783,OT-18730,2016-07-28,Office Supplies,Binders,6,228.29,0.7,1369.76
CA-2016-107783,OT-18730,2016-07-28,Office Supplies,Appliances,3,3.16,0.2,9.48
CA-2017-159793,SV-20365,2017-08-25,Furniture,Bookcases,2,65.49,0.5,130.98
CA-2014-160094,JM-16195,2014-04-30,Office Supplies,Art,5,34.99,0.0,174.95
CA-2014-160094,JM-16195,2014-04-30,Office Supplies,Storage,5,165.2,0.0,826.0
CA-2017-151281,HM-14980,2017-04-27,Furniture,Furnishings,7,19.94,0.0,139.58
CA-2017-118346,PO-19180,2017-07-23,Technology,Accessories,5,79.99,0.0,399.95
CA-2014-129819,KC-16675,2014-12-13,Office Supplies,Binders,3,4.13,0.0,12.39
US-2017-148551,DB-13120,2017-01-12,Office Supplies,Binders,5,152.2,0.8,760.98
CA-2017-147767,SV-20935,2017-12-02,Office Supplies,Binders,6,11.31,0.7,67.86
CA-2015-108259,NS-18640,2015-11-08,Office Supplies,Fasteners,11,2.86,0.2,31.5
CA-2015-108259,NS-18640,2015-11-08,Office Supplies,Labels,1,5.04,0.2,5.04
CA-2015-108259,NS-18640,2015-11-08,Office Supplies,Binders,7,5.7,0.7,39.88
CA-2015-108259,NS-18640,2015-11-08,Furniture,Furnishings,1,4.71,0.2,4.71
CA-2016-113341,MH-17455,2016-11-25,Furniture,Chairs,3,64.78,0.2,194.35
US-2015-131842,RR-19525,2015-12-05,Furniture,Chairs,2,48.71,0.2,97.42
CA-2016-164574,RH-19555,2016-07-29,Office Supplies,Storage,5,140.95,0.2,704.76
CA-2016-164574,RH-19555,2016-07-29,Office Supplies,Binders,3,9.13,0.7,27.4
CA-2014-142769,RP-19390,2014-09-13,Office Supplies,Fasteners,5,1.14,0.0,5.7
CA-2014-142769,RP-19390,2014-09-13,Furniture,Furnishings,3,4.73,0.0,14.19
CA-2014-142769,RP-19390,2014-09-13,Office Supplies,Supplies,2,3.65,0.0,7.3
CA-2014-142769,RP-19390,2014-09-13,Technology,Accessories,2,99.99,0.0,199.98
CA-2014-142769,RP-19390,2014-09-13,Technology,Accessories,4,36.24,0.0,144.96
CA-2014-142769,RP-19390,2014-09-13,Technology,Accessories,2,59.0,0.0,118.0
CA-2014-142769,RP-19390,2014-09-13,Office Supplies,Paper,1,48.94,0.0,48.94
CA-2014-142769,RP-19390,2014-09-13,Office Supplies,Appliances,2,11.33,0.0,22.66
CA-2016-168361,KB-16600,2016-06-21,Office Supplies,Binders,1,0.84,0.8,0.84
CA-2016-153185,MH-17620,2016-09-03,Office Supplies,Paper,6,5.16,0.2,30.96
CA-2017-124765,HZ-14950,2017-11-25,Furniture,Bookcases,5,144.78,0.2,723.92
CA-2015-131856,JG-15160,2015-05-12,Furniture,Furnishings,4,5.49,0.6,21.97
CA-2015-131856,JG-15160,2015-05-12,Technology,Phones,6,103.19,0.2,619.15
CA-2015-131856,JG-15160,2015-05-12,Office Supplies,Paper,7,18.27,0.2,127.9
CA-2017-126634,AB-10165,2017-03-30,Furniture,Furnishings,5,18.84,0.0,94.2
CA-2016-118500,HJ-14875,2016-11-17,Office Supplies,Supplies,5,9.9,0.0,49.5
CA-2016-163951,CJ-11875,2016-12-30,Office Supplies,Art,5,3.3,0.2,16.52
CA-2016-149916,ED-13885,2016-12-22,Office Supplies,Binders,4,13.84,0.2,55.36
CA-2016-149916,ED-13885,2016-12-22,Technology,Machines,1,11.56,0.2,11.56
CA-2015-158918,AI-10855,2015-12-20,Office Supplies,Paper,4,4.28,0.0,17.12
US-2014-159611,KB-16315,2014-12-27,Furniture,Furnishings,3,60.78,0.2,182.35
US-2014-159611,KB-16315,2014-12-27,Office Supplies,Storage,2,59.08,0.2,118.16
CA-2017-163265,JS-16030,2017-02-16,Office Supplies,Fasteners,2,9.18,0.2,18.37
CA-2017-163265,JS-16030,2017-02-16,Furniture,Chairs,3,200.19,0.3,600.56
CA-2017-163265,JS-16030,2017-02-16,Office Supplies,Storage,3,16.78,0.2,50.35
CA-2017-163265,JS-16030,2017-02-16,Office Supplies,Art,6,4.67,0.2,28.03
CA-2017-163265,JS-16030,2017-02-16,Furniture,Furnishings,1,7.69,0.6,7.69
CA-2017-141705,PO-18850,2017-10-24,Furniture,Tables,5,103.48,0.3,517.4
CA-2016-112739,RD-19810,2016-09-02,Office Supplies,Binders,8,1.08,0.8,8.61
CA-2016-112739,RD-19810,2016-09-02,Technology,Accessories,5,31.91,0.2,159.56
CA-2016-143805,JD-15895,2016-12-01,Office Supplies,Appliances,7,300.65,0.0,2104.55
CA-2016-143805,JD-15895,2016-12-01,Office Supplies,Supplies,5,8.14,0.0,40.7
CA-2014-133634,SR-20740,2014-11-05,Technology,Accessories,3,15.93,0.0,47.79
CA-2017-101665,TZ-21580,2017-11-25,Office Supplies,Art,2,2.58,0.0,5.16
CA-2016-155446,TN-21040,2016-12-16,Technology,Accessories,7,3.03,0.0,21.21
CA-2017-137323,PW-19030,2017-11-14,Office Supplies,Storage,6,16.06,0.0,96.36
CA-2016-144015,AH-10075,2016-06-26,Office Supplies,Supplies,2,115.86,0.0,231.72
CA-2016-144015,AH-10075,2016-06-26,Office Supplies,Fasteners,5,3.58,0.0,17.9
CA-2016-144015,AH-10075,2016-06-26,Office Supplies,Paper,2,6.24,0.0,12.48
CA-2014-101427,AY-10555,2014-12-26,Office Supplies,Art,3,2.67,0.2,8.02
CA-2016-136770,SP-20650,2016-08-14,Technology,Phones,2,129.95,0.4,259.9
CA-2016-136770,SP-20650,2016-08-14,Technology,Phones,2,123.59,0.4,247.19
CA-2016-136770,SP-20650,2016-08-14,Technology,Accessories,5,55.99,0.2,279.96
CA-2016-118311,ED-13885,2016-10-24,Technology,Accessories,5,90.0,0.0,450.0
US-2014-112795,CR-12625,2014-08-23,Office Supplies,Paper,3,6.48,0.0,19.44
CA-2017-127096,CS-12400,2017-09-15,Furniture,Tables,1,300.9,0.2,300.9
CA-2017-119284,TS-21205,2017-06-15,Technology,Phones,3,79.99,0.2,239.98
CA-2017-119284,TS-21205,2017-06-15,Furniture,Furnishings,4,7.79,0.2,31.17
CA-2017-119284,TS-21205,2017-06-15,Furniture,Tables,2,60.48,0.4,120.96
CA-2017-119284,TS-21205,2017-06-15,Technology,Phones,8,279.99,0.2,2239.94
CA-2017-119284,TS-21205,2017-06-15,Office Supplies,Appliances,8,9.58,0.2,76.61
CA-2017-119284,TS-21205,2017-06-15,Office Supplies,Storage,1,142.78,0.2,142.78
CA-2017-119284,TS-21205,2017-06-15,Office Supplies,Paper,5,18.27,0.2,91.36
CA-2015-133494,RP-19390,2015-03-01,Office Supplies,Appliances,2,1.78,0.2,3.55
CA-2016-111318,IL-15100,2016-07-23,Technology,Phones,8,14.39,0.2,115.14
US-2014-132745,NF-18475,2014-10-01,Office Supplies,Fasteners,1,4.71,0.0,4.71
CA-2014-146815,PP-18955,2014-09-08,Furniture,Chairs,2,86.38,0.1,172.76
CA-2014-146815,PP-18955,2014-09-08,Office Supplies,Art,2,1.76,0.0,3.52
CA-2014-119144,JD-16150,2014-11-16,Technology,Phones,4,19.99,0.2,79.97
CA-2014-119144,JD-16150,2014-11-16,Furniture,Bookcases,3,101.99,0.15,305.97
CA-2014-119144,JD-16150,2014-11-16,Office Supplies,Storage,3,114.97,0.0,344.91
CA-2014-105648,EJ-14155,2014-03-03,Furniture,Tables,3,208.78,0.2,626.35
US-2015-145422,PW-19240,2015-12-03,Furniture,Bookcases,3,119.83,0.15,359.5
CA-2017-136623,TS-21430,2017-07-11,Technology,Phones,6,11.99,0.2,71.95
CA-2017-136623,TS-21430,2017-07-11,Office Supplies,Binders,5,5.96,0.2,29.8
CA-2017-121678,BM-11650,2017-11-16,Office Supplies,Binders,1,1.82,0.7,1.82
CA-2016-120824,AW-10930,2016-06-12,Office Supplies,Appliances,4,16.1,0.8,64.38
CA-2016-120824,AW-10930,2016-06-12,Furniture,Furnishings,2,3.49,0.6,6.98
CA-2016-120824,AW-10930,2016-06-12,Office Supplies,Art,8,1.41,0.2,11.26
CA-2016-120824,AW-10930,2016-06-12,Office Supplies,Paper,3,5.18,0.2,15.55
CA-2016-120824,AW-10930,2016-06-12,Furniture,Chairs,2,189.69,0.3,379.37
CA-2016-120824,AW-10930,2016-06-12,Office Supplies,Storage,9,7.5,0.2,67.54
CA-2016-120824,AW-10930,2016-06-12,Office Supplies,Binders,2,0.76,0.8,1.52
US-2016-135209,MH-17290,2016-12-29,Office Supplies,Paper,7,5.34,0.2,37.41
US-2016-135209,MH-17290,2016-12-29,Office Supplies,Paper,6,4.22,0.2,25.34
CA-2017-148145,SW-20275,2017-03-18,Office Supplies,Art,4,11.55,0.0,46.2
CA-2015-103870,SP-20860,2015-12-27,Technology,Accessories,3,1.58,0.2,4.73
CA-2015-103870,SP-20860,2015-12-27,Furniture,Furnishings,3,17.78,0.2,53.35
CA-2015-103870,SP-20860,2015-12-27,Furniture,Bookcases,2,65.55,0.2,131.1
CA-2015-103870,SP-20860,2015-12-27,Office Supplies,Storage,3,7.5,0.2,22.51
CA-2015-103870,SP-20860,2015-12-27,Technology,Accessories,7,10.39,0.2,72.74
CA-2015-111017,SC-20695,2015-07-31,Office Supplies,Supplies,3,17.53,0.0,52.59
CA-2017-116988,PW-19030,2017-06-27,Office Supplies,Paper,3,6.48,0.0,19.44
CA-2017-116988,PW-19030,2017-06-27,Furniture,Furnishings,3,42.1,0.0,126.3
CA-2017-116988,PW-19030,2017-06-27,Technology,Accessories,5,257.49,0.0,1287.45
US-2014-169390,CS-12250,2014-02-07,Office Supplies,Storage,4,16.24,0.0,64.96
CA-2016-168774,RP-19855,2016-09-04,Office Supplies,Storage,3,178.47,0.0,535.41
CA-2017-161592,CS-12175,2017-04-06,Office Supplies,Binders,5,1.62,0.7,8.1
US-2017-131961,MJ-17740,2017-12-08,Office Supplies,Art,4,3.31,0.2,13.25
US-2017-131961,MJ-17740,2017-12-08,Technology,Phones,2,41.99,0.4,83.99
CA-2016-102498,JG-15160,2016-07-24,Office Supplies,Art,5,14.64,0.0,73.2
CA-2015-113222,AG-10765,2015-11-09,Office Supplies,Binders,3,3.58,0.0,10.74
US-2015-144771,CK-12205,2015-10-02,Furniture,Furnishings,1,11.03,0.2,11.03
US-2015-144771,CK-12205,2015-10-02,Technology,Accessories,3,17.68,0.2,53.04
CA-2015-162376,HD-14785,2015-11-22,Office Supplies,Art,4,4.28,0.0,17.12
CA-2015-162376,HD-14785,2015-11-22,Office Supplies,Paper,3,19.98,0.0,59.94
CA-2017-128076,BO-11350,2017-02-02,Furniture,Furnishings,2,105.29,0.0,210.58
CA-2017-128076,BO-11350,2017-02-02,Office Supplies,Binders,2,15.48,0.2,30.96
CA-2017-128076,BO-11350,2017-02-02,Technology,Machines,2,119.99,0.2,239.98
US-2015-163825,LC-16885,2015-06-16,Office Supplies,Binders,3,1016.79,0.2,3050.38
US-2015-163825,LC-16885,2015-06-16,Technology,Phones,2,66.99,0.0,133.98
CA-2016-105662,RB-19465,2016-05-05,Office Supplies,Paper,4,23.31,0.2,93.25
CA-2016-105662,RB-19465,2016-05-05,Technology,Phones,3,59.16,0.2,177.48
CA-2017-152198,JD-16015,2017-09-09,Office Supplies,Labels,6,2.95,0.2,17.71
CA-2017-152198,JD-16015,2017-09-09,Office Supplies,Binders,3,1.62,0.7,4.86
CA-2017-152198,JD-16015,2017-09-09,Office Supplies,Binders,2,3.13,0.7,6.26
CA-2016-114307,MF-17665,2016-07-22,Office Supplies,Appliances,2,18.84,0.0,37.68
CA-2016-114307,MF-17665,2016-07-22,Office Supplies,Paper,8,6.48,0.0,51.84
CA-2016-114307,MF-17665,2016-07-22,Furniture,Furnishings,3,9.14,0.0,27.42
CA-2016-114307,MF-17665,2016-07-22,Office Supplies,Binders,3,1.8,0.0,5.4
CA-2016-159891,BF-11170,2016-01-31,Office Supplies,Binders,1,1270.99,0.0,1270.99
CA-2016-159891,BF-11170,2016-01-31,Office Supplies,Envelopes,8,15.67,0.0,125.36
CA-2016-112578,FO-14305,2016-12-29,Office Supplies,Storage,1,14.03,0.0,14.03
CA-2016-112578,FO-14305,2016-12-29,Office Supplies,Supplies,2,13.98,0.0,27.96
CA-2015-107083,BB-11545,2015-11-21,Office Supplies,Art,2,2.67,0.2,5.34
CA-2015-107083,BB-11545,2015-11-21,Office Supplies,Binders,2,0.85,0.8,1.7
CA-2015-107083,BB-11545,2015-11-21,Office Supplies,Appliances,3,8.2,0.8,24.59
CA-2015-107083,BB-11545,2015-11-21,Office Supplies,Binders,5,1.6,0.8,7.98
CA-2015-151722,IL-15100,2015-10-05,Technology,Accessories,4,72.0,0.2,288.0
CA-2016-151148,PO-19180,2016-09-12,Technology,Phones,3,48.98,0.2,146.95
CA-2016-151148,PO-19180,2016-09-12,Furniture,Chairs,4,20.78,0.2,83.14
CA-2017-115882,DB-13555,2017-09-14,Office Supplies,Appliances,4,235.7,0.2,942.78
CA-2017-115882,DB-13555,2017-09-14,Office Supplies,Paper,3,24.78,0.2,74.35
CA-2015-132276,LC-16960,2015-02-23,Office Supplies,Appliances,6,4.48,0.0,26.88
CA-2015-132276,LC-16960,2015-02-23,Office Supplies,Binders,2,5.45,0.2,10.9
CA-2016-163636,MP-18175,2016-12-05,Office Supplies,Art,2,1.77,0.2,3.54
CA-2016-102813,EA-14035,2016-07-02,Furniture,Chairs,5,105.69,0.3,528.43
CA-2016-102813,EA-14035,2016-07-02,Office Supplies,Paper,8,5.18,0.2,41.47
CA-2017-135377,BP-11095,2017-12-13,Furniture,Bookcases,3,95.99,0.2,287.98
CA-2015-165813,BM-11785,2015-03-20,Office Supplies,Storage,3,9.77,0.2,29.3
CA-2015-133585,CM-12715,2015-03-01,Office Supplies,Art,2,27.66,0.2,55.33
CA-2015-133585,CM-12715,2015-03-01,Furniture,Bookcases,6,204.67,0.32,1228.0
CA-2016-116911,JD-16150,2016-09-15,Office Supplies,Binders,4,5.1,0.2,20.42
CA-2016-116911,JD-16150,2016-09-15,Furniture,Tables,3,376.13,0.0,1128.39
US-2017-129224,AS-10630,2017-03-17,Office Supplies,Labels,2,2.3,0.2,4.61
CA-2017-145765,CM-11815,2017-05-28,Technology,Phones,5,39.19,0.2,195.96
CA-2017-145765,CM-11815,2017-05-28,Office Supplies,Paper,3,5.18,0.2,15.55
CA-2017-145765,CM-11815,2017-05-28,Technology,Accessories,4,67.99,0.2,271.97
CA-2017-126914,JE-15715,2017-06-15,Furniture,Chairs,3,232.78,0.2,698.35
CA-2017-126914,JE-15715,2017-06-15,Furniture,Bookcases,2,38.86,0.2,77.73
CA-2015-169572,AG-10525,2015-09-06,Office Supplies,Binders,9,5.18,0.0,46.62
CA-2017-162075,TT-21220,2017-03-18,Technology,Phones,7,76.79,0.2,537.54
CA-2014-162992,BP-11095,2014-12-19,Office Supplies,Labels,2,7.31,0.0,14.62
CA-2014-162992,BP-11095,2014-12-19,Office Supplies,Fasteners,5,4.51,0.0,22.55
CA-2014-162992,BP-11095,2014-12-19,Technology,Phones,5,116.76,0.2,583.8
CA-2014-162992,BP-11095,2014-12-19,Technology,Phones,4,52.79,0.2,211.17
CA-2016-106397,MJ-17740,2016-07-07,Office Supplies,Paper,2,6.48,0.0,12.96
CA-2016-106397,MJ-17740,2016-07-07,Office Supplies,Art,2,22.99,0.0,45.98
US-2016-150140,VM-21685,2016-04-06,Technology,Phones,5,258.95,0.0,1294.75
CA-2014-116666,KT-16480,2014-05-08,Technology,Copiers,5,359.99,0.4,1799.97
CA-2017-148992,CS-12250,2017-11-23,Office Supplies,Paper,2,5.34,0.2,10.69
CA-2016-140935,AB-10015,2016-11-10,Technology,Phones,2,110.99,0.0,221.98
CA-2016-140935,AB-10015,2016-11-10,Furniture,Bookcases,2,170.98,0.0,341.96
CA-2014-157644,AH-10030,2014-12-31,Technology,Accessories,3,11.59,0.0,34.77
CA-2014-157644,AH-10030,2014-12-31,Office Supplies,Labels,3,6.3,0.0,18.9
US-2017-100398,DO-13435,2017-08-19,Office Supplies,Binders,3,34.24,0.2,102.72
CA-2016-113082,MC-17590,2016-09-12,Furniture,Furnishings,2,20.24,0.0,40.48
US-2017-110646,JF-15190,2017-10-26,Office Supplies,Binders,3,11.09,0.7,33.28
US-2017-110646,JF-15190,2017-10-26,Technology,Phones,5,23.73,0.4,118.65
US-2017-110646,JF-15190,2017-10-26,Office Supplies,Labels,5,2.95,0.2,14.76
CA-2017-120614,SM-20950,2017-05-30,Office Supplies,Paper,4,9.38,0.0,37.52
US-2016-140172,SP-20650,2016-03-08,Office Supplies,Appliances,3,69.05,0.1,207.14
US-2016-140172,SP-20650,2016-03-08,Office Supplies,Art,5,2.78,0.0,13.9
CA-2015-127754,CK-12760,2015-07-26,Furniture,Chairs,3,88.78,0.2,266.35
CA-2015-144274,PW-19240,2015-11-23,Technology,Phones,2,153.99,0.0,307.98
CA-2015-144274,PW-19240,2015-11-23,Office Supplies,Paper,6,7.35,0.0,44.1
CA-2015-144274,PW-19240,2015-11-23,Office Supplies,Art,4,3.28,0.0,13.12
CA-2015-144274,PW-19240,2015-11-23,Office Supplies,Envelopes,2,8.28,0.0,16.56
CA-2015-144274,PW-19240,2015-11-23,Office Supplies,Paper,6,6.48,0.0,38.88
CA-2015-142930,EB-14170,2015-11-28,Office Supplies,Paper,4,83.88,0.2,335.52
CA-2017-100622,DK-13090,2017-11-03,Technology,Copiers,2,479.99,0.2,959.98
CA-2017-100622,DK-13090,2017-11-03,Office Supplies,Binders,2,2.04,0.7,4.09
CA-2017-100622,DK-13090,2017-11-03,Office Supplies,Art,2,27.99,0.2,55.98
CA-2017-100622,DK-13090,2017-11-03,Office Supplies,Paper,2,5.34,0.2,10.69
CA-2017-117156,TB-21055,2017-03-21,Office Supplies,Envelopes,3,2.95,0.2,8.86
CA-2015-115399,AG-10900,2015-12-19,Office Supplies,Labels,3,2.3,0.2,6.91
US-2014-157847,SC-20020,2014-04-02,Office Supplies,Paper,5,5.34,0.2,26.72
US-2014-157847,SC-20020,2014-04-02,Office Supplies,Paper,7,4.78,0.2,33.49
CA-2015-115168,BB-11545,2015-06-05,Office Supplies,Paper,2,5.28,0.0,10.56
CA-2014-109680,VP-21760,2014-10-06,Office Supplies,Storage,2,193.17,0.0,386.34
CA-2016-167983,RP-19270,2016-08-21,Office Supplies,Binders,10,3.34,0.2,33.44
CA-2015-145324,DH-13675,2015-11-15,Furniture,Furnishings,2,19.98,0.0,39.96
CA-2015-153423,SW-20455,2015-06-22,Office Supplies,Binders,2,608.78,0.2,1217.57
US-2017-132675,KF-16285,2017-09-24,Office Supplies,Storage,1,15.51,0.0,15.51
US-2017-132675,KF-16285,2017-09-24,Technology,Phones,2,44.95,0.0,89.9
US-2017-132675,KF-16285,2017-09-24,Office Supplies,Art,4,3.57,0.0,14.28
US-2017-132675,KF-16285,2017-09-24,Office Supplies,Art,3,4.24,0.0,12.72
US-2017-132675,KF-16285,2017-09-24,Office Supplies,Labels,5,3.15,0.0,15.75
CA-2014-153808,FH-14275,2014-04-06,Office Supplies,Art,3,23.65,0.0,70.95
CA-2014-153808,FH-14275,2014-04-06,Office Supplies,Binders,2,32.78,0.2,65.57
CA-2014-153808,FH-14275,2014-04-06,Technology,Accessories,3,99.99,0.0,299.97
US-2016-112396,JR-16210,2016-02-09,Technology,Accessories,3,29.99,0.0,89.97
US-2016-112396,JR-16210,2016-02-09,Technology,Accessories,2,15.93,0.0,31.86
CA-2014-141173,JC-16105,2014-11-18,Office Supplies,Storage,5,13.43,0.0,67.15
CA-2017-156664,BP-11290,2017-12-18,Office Supplies,Binders,3,2.41,0.7,7.24
CA-2017-156664,BP-11290,2017-12-18,Office Supplies,Fasteners,3,1.61,0.2,4.82
CA-2017-156664,BP-11290,2017-12-18,Office Supplies,Paper,5,18.27,0.2,91.36
CA-2017-156664,BP-11290,2017-12-18,Office Supplies,Appliances,2,65.06,0.2,130.11
CA-2015-140718,FA-14230,2015-07-02,Technology,Phones,1,74.24,0.2,74.24
CA-2015-140718,FA-14230,2015-07-02,Furniture,Furnishings,10,15.98,0.2,159.84
CA-2015-140718,FA-14230,2015-07-02,Office Supplies,Binders,2,1.45,0.7,2.89
CA-2015-140718,FA-14230,2015-07-02,Office Supplies,Paper,2,4.7,0.2,9.39
CA-2014-119977,DN-13690,2014-10-08,Office Supplies,Paper,4,30.98,0.0,123.92
US-2015-115343,FO-14305,2015-09-22,Office Supplies,Supplies,5,11.12,0.2,55.6
US-2015-115343,FO-14305,2015-09-22,Technology,Accessories,3,205.99,0.2,617.98
CA-2017-163671,DP-13105,2017-12-24,Office Supplies,Binders,3,7.1,0.2,21.31
CA-2017-135909,JW-15220,2017-10-13,Technology,Accessories,6,34.99,0.0,209.94
CA-2017-135909,JW-15220,2017-10-13,Technology,Phones,2,15.99,0.2,31.98
CA-2017-135909,JW-15220,2017-10-13,Office Supplies,Binders,5,1016.79,0.2,5083.96
US-2017-114356,TT-21460,2017-08-20,Technology,Phones,1,35.96,0.2,35.96
CA-2015-125934,SN-20560,2015-09-11,Office Supplies,Labels,3,10.35,0.0,31.05
CA-2015-125934,SN-20560,2015-09-11,Furniture,Furnishings,4,2.23,0.0,8.92
CA-2015-125934,SN-20560,2015-09-11,Office Supplies,Binders,4,52.4,0.0,209.6
CA-2015-125934,SN-20560,2015-09-11,Office Supplies,Appliances,4,27.76,0.0,111.04
CA-2015-125934,SN-20560,2015-09-11,Office Supplies,Paper,6,6.48,0.0,38.88
CA-2015-158148,JM-15865,2015-12-20,Office Supplies,Appliances,3,12.09,0.0,36.27
CA-2014-120411,SB-20185,2014-09-20,Furniture,Bookcases,5,98.69,0.3,493.43
CA-2014-120411,SB-20185,2014-09-20,Technology,Phones,2,5.56,0.2,11.12
CA-2016-158260,CC-12475,2016-11-04,Technology,Machines,2,343.2,0.2,686.4
CA-2017-101805,SH-19975,2017-12-01,Office Supplies,Binders,5,3.18,0.2,15.92
CA-2017-101805,SH-19975,2017-12-01,Furniture,Furnishings,12,5.89,0.0,70.68
CA-2017-101805,SH-19975,2017-12-01,Office Supplies,Storage,4,135.31,0.0,541.24
US-2014-105137,RB-19435,2014-10-10,Technology,Machines,2,51.0,0.7,101.99
US-2014-105137,RB-19435,2014-10-10,Office Supplies,Binders,2,9.13,0.7,18.26
CA-2017-142489,TC-21295,2017-11-14,Office Supplies,Binders,5,4.4,0.8,21.99
US-2016-141264,CT-11995,2016-08-13,Office Supplies,Supplies,2,92.69,0.2,185.38
US-2016-141264,CT-11995,2016-08-13,Office Supplies,Appliances,1,58.92,0.8,58.92
CA-2017-126928,GZ-14470,2017-09-17,Technology,Machines,4,120.0,0.0,480.0
CA-2017-126928,GZ-14470,2017-09-17,Office Supplies,Storage,3,11.35,0.0,34.05
US-2015-107944,AM-10360,2015-03-23,Office Supplies,Paper,11,17.52,0.0,192.72
US-2015-107944,AM-10360,2015-03-23,Technology,Accessories,3,79.99,0.0,239.97
CA-2016-135594,AH-10120,2016-06-30,Technology,Accessories,7,7.16,0.2,50.12
US-2017-115252,MY-18295,2017-10-20,Technology,Phones,2,7.99,0.2,15.98
US-2017-115252,MY-18295,2017-10-20,Office Supplies,Paper,3,4.78,0.2,14.35
CA-2014-107398,BS-11590,2014-08-25,Office Supplies,Binders,4,1.63,0.7,6.53
CA-2014-107398,BS-11590,2014-08-25,Office Supplies,Binders,3,0.95,0.7,2.86
CA-2014-107398,BS-11590,2014-08-25,Office Supplies,Binders,8,2.61,0.7,20.86
CA-2014-169642,BB-10990,2014-07-27,Office Supplies,Storage,2,138.14,0.0,276.28
CA-2017-103968,ML-17755,2017-12-01,Furniture,Furnishings,9,69.96,0.0,629.64
CA-2016-147256,FC-14245,2016-10-17,Technology,Phones,3,149.99,0.0,449.97
CA-2016-147256,FC-14245,2016-10-17,Office Supplies,Appliances,7,275.37,0.0,1927.59
CA-2016-162159,CR-12625,2016-09-16,Furniture,Chairs,2,60.89,0.0,121.78
CA-2015-111038,LC-16960,2015-12-01,Furniture,Chairs,9,297.41,0.2,2676.67
CA-2014-124723,GZ-14470,2014-08-05,Furniture,Tables,2,244.62,0.3,489.23
CA-2016-167241,BD-11320,2016-08-15,Furniture,Furnishings,3,104.01,0.0,312.03
CA-2016-167241,BD-11320,2016-08-15,Office Supplies,Storage,3,5.98,0.0,17.94
CA-2016-167241,BD-11320,2016-08-15,Technology,Phones,3,55.2,0.2,165.6
CA-2016-167241,BD-11320,2016-08-15,Office Supplies,Paper,4,9.38,0.0,37.52
CA-2015-163237,EM-14095,2015-08-07,Technology,Phones,3,164.99,0.0,494.97
CA-2015-163237,EM-14095,2015-08-07,Office Supplies,Labels,2,12.53,0.0,25.06
CA-2016-150483,BP-11290,2016-05-31,Furniture,Furnishings,3,10.69,0.6,32.06
CA-2016-150483,BP-11290,2016-05-31,Office Supplies,Paper,4,4.62,0.2,18.5
CA-2016-150483,BP-11290,2016-05-31,Furniture,Chairs,3,63.69,0.3,191.08
CA-2016-150483,BP-11290,2016-05-31,Office Supplies,Paper,2,5.18,0.2,10.37
US-2016-126431,SU-20665,2016-07-01,Office Supplies,Labels,1,30.53,0.0,30.53
US-2016-126431,SU-20665,2016-07-01,Technology,Accessories,3,10.28,0.0,30.84
US-2016-126431,SU-20665,2016-07-01,Office Supplies,Paper,9,8.34,0.0,75.06
CA-2016-139934,AY-10555,2016-12-18,Technology,Phones,7,9.57,0.2,66.98
CA-2015-109603,EM-13825,2015-01-26,Office Supplies,Paper,8,22.84,0.0,182.72
CA-2017-160661,SA-20830,2017-10-28,Office Supplies,Labels,3,7.31,0.0,21.93
CA-2017-102610,CA-12265,2017-11-04,Technology,Accessories,3,31.99,0.2,95.98
CA-2017-102610,CA-12265,2017-11-04,Technology,Phones,9,15.99,0.2,143.93
CA-2017-102610,CA-12265,2017-11-04,Office Supplies,Binders,2,1.78,0.7,3.56
CA-2017-102610,CA-12265,2017-11-04,Office Supplies,Labels,2,2.46,0.2,4.93
US-2016-144057,CV-12805,2016-05-09,Office Supplies,Storage,6,142.78,0.2,856.66
US-2016-144057,CV-12805,2016-05-09,Office Supplies,Binders,4,3.3,0.8,13.18
US-2016-144057,CV-12805,2016-05-09,Office Supplies,Appliances,4,12.2,0.8,48.78
US-2016-144057,CV-12805,2016-05-09,Office Supplies,Paper,2,38.32,0.2,76.64
US-2016-144057,CV-12805,2016-05-09,Office Supplies,Binders,6,3.09,0.8,18.53
CA-2014-160276,AH-10690,2014-04-02,Furniture,Furnishings,2,88.84,0.0,177.68
CA-2014-132983,DS-13180,2014-04-28,Technology,Accessories,2,79.99,0.0,159.98
CA-2016-145709,AH-10690,2016-10-04,Technology,Phones,3,17.56,0.2,52.68
CA-2016-145709,AH-10690,2016-10-04,Furniture,Furnishings,3,3.86,0.2,11.57
CA-2017-133928,ZC-21910,2017-06-11,Office Supplies,Binders,4,1.14,0.7,4.57
CA-2016-168032,DF-13135,2016-01-30,Technology,Phones,4,359.99,0.2,1439.97
CA-2016-168032,DF-13135,2016-01-30,Office Supplies,Binders,3,0.58,0.8,1.73
CA-2016-168032,DF-13135,2016-01-30,Furniture,Tables,3,208.7,0.5,626.1
CA-2015-143616,SS-20140,2015-09-27,Office Supplies,Art,5,19.84,0.0,99.2
US-2015-168704,FP-14320,2015-04-13,Furniture,Tables,4,152.5,0.3,609.98
US-2015-168704,FP-14320,2015-04-13,Furniture,Tables,2,105.69,0.3,211.37
US-2015-168704,FP-14320,2015-04-13,Technology,Phones,3,79.99,0.2,239.98
CA-2017-143252,HE-14800,2017-12-18,Furniture,Furnishings,5,19.99,0.0,99.95
CA-2017-143252,HE-14800,2017-12-18,Technology,Accessories,3,9.78,0.0,29.34
CA-2016-102134,SP-20545,2016-03-14,Furniture,Furnishings,2,8.37,0.0,16.74
CA-2017-130036,BP-11185,2017-08-27,Office Supplies,Paper,3,4.22,0.2,12.67
CA-2017-130036,BP-11185,2017-08-27,Technology,Accessories,14,79.99,0.2,1119.89
CA-2015-134117,PG-18895,2015-12-17,Office Supplies,Art,5,40.97,0.0,204.85
CA-2015-134117,PG-18895,2015-12-17,Technology,Phones,2,67.99,0.2,135.98
CA-2015-134117,PG-18895,2015-12-17,Office Supplies,Art,5,3.28,0.0,16.4
CA-2015-134117,PG-18895,2015-12-17,Office Supplies,Binders,2,46.48,0.2,92.96
CA-2014-130918,JP-15520,2014-08-22,Office Supplies,Supplies,3,2.54,0.2,7.63
CA-2016-159023,NW-18400,2016-11-03,Office Supplies,Binders,7,0.59,0.7,4.16
CA-2016-159023,NW-18400,2016-11-03,Technology,Machines,3,60.0,0.7,179.99
CA-2017-111717,SW-20245,2017-10-10,Furniture,Chairs,3,79.79,0.3,239.36
CA-2014-154592,EH-14005,2014-12-07,Office Supplies,Paper,3,54.96,0.0,164.88
CA-2014-128622,SC-20260,2014-11-15,Office Supplies,Supplies,3,3.65,0.0,10.95
CA-2017-148355,NC-18535,2017-12-24,Office Supplies,Paper,3,6.48,0.0,19.44
CA-2017-148355,NC-18535,2017-12-24,Office Supplies,Binders,5,2.46,0.0,12.3
CA-2014-132913,AS-10090,2014-12-24,Office Supplies,Appliances,1,13.97,0.0,13.97
CA-2017-150910,JL-15130,2017-12-22,Furniture,Tables,6,155.83,0.4,934.96
CA-2017-150910,JL-15130,2017-12-22,Technology,Accessories,2,23.43,0.2,46.86
CA-2017-150910,JL-15130,2017-12-22,Office Supplies,Storage,3,8.72,0.2,26.16
CA-2017-150910,JL-15130,2017-12-22,Office Supplies,Art,7,3.3,0.2,23.13
CA-2017-150910,JL-15130,2017-12-22,Office Supplies,Appliances,5,11.85,0.2,59.24
CA-2014-156790,VG-21790,2014-08-08,Furniture,Bookcases,4,38.86,0.2,155.46
CA-2014-126480,HG-14965,2014-09-20,Office Supplies,Paper,2,4.28,0.0,8.56
CA-2017-105620,JH-15430,2017-12-25,Furniture,Furnishings,3,7.0,0.2,21.0
CA-2017-105620,JH-15430,2017-12-25,Technology,Machines,2,60.0,0.5,120.0
CA-2017-150266,RO-19780,2017-11-25,Technology,Phones,5,59.99,0.2,299.96
CA-2017-150266,RO-19780,2017-11-25,Office Supplies,Appliances,5,13.57,0.8,67.84
CA-2017-150266,RO-19780,2017-11-25,Furniture,Chairs,5,170.79,0.3,853.93
CA-2017-150266,RO-19780,2017-11-25,Office Supplies,Art,4,4.67,0.2,18.69
CA-2016-157280,LW-17125,2016-11-05,Furniture,Furnishings,2,136.98,0.0,273.96
CA-2016-157280,LW-17125,2016-11-05,Technology,Accessories,3,29.99,0.0,89.97
CA-2016-157280,LW-17125,2016-11-05,Furniture,Furnishings,5,151.36,0.0,756.8
CA-2017-106691,CC-12370,2017-11-06,Office Supplies,Binders,2,0.62,0.8,1.25
CA-2016-134180,JP-16135,2016-11-03,Technology,Accessories,1,72.0,0.2,72.0
CA-2016-134180,JP-16135,2016-11-03,Furniture,Chairs,7,67.16,0.3,470.16
CA-2014-166730,DD-13570,2014-12-30,Office Supplies,Storage,1,39.13,0.2,39.13
CA-2017-157469,ES-14080,2017-12-02,Office Supplies,Art,9,2.19,0.2,19.73
CA-2017-157469,ES-14080,2017-12-02,Technology,Phones,2,75.59,0.4,151.19
CA-2017-122308,MV-17485,2017-03-24,Furniture,Chairs,2,135.88,0.1,271.76
US-2014-149034,RD-19900,2014-11-19,Technology,Accessories,1,47.5,0.2,47.5
CA-2017-159226,RL-19615,2017-04-25,Furniture,Bookcases,7,49.28,0.15,344.98
CA-2017-156622,JP-15460,2017-11-23,Office Supplies,Paper,7,5.18,0.2,36.29
CA-2017-156622,JP-15460,2017-11-23,Office Supplies,Paper,2,39.15,0.2,78.3
CA-2017-156622,JP-15460,2017-11-23,Furniture,Tables,1,127.78,0.3,127.78
CA-2017-156622,JP-15460,2017-11-23,Office Supplies,Binders,2,3.05,0.8,6.1
CA-2014-119529,DM-13345,2014-11-03,Office Supplies,Binders,2,2.88,0.0,5.76
CA-2015-150413,CS-11860,2015-10-19,Office Supplies,Binders,1,1.72,0.8,1.72
CA-2014-108182,DL-13315,2014-02-06,Office Supplies,Binders,2,4.48,0.8,8.95
CA-2016-110898,LC-16870,2016-03-06,Office Supplies,Appliances,3,0.78,0.8,2.33
CA-2016-110898,LC-16870,2016-03-06,Office Supplies,Binders,4,0.43,0.8,1.73
CA-2016-110898,LC-16870,2016-03-06,Furniture,Furnishings,5,31.81,0.6,159.04
CA-2016-110898,LC-16870,2016-03-06,Furniture,Tables,2,72.99,0.5,145.98
CA-2015-123092,JG-15115,2015-12-03,Furniture,Furnishings,3,25.98,0.2,77.95
CA-2015-123092,JG-15115,2015-12-03,Office Supplies,Binders,5,19.19,0.7,95.97
CA-2015-123092,JG-15115,2015-12-03,Technology,Phones,2,52.79,0.2,105.58
CA-2015-123092,JG-15115,2015-12-03,Office Supplies,Art,2,4.67,0.2,9.34
US-2015-128587,HM-14860,2015-12-24,Furniture,Furnishings,2,4.84,0.0,9.68
US-2015-128587,HM-14860,2015-12-24,Technology,Copiers,7,699.99,0.0,4899.93
US-2017-139577,TN-21040,2017-10-01,Technology,Accessories,5,20.95,0.0,104.75
CA-2017-159100,VP-21760,2017-10-16,Technology,Accessories,2,9.26,0.2,18.53
CA-2017-159100,VP-21760,2017-10-16,Furniture,Tables,7,267.89,0.4,1875.26
CA-2014-109043,CS-12355,2014-08-15,Office Supplies,Paper,5,18.27,0.2,91.36
CA-2014-109043,CS-12355,2014-08-15,Office Supplies,Appliances,5,30.45,0.2,152.24
US-2017-116491,PG-18820,2017-11-11,Technology,Phones,2,17.59,0.2,35.18
CA-2017-122763,HG-14845,2017-03-20,Office Supplies,Paper,2,28.35,0.2,56.7
CA-2017-122763,HG-14845,2017-03-20,Office Supplies,Paper,7,39.15,0.2,274.06
CA-2017-137785,MH-18115,2017-05-13,Furniture,Chairs,5,91.69,0.3,458.43
CA-2014-133389,TB-21280,2014-06-22,Office Supplies,Binders,3,2.74,0.7,8.23
CA-2014-103807,EM-13825,2014-12-02,Technology,Accessories,1,5.95,0.0,5.95
CA-2014-103807,EM-13825,2014-12-02,Office Supplies,Paper,3,5.08,0.0,15.24
CA-2015-102855,JF-15415,2015-04-05,Technology,Accessories,6,39.99,0.0,239.94
CA-2015-102855,JF-15415,2015-04-05,Office Supplies,Art,8,2.98,0.0,23.84
CA-2017-107825,NB-18655,2017-11-18,Office Supplies,Storage,6,15.42,0.0,92.52
CA-2017-107825,NB-18655,2017-11-18,Office Supplies,Storage,1,37.76,0.0,37.76
CA-2017-107825,NB-18655,2017-11-18,Office Supplies,Labels,2,3.69,0.0,7.38
CA-2017-107825,NB-18655,2017-11-18,Furniture,Furnishings,2,2.91,0.0,5.82
CA-2017-106047,CS-11860,2017-07-12,Office Supplies,Paper,1,3.82,0.2,3.82
CA-2017-127803,ND-18460,2017-05-19,Office Supplies,Binders,4,6.54,0.0,26.16
CA-2015-137071,ED-13885,2015-12-20,Technology,Accessories,2,50.4,0.2,100.8
CA-2016-121447,EA-14035,2016-02-21,Furniture,Furnishings,7,19.4,0.0,135.8
CA-2017-143084,BP-11050,2017-03-18,Office Supplies,Art,5,2.78,0.0,13.9
CA-2017-143084,BP-11050,2017-03-18,Office Supplies,Envelopes,5,3.88,0.0,19.4
CA-2016-131639,NS-18640,2016-12-17,Office Supplies,Binders,2,6.74,0.2,13.49
CA-2016-131639,NS-18640,2016-12-17,Office Supplies,Binders,1,11.42,0.2,11.42
CA-2016-161361,MV-17485,2016-03-26,Office Supplies,Paper,3,5.88,0.0,17.64
CA-2016-161361,MV-17485,2016-03-26,Office Supplies,Binders,3,5.68,0.2,17.04
CA-2014-100706,LE-16810,2014-12-16,Technology,Accessories,2,49.99,0.0,99.98
CA-2014-100706,LE-16810,2014-12-16,Furniture,Furnishings,6,4.91,0.0,29.46
CA-2015-129525,VP-21760,2015-11-15,Office Supplies,Binders,13,12.84,0.7,166.92
US-2016-141880,TC-21475,2016-08-22,Furniture,Furnishings,3,32.78,0.2,98.33
CA-2015-165799,SG-20470,2015-06-29,Furniture,Chairs,1,117.88,0.1,117.88
CA-2016-102127,VP-21760,2016-06-26,Technology,Accessories,3,6.99,0.0,20.97
CA-2016-102127,VP-21760,2016-06-26,Technology,Accessories,4,34.99,0.0,139.96
CA-2016-102127,VP-21760,2016-06-26,Furniture,Furnishings,3,12.58,0.0,37.74
US-2016-152415,PO-18865,2016-09-17,Furniture,Furnishings,3,4.94,0.0,14.82
US-2016-152415,PO-18865,2016-09-17,Furniture,Furnishings,3,63.94,0.0,191.82
CA-2014-138198,JL-15130,2014-07-18,Office Supplies,Binders,2,6.95,0.2,13.9
CA-2017-128041,RW-19540,2017-09-01,Office Supplies,Appliances,4,78.65,0.0,314.6
CA-2017-128041,RW-19540,2017-09-01,Furniture,Tables,4,70.89,0.0,283.56
CA-2017-105823,RB-19465,2017-06-22,Furniture,Chairs,2,243.98,0.0,487.96
CA-2014-152268,SC-20095,2014-09-02,Office Supplies,Binders,2,896.99,0.0,1793.98
CA-2015-148873,EM-13960,2015-10-01,Office Supplies,Binders,4,0.75,0.8,2.99
CA-2015-148873,EM-13960,2015-10-01,Technology,Accessories,4,27.19,0.2,108.77
CA-2015-166492,RP-19390,2015-04-07,Office Supplies,Paper,4,6.48,0.0,25.92
CA-2015-166492,RP-19390,2015-04-07,Office Supplies,Storage,2,11.29,0.0,22.58
CA-2017-157420,HZ-14950,2017-11-21,Technology,Phones,3,18.39,0.2,55.18
CA-2016-117121,AB-10105,2016-12-17,Office Supplies,Binders,13,760.98,0.0,9892.74
CA-2014-138177,ND-18460,2014-09-19,Furniture,Tables,1,73.92,0.5,73.92
CA-2014-114335,XP-21865,2014-09-28,Furniture,Furnishings,4,84.27,0.2,337.09
CA-2015-168760,MM-18280,2015-09-22,Office Supplies,Appliances,3,20.48,0.0,61.44
CA-2016-168830,ML-17395,2016-11-07,Technology,Accessories,3,159.99,0.0,479.97
CA-2017-137463,KM-16225,2017-12-16,Office Supplies,Binders,2,2.99,0.2,5.98
CA-2017-137463,KM-16225,2017-12-16,Technology,Accessories,5,37.99,0.0,189.95
CA-2017-137463,KM-16225,2017-12-16,Technology,Accessories,5,29.99,0.0,149.95
CA-2017-137463,KM-16225,2017-12-16,Office Supplies,Art,5,5.99,0.0,29.95
CA-2017-137463,KM-16225,2017-12-16,Office Supplies,Labels,3,14.8,0.0,44.4
CA-2014-124513,SL-20155,2014-09-21,Office Supplies,Art,3,22.01,0.0,66.03
CA-2015-165554,AJ-10780,2015-05-18,Office Supplies,Paper,2,5.43,0.0,10.86
CA-2014-141838,DK-12835,2014-03-26,Office Supplies,Art,2,1.68,0.0,3.36
CA-2014-141838,DK-12835,2014-03-26,Office Supplies,Binders,4,6.98,0.2,27.94
CA-2014-141838,DK-12835,2014-03-26,Technology,Phones,2,14.39,0.2,28.78
CA-2017-117009,BK-11260,2017-09-22,Office Supplies,Supplies,2,10.98,0.0,21.96
CA-2015-128993,CC-12670,2015-09-12,Technology,Accessories,2,10.99,0.0,21.98
CA-2015-160227,ED-13885,2015-11-02,Furniture,Chairs,11,238.3,0.1,2621.32
CA-2015-149097,SV-20785,2015-10-20,Furniture,Furnishings,7,10.68,0.0,74.76
CA-2015-149097,SV-20785,2015-10-20,Furniture,Tables,3,121.59,0.2,364.78
CA-2016-132304,AR-10825,2016-06-14,Furniture,Tables,7,159.31,0.0,1115.17
CA-2015-136420,CS-12250,2015-11-20,Office Supplies,Binders,4,22.42,0.2,89.7
CA-2015-136420,CS-12250,2015-11-20,Office Supplies,Labels,4,12.53,0.0,50.12
CA-2016-101623,RR-19525,2016-02-28,Office Supplies,Fasteners,6,6.08,0.0,36.48
US-2014-151015,BD-11500,2014-10-14,Office Supplies,Paper,13,24.78,0.2,322.19
US-2014-151015,BD-11500,2014-10-14,Office Supplies,Binders,3,0.98,0.8,2.95
US-2014-151015,BD-11500,2014-10-14,Office Supplies,Paper,4,4.78,0.2,19.14
CA-2017-152968,BM-11785,2017-05-26,Technology,Accessories,2,11.54,0.0,23.08
CA-2016-150077,MS-17365,2016-02-04,Technology,Phones,2,45.24,0.0,90.48
CA-2016-106278,BM-11140,2016-09-02,Furniture,Chairs,3,71.99,0.2,215.98
CA-2016-106278,BM-11140,2016-09-02,Office Supplies,Envelopes,3,21.98,0.0,65.94
CA-2017-147550,KE-16420,2017-12-04,Furniture,Furnishings,3,3.78,0.2,11.35
CA-2015-136105,SZ-20035,2015-06-12,Office Supplies,Storage,2,12.28,0.0,24.56
CA-2016-142524,MB-18085,2016-09-04,Office Supplies,Envelopes,2,8.28,0.0,16.56
CA-2016-142524,MB-18085,2016-09-04,Technology,Accessories,5,55.99,0.0,279.95
CA-2014-136336,DB-13555,2014-04-21,Office Supplies,Storage,6,138.14,0.0,828.84
US-2015-136259,CB-12415,2015-11-05,Office Supplies,Binders,3,2.41,0.7,7.22
US-2015-136259,CB-12415,2015-11-05,Office Supplies,Supplies,4,6.8,0.2,27.2
US-2014-124625,SP-20650,2014-11-03,Technology,Accessories,3,29.99,0.0,89.97
CA-2016-108105,GW-14605,2016-02-16,Furniture,Furnishings,4,79.52,0.0,318.08
CA-2016-108105,GW-14605,2016-02-16,Office Supplies,Binders,1,5.8,0.0,5.8
CA-2017-166898,KH-16630,2017-09-11,Technology,Phones,6,23.99,0.2,143.95
CA-2017-166898,KH-16630,2017-09-11,Office Supplies,Paper,3,6.48,0.0,19.44
CA-2017-169005,BG-11035,2017-11-02,Office Supplies,Art,2,2.78,0.0,5.56
CA-2015-104038,LO-17170,2015-02-06,Office Supplies,Storage,3,48.91,0.0,146.73
CA-2015-104038,LO-17170,2015-02-06,Office Supplies,Paper,5,5.98,0.0,29.9
CA-2016-126102,DV-13465,2016-09-10,Office Supplies,Binders,2,138.39,0.2,276.78
CA-2016-143406,LR-17035,2016-09-26,Office Supplies,Appliances,2,46.52,0.8,93.03
CA-2016-143406,LR-17035,2016-09-26,Furniture,Chairs,5,90.99,0.3,454.96
CA-2015-150308,RR-19525,2015-12-15,Technology,Phones,3,82.06,0.2,246.17
CA-2016-131093,TS-21610,2016-09-17,Office Supplies,Storage,5,59.08,0.2,295.4
US-2017-148831,AH-10210,2017-10-13,Office Supplies,Storage,8,43.57,0.0,348.56
CA-2015-162950,DW-13585,2015-06-28,Office Supplies,Paper,3,5.18,0.2,15.55
CA-2015-162950,DW-13585,2015-06-28,Furniture,Bookcases,6,80.49,0.5,482.94
US-2015-132836,AJ-10945,2015-06-01,Technology,Phones,2,149.99,0.0,299.98
US-2015-132836,AJ-10945,2015-06-01,Office Supplies,Binders,6,67.28,0.0,403.68
US-2015-132836,AJ-10945,2015-06-01,Technology,Phones,2,20.95,0.0,41.9
US-2015-132836,AJ-10945,2015-06-01,Office Supplies,Labels,7,4.13,0.0,28.91
US-2014-158365,SV-20785,2014-04-12,Office Supplies,Paper,5,6.48,0.0,32.4
CA-2017-152933,MG-17650,2017-10-12,Technology,Phones,7,52.79,0.2,369.54
CA-2017-152933,MG-17650,2017-10-12,Office Supplies,Paper,2,5.18,0.2,10.37
CA-2017-152933,MG-17650,2017-10-12,Technology,Accessories,3,263.96,0.2,791.88
CA-2015-163181,AB-10105,2015-11-07,Office Supplies,Art,3,7.88,0.2,23.64
CA-2015-163181,AB-10105,2015-11-07,Office Supplies,Storage,2,42.39,0.2,84.78
CA-2015-163181,AB-10105,2015-11-07,Furniture,Furnishings,5,12.99,0.6,64.96
CA-2015-163181,AB-10105,2015-11-07,Office Supplies,Binders,10,3.21,0.8,32.06
CA-2015-163181,AB-10105,2015-11-07,Office Supplies,Storage,2,88.82,0.2,177.65
CA-2015-163181,AB-10105,2015-11-07,Technology,Machines,3,95.97,0.4,287.91
CA-2015-132941,MM-18280,2015-05-25,Office Supplies,Supplies,2,11.18,0.2,22.37
CA-2015-132941,MM-18280,2015-05-25,Office Supplies,Paper,7,4.62,0.2,32.37
CA-2015-132941,MM-18280,2015-05-25,Technology,Accessories,2,103.99,0.2,207.98
CA-2014-132010,MA-17995,2014-10-13,Office Supplies,Envelopes,5,7.28,0.0,36.4
CA-2014-132010,MA-17995,2014-10-13,Technology,Accessories,2,11.48,0.0,22.96
CA-2014-132010,MA-17995,2014-10-13,Office Supplies,Storage,4,78.8,0.0,315.2
CA-2014-132010,MA-17995,2014-10-13,Office Supplies,Binders,3,5.06,0.0,15.18
CA-2016-135461,EB-13975,2016-02-07,Technology,Phones,5,124.79,0.2,623.96
CA-2017-153045,NS-18505,2017-01-19,Technology,Phones,2,214.8,0.4,429.6
CA-2017-153045,NS-18505,2017-01-19,Furniture,Furnishings,2,15.98,0.2,31.97
CA-2017-153045,NS-18505,2017-01-19,Furniture,Chairs,3,295.76,0.3,887.27
CA-2017-153045,NS-18505,2017-01-19,Office Supplies,Paper,4,5.42,0.2,21.7
US-2016-155971,RB-19795,2016-06-06,Office Supplies,Labels,7,3.15,0.0,22.05
US-2016-155971,RB-19795,2016-06-06,Office Supplies,Paper,5,19.98,0.0,99.9
CA-2017-122007,JK-15325,2017-03-18,Office Supplies,Appliances,7,12.98,0.0,90.86
CA-2017-162250,PR-18880,2017-11-24,Office Supplies,Paper,1,7.78,0.0,7.78
US-2016-158288,EH-13945,2016-11-26,Office Supplies,Binders,9,8.75,0.7,78.76
CA-2016-128916,MA-17560,2016-08-18,Furniture,Furnishings,3,3.18,0.6,9.55
CA-2016-128916,MA-17560,2016-08-18,Furniture,Furnishings,4,1.34,0.6,5.34
CA-2015-157028,MA-17995,2015-11-28,Office Supplies,Art,2,4.14,0.0,8.28
CA-2017-112473,JL-15505,2017-05-25,Office Supplies,Storage,3,16.71,0.2,50.14
US-2017-147655,AS-10045,2017-09-04,Office Supplies,Binders,7,12.58,0.7,88.07
CA-2016-130911,DC-12850,2016-03-24,Furniture,Bookcases,3,100.49,0.5,301.47
CA-2016-130911,DC-12850,2016-03-24,Office Supplies,Art,2,9.33,0.2,18.66
CA-2017-100055,MD-17860,2017-05-28,Furniture,Furnishings,2,13.73,0.0,27.46
CA-2017-100055,MD-17860,2017-05-28,Office Supplies,Appliances,3,41.71,0.0,125.13
CA-2015-157805,RH-19510,2015-08-31,Technology,Phones,5,111.19,0.2,555.96
CA-2016-124254,TB-21175,2016-04-12,Office Supplies,Storage,3,43.18,0.2,129.55
CA-2016-124254,TB-21175,2016-04-12,Office Supplies,Storage,1,51.98,0.2,51.98
CA-2016-124254,TB-21175,2016-04-12,Office Supplies,Paper,3,3.42,0.2,10.27
CA-2014-123400,EB-13930,2014-02-02,Office Supplies,Binders,2,9.17,0.7,18.34
CA-2014-123400,EB-13930,2014-02-02,Technology,Phones,5,36.19,0.2,180.96
CA-2014-106971,BM-11785,2014-09-02,Technology,Accessories,7,67.99,0.2,475.94
CA-2017-123029,BT-11530,2017-09-30,Technology,Accessories,2,79.99,0.0,159.98
CA-2016-139409,FW-14395,2016-09-05,Technology,Phones,4,10.9,0.0,43.6
US-2017-166688,RD-19480,2017-05-20,Office Supplies,Binders,2,4.14,0.2,8.29
US-2017-166688,RD-19480,2017-05-20,Technology,Phones,9,124.79,0.2,1123.13
US-2017-166688,RD-19480,2017-05-20,Office Supplies,Appliances,5,12.98,0.0,64.9
CA-2015-126970,TP-21130,2015-09-20,Office Supplies,Binders,3,0.94,0.8,2.81
US-2016-165505,CB-12535,2016-01-23,Technology,Accessories,2,49.99,0.0,99.98
US-2016-165505,CB-12535,2016-01-23,Office Supplies,Art,6,1.34,0.0,8.04
US-2016-165505,CB-12535,2016-01-23,Office Supplies,Storage,13,120.33,0.0,1564.29
US-2014-157070,QJ-19255,2014-06-01,Office Supplies,Binders,4,34.64,0.0,138.56
US-2014-157070,QJ-19255,2014-06-01,Office Supplies,Appliances,5,13.1,0.1,65.52
US-2015-106873,KM-16720,2015-09-24,Office Supplies,Art,2,7.29,0.2,14.58
US-2015-106873,KM-16720,2015-09-24,Technology,Accessories,2,11.6,0.2,23.2
US-2015-106873,KM-16720,2015-09-24,Office Supplies,Art,7,2.35,0.2,16.46
CA-2016-132990,KM-16660,2016-08-01,Furniture,Furnishings,2,9.66,0.2,19.31
CA-2014-102645,IM-15055,2014-01-23,Office Supplies,Paper,6,6.68,0.0,40.08
CA-2014-134215,ML-17395,2014-08-04,Office Supplies,Appliances,2,50.98,0.0,101.96
CA-2014-134215,ML-17395,2014-08-04,Office Supplies,Paper,13,19.98,0.0,259.74
CA-2014-134215,ML-17395,2014-08-04,Technology,Accessories,9,28.38,0.0,255.42
CA-2016-118934,GH-14410,2016-08-09,Office Supplies,Binders,3,1.45,0.7,4.34
CA-2016-118934,GH-14410,2016-08-09,Office Supplies,Binders,5,2.38,0.7,11.88
CA-2016-160108,AG-10900,2016-12-08,Furniture,Bookcases,7,57.98,0.0,405.86
CA-2016-160108,AG-10900,2016-12-08,Furniture,Chairs,3,226.67,0.0,680.01
CA-2015-164007,MG-17695,2015-06-08,Technology,Accessories,3,0.79,0.2,2.38
CA-2015-164007,MG-17695,2015-06-08,Office Supplies,Appliances,2,71.56,0.8,143.13
CA-2016-100300,MJ-17740,2016-06-24,Technology,Machines,4,1119.2,0.2,4476.8
CA-2016-100300,MJ-17740,2016-06-24,Office Supplies,Paper,1,104.85,0.0,104.85
CA-2016-100300,MJ-17740,2016-06-24,Office Supplies,Appliances,3,80.48,0.0,241.44
CA-2016-140571,SJ-20125,2016-03-15,Office Supplies,Paper,14,22.84,0.0,319.76
CA-2016-140571,SJ-20125,2016-03-15,Office Supplies,Paper,2,22.84,0.0,45.68
US-2016-155768,LB-16795,2016-12-01,Furniture,Furnishings,2,15.98,0.0,31.96
US-2016-155768,LB-16795,2016-12-01,Office Supplies,Paper,1,47.9,0.0,47.9
US-2016-155768,LB-16795,2016-12-01,Office Supplies,Storage,3,370.98,0.0,1112.94
US-2016-155768,LB-16795,2016-12-01,Office Supplies,Envelopes,3,7.64,0.0,22.92
CA-2017-119424,SB-20185,2017-06-12,Technology,Phones,3,23.99,0.2,71.98
CA-2017-119424,SB-20185,2017-06-12,Office Supplies,Paper,3,6.48,0.0,19.44
CA-2016-118178,CC-12610,2016-03-19,Office Supplies,Binders,3,10.36,0.7,31.09
CA-2016-166618,DP-13000,2016-11-14,Technology,Phones,2,6.99,0.0,13.98
CA-2016-166618,DP-13000,2016-11-14,Office Supplies,Art,1,23.65,0.0,23.65
CA-2017-156776,JL-15505,2017-08-07,Technology,Phones,3,235.96,0.2,707.88
CA-2017-156776,JL-15505,2017-08-07,Office Supplies,Binders,3,3.98,0.2,11.95
CA-2017-156776,JL-15505,2017-08-07,Office Supplies,Binders,3,10.38,0.2,31.13
CA-2017-156776,JL-15505,2017-08-07,Technology,Accessories,4,13.94,0.0,55.76
CA-2017-156776,JL-15505,2017-08-07,Office Supplies,Paper,2,12.28,0.0,24.56
CA-2017-156776,JL-15505,2017-08-07,Furniture,Furnishings,1,51.75,0.0,51.75
CA-2017-156776,JL-15505,2017-08-07,Furniture,Chairs,1,207.18,0.2,207.18
CA-2017-156776,JL-15505,2017-08-07,Office Supplies,Appliances,5,294.62,0.0,1473.1
US-2015-130512,SM-20320,2015-08-21,Office Supplies,Supplies,2,1.74,0.2,3.49
US-2015-130512,SM-20320,2015-08-21,Technology,Accessories,4,5.43,0.2,21.73
US-2015-130512,SM-20320,2015-08-21,Office Supplies,Storage,6,110.51,0.2,663.07
US-2015-130512,SM-20320,2015-08-21,Office Supplies,Binders,2,49.79,0.7,99.59
US-2015-130512,SM-20320,2015-08-21,Office Supplies,Paper,2,24.78,0.2,49.57
CA-2015-141810,BB-10990,2015-11-02,Office Supplies,Binders,7,4.2,0.8,29.37
CA-2015-141810,BB-10990,2015-11-02,Technology,Phones,2,172.35,0.2,344.7
CA-2014-146843,PB-19150,2014-11-30,Office Supplies,Supplies,7,6.86,0.2,47.99
CA-2014-146843,PB-19150,2014-11-30,Technology,Accessories,4,25.56,0.2,102.24
CA-2014-103310,GM-14680,2014-05-10,Office Supplies,Paper,2,19.98,0.0,39.96
CA-2014-103310,GM-14680,2014-05-10,Technology,Phones,5,286.4,0.2,1432.0
CA-2014-103310,GM-14680,2014-05-10,Office Supplies,Supplies,6,6.84,0.0,41.04
CA-2014-103310,GM-14680,2014-05-10,Furniture,Chairs,1,256.78,0.2,256.78
CA-2016-152688,NR-18550,2016-10-17,Furniture,Bookcases,1,120.98,0.0,120.98
CA-2016-152688,NR-18550,2016-10-17,Office Supplies,Binders,1,315.98,0.0,315.98
CA-2016-153836,EH-13765,2016-10-30,Office Supplies,Binders,3,9.58,0.2,28.75
CA-2016-153836,EH-13765,2016-10-30,Office Supplies,Art,5,22.99,0.0,114.95
CA-2016-104689,FH-14365,2016-12-01,Office Supplies,Art,8,2.88,0.0,23.04
CA-2016-146423,BT-11680,2016-04-21,Office Supplies,Art,3,5.16,0.0,15.48
CA-2016-146423,BT-11680,2016-04-21,Office Supplies,Paper,8,6.48,0.0,51.84
CA-2017-140781,AB-10105,2017-08-03,Technology,Accessories,3,13.27,0.2,39.82
CA-2017-141747,SC-20230,2017-08-03,Office Supplies,Storage,1,16.06,0.0,16.06
CA-2017-142776,RS-19870,2017-12-11,Office Supplies,Envelopes,1,7.28,0.0,7.28
CA-2017-142776,RS-19870,2017-12-11,Office Supplies,Binders,3,1.8,0.0,5.4
CA-2015-167479,AI-10855,2015-03-14,Office Supplies,Paper,3,6.48,0.0,19.44
CA-2014-144071,DJ-13420,2014-12-08,Furniture,Furnishings,2,19.94,0.0,39.88
CA-2014-144071,DJ-13420,2014-12-08,Furniture,Furnishings,3,26.48,0.0,79.44
US-2017-120908,BF-10975,2017-09-30,Office Supplies,Labels,7,2.95,0.2,20.66
CA-2016-152646,TH-21235,2016-11-21,Office Supplies,Paper,5,6.48,0.0,32.4
CA-2017-103765,JG-15310,2017-11-24,Office Supplies,Appliances,1,13.76,0.8,13.76
US-2017-118157,AW-10930,2017-11-14,Office Supplies,Envelopes,2,7.64,0.0,15.28
US-2015-164238,JW-15955,2015-08-16,Office Supplies,Storage,7,6.38,0.2,44.69
US-2015-164238,JW-15955,2015-08-16,Furniture,Bookcases,3,100.49,0.5,301.47
CA-2017-103212,MH-18025,2017-10-13,Office Supplies,Labels,3,3.69,0.0,11.07
CA-2017-103212,MH-18025,2017-10-13,Furniture,Tables,4,376.13,0.0,1504.52
CA-2017-103212,MH-18025,2017-10-13,Office Supplies,Paper,4,6.48,0.0,25.92
CA-2017-121160,FM-14290,2017-11-04,Office Supplies,Binders,6,1.26,0.8,7.54
CA-2017-121160,FM-14290,2017-11-04,Office Supplies,Binders,2,0.7,0.8,1.41
CA-2017-121160,FM-14290,2017-11-04,Office Supplies,Binders,4,1.04,0.8,4.14
CA-2017-121160,FM-14290,2017-11-04,Office Supplies,Storage,3,17.58,0.2,52.75
CA-2017-140515,GZ-14545,2017-03-19,Office Supplies,Appliances,7,54.48,0.0,381.36
CA-2014-153619,TC-21535,2014-11-03,Office Supplies,Art,4,1.68,0.0,6.72
CA-2017-133718,TB-21520,2017-07-23,Office Supplies,Binders,3,5.06,0.2,15.19
CA-2017-133718,TB-21520,2017-07-23,Office Supplies,Paper,9,6.48,0.0,58.32
CA-2014-148383,RP-19390,2014-12-27,Office Supplies,Binders,6,157.79,0.7,946.76
CA-2016-126732,LR-16915,2016-09-02,Furniture,Furnishings,9,10.52,0.0,94.68
CA-2016-126732,LR-16915,2016-09-02,Office Supplies,Storage,3,7.89,0.0,23.67
CA-2016-126732,LR-16915,2016-09-02,Technology,Phones,4,272.79,0.2,1091.17
CA-2016-126732,LR-16915,2016-09-02,Office Supplies,Art,7,2.67,0.0,18.69
CA-2016-126732,LR-16915,2016-09-02,Furniture,Tables,3,189.58,0.2,568.73
CA-2016-126732,LR-16915,2016-09-02,Office Supplies,Binders,1,7.31,0.2,7.31
CA-2017-138156,MM-17260,2017-02-11,Furniture,Furnishings,2,73.78,0.2,147.57
CA-2017-110310,NB-18655,2017-10-27,Office Supplies,Paper,7,8.11,0.2,56.78
CA-2017-110310,NB-18655,2017-10-27,Office Supplies,Binders,3,1.87,0.7,5.61
CA-2017-110310,NB-18655,2017-10-27,Office Supplies,Art,3,2.19,0.2,6.58
CA-2014-113271,DS-13030,2014-07-09,Office Supplies,Binders,6,2.38,0.2,14.3
CA-2014-113271,DS-13030,2014-07-09,Furniture,Bookcases,1,119.83,0.15,119.83
CA-2014-113271,DS-13030,2014-07-09,Office Supplies,Art,2,2.78,0.0,5.56
CA-2014-113271,DS-13030,2014-07-09,Office Supplies,Paper,5,6.48,0.0,32.4
CA-2017-130106,VF-21715,2017-05-22,Office Supplies,Art,3,3.28,0.0,9.84
CA-2017-130106,VF-21715,2017-05-22,Office Supplies,Art,1,2.78,0.0,2.78
CA-2016-127761,SW-20275,2016-11-10,Office Supplies,Binders,1,3.64,0.2,3.64
CA-2016-127761,SW-20275,2016-11-10,Technology,Phones,7,125.99,0.0,881.93
CA-2016-105354,PW-19030,2016-12-02,Office Supplies,Binders,8,14.48,0.0,115.84
CA-2017-155712,KD-16615,2017-03-02,Office Supplies,Binders,2,53.82,0.2,107.65
CA-2017-102309,DO-13645,2017-09-23,Technology,Accessories,5,39.99,0.0,199.95
CA-2017-102309,DO-13645,2017-09-23,Office Supplies,Paper,2,6.48,0.0,12.96
CA-2014-168368,GA-14725,2014-02-11,Furniture,Chairs,1,60.89,0.0,60.89
CA-2014-168368,GA-14725,2014-02-11,Office Supplies,Labels,3,4.98,0.0,14.94
CA-2014-168368,GA-14725,2014-02-11,Office Supplies,Binders,2,4.82,0.0,9.64
CA-2014-168368,GA-14725,2014-02-11,Furniture,Furnishings,3,110.98,0.0,332.94
CA-2014-168368,GA-14725,2014-02-11,Office Supplies,Binders,3,17.3,0.0,51.9
CA-2014-168368,GA-14725,2014-02-11,Office Supplies,Storage,2,32.48,0.0,64.96
CA-2017-167976,JL-15505,2017-11-11,Office Supplies,Supplies,3,8.5,0.0,25.5
CA-2017-111388,SU-20665,2017-09-02,Furniture,Chairs,3,71.99,0.2,215.98
CA-2015-124499,FM-14380,2015-10-09,Furniture,Chairs,3,129.99,0.0,389.97
CA-2015-124499,FM-14380,2015-10-09,Office Supplies,Appliances,5,53.98,0.1,269.91
US-2017-128118,MY-17380,2017-11-24,Office Supplies,Binders,3,3.89,0.7,11.67
US-2017-128118,MY-17380,2017-11-24,Office Supplies,Envelopes,7,9.26,0.2,64.85
CA-2014-125759,NM-18445,2014-02-08,Furniture,Furnishings,2,7.28,0.0,14.56
CA-2015-151869,CS-11950,2015-09-25,Furniture,Chairs,1,102.58,0.1,102.58
CA-2015-151869,CS-11950,2015-09-25,Office Supplies,Paper,3,6.68,0.0,20.04
US-2017-102183,PK-19075,2017-08-21,Office Supplies,Binders,7,4.58,0.2,32.09
US-2017-102183,PK-19075,2017-08-21,Office Supplies,Binders,6,717.59,0.2,4305.55
CA-2016-100510,HM-14860,2016-05-12,Furniture,Furnishings,3,3.34,0.0,10.02
CA-2016-100510,HM-14860,2016-05-12,Technology,Phones,4,157.99,0.0,631.96
CA-2017-146983,AH-10210,2017-09-02,Office Supplies,Binders,3,525.98,0.0,1577.94
US-2014-134054,FC-14335,2014-10-10,Office Supplies,Art,7,36.55,0.0,255.85
CA-2016-113236,CP-12085,2016-05-26,Office Supplies,Storage,6,30.78,0.2,184.7
CA-2016-113236,CP-12085,2016-05-26,Technology,Accessories,2,23.96,0.2,47.92
CA-2017-122539,SC-20305,2017-12-01,Office Supplies,Labels,4,3.98,0.2,15.94
CA-2017-122539,SC-20305,2017-12-01,Office Supplies,Binders,7,1.14,0.7,8.0
CA-2017-122539,SC-20305,2017-12-01,Furniture,Chairs,2,199.49,0.3,398.97
CA-2016-166772,HJ-14875,2016-09-20,Furniture,Bookcases,2,81.94,0.0,163.88
US-2017-152898,CB-12025,2017-09-11,Office Supplies,Appliances,5,13.58,0.0,67.9
CA-2016-160486,EH-14185,2016-12-30,Office Supplies,Paper,4,18.06,0.2,72.22
CA-2017-102218,LW-17215,2017-09-02,Office Supplies,Labels,2,5.85,0.2,11.7
CA-2014-161032,MK-17905,2014-11-18,Furniture,Chairs,3,130.98,0.0,392.94
CA-2015-102778,JH-15820,2015-11-21,Furniture,Furnishings,1,18.18,0.2,18.18
CA-2017-154011,DB-13270,2017-06-19,Office Supplies,Binders,3,2.3,0.8,6.89
CA-2017-154011,DB-13270,2017-06-19,Furniture,Tables,3,152.5,0.3,457.48
US-2017-165456,TB-21625,2017-11-30,Furniture,Chairs,6,179.89,0.3,1079.32
CA-2014-111857,NM-18445,2014-04-23,Office Supplies,Paper,1,48.91,0.0,48.91
CA-2014-163650,TT-21220,2014-09-23,Office Supplies,Art,3,3.28,0.0,9.84
CA-2014-163650,TT-21220,2014-09-23,Office Supplies,Binders,3,11.5,0.0,34.5
CA-2017-124114,RS-19765,2017-03-02,Office Supplies,Binders,1,0.56,0.8,0.56
US-2017-116505,TB-21625,2017-11-17,Office Supplies,Binders,6,7.3,0.0,43.8
CA-2017-161340,AM-10360,2017-05-28,Office Supplies,Paper,3,4.62,0.2,13.87
CA-2017-161340,AM-10360,2017-05-28,Furniture,Bookcases,4,28.99,0.5,115.96
US-2015-163433,MP-17965,2015-04-18,Technology,Accessories,2,20.71,0.2,41.42
US-2015-163433,MP-17965,2015-04-18,Technology,Phones,4,61.19,0.2,244.77
US-2015-163433,MP-17965,2015-04-18,Office Supplies,Art,3,24.78,0.2,74.35
US-2015-163433,MP-17965,2015-04-18,Office Supplies,Binders,2,2.16,0.8,4.31
US-2015-163433,MP-17965,2015-04-18,Furniture,Chairs,1,56.69,0.3,56.69
US-2015-163433,MP-17965,2015-04-18,Technology,Phones,2,48.98,0.2,97.97
US-2015-163433,MP-17965,2015-04-18,Office Supplies,Art,3,2.62,0.2,7.87
US-2015-163433,MP-17965,2015-04-18,Office Supplies,Paper,3,5.18,0.2,15.55
US-2015-163433,MP-17965,2015-04-18,Office Supplies,Binders,1,1.48,0.8,1.48
CA-2015-137603,MH-17290,2015-09-19,Office Supplies,Art,5,1.68,0.0,8.4
CA-2014-128237,CA-12265,2014-03-25,Office Supplies,Art,2,3.28,0.0,6.56
CA-2014-128237,CA-12265,2014-03-25,Office Supplies,Art,2,7.44,0.0,14.88
CA-2014-128237,CA-12265,2014-03-25,Technology,Accessories,4,11.37,0.0,45.48
CA-2014-128237,CA-12265,2014-03-25,Office Supplies,Art,6,4.24,0.0,25.44
US-2016-102141,KD-16615,2016-08-26,Office Supplies,Binders,8,18.34,0.2,146.69
CA-2017-148642,DW-13540,2017-03-06,Office Supplies,Labels,2,2.46,0.2,4.93
CA-2017-148642,DW-13540,2017-03-06,Office Supplies,Art,4,15.87,0.2,63.49
CA-2015-111948,AG-10495,2015-11-11,Office Supplies,Storage,7,59.76,0.0,418.32
CA-2015-111948,AG-10495,2015-11-11,Office Supplies,Appliances,2,61.93,0.1,123.86
CA-2016-161907,JH-16180,2016-04-05,Technology,Phones,3,39.59,0.4,118.78
CA-2016-161907,JH-16180,2016-04-05,Office Supplies,Supplies,4,192.3,0.2,769.18
CA-2017-124940,DK-13090,2017-02-21,Technology,Accessories,1,47.9,0.2,47.9
US-2017-108343,AR-10825,2017-07-20,Office Supplies,Paper,2,6.68,0.0,13.36
US-2017-108343,AR-10825,2017-07-20,Furniture,Chairs,2,81.88,0.1,163.76
US-2017-108343,AR-10825,2017-07-20,Furniture,Furnishings,4,45.98,0.0,183.92
US-2016-111563,SM-20005,2016-11-04,Furniture,Furnishings,3,3.79,0.6,11.38
US-2016-111563,SM-20005,2016-11-04,Furniture,Furnishings,4,16.53,0.6,66.11
CA-2017-121853,DB-13660,2017-09-23,Office Supplies,Paper,8,26.38,0.0,211.04
CA-2017-121853,DB-13660,2017-09-23,Furniture,Chairs,2,297.41,0.2,594.82
CA-2017-121853,DB-13660,2017-09-23,Office Supplies,Binders,3,24.32,0.2,72.96
US-2017-130687,PF-19225,2017-09-07,Furniture,Furnishings,4,20.24,0.0,80.96
US-2017-130687,PF-19225,2017-09-07,Technology,Phones,2,227.86,0.2,455.71
US-2017-130687,PF-19225,2017-09-07,Office Supplies,Art,1,25.98,0.0,25.98
CA-2015-164497,AJ-10945,2015-11-28,Office Supplies,Appliances,4,11.32,0.0,45.28
US-2015-153283,EB-14110,2015-11-12,Office Supplies,Envelopes,2,7.78,0.0,15.56
CA-2016-108056,ES-14080,2016-09-29,Technology,Phones,3,286.4,0.2,859.2
CA-2017-127726,SS-20410,2017-09-11,Office Supplies,Appliances,4,48.92,0.0,195.68
CA-2017-127726,SS-20410,2017-09-11,Office Supplies,Fasteners,4,3.55,0.0,14.2
CA-2017-110198,AG-10900,2017-05-01,Furniture,Bookcases,3,104.78,0.2,314.35
CA-2017-110198,AG-10900,2017-05-01,Office Supplies,Labels,2,2.3,0.2,4.61
CA-2017-130715,CY-12745,2017-09-16,Office Supplies,Fasteners,5,3.58,0.0,17.9
CA-2014-155264,RP-19270,2014-10-19,Office Supplies,Binders,1,2.99,0.2,2.99
CA-2014-155264,RP-19270,2014-10-19,Office Supplies,Binders,6,3.34,0.2,20.06
CA-2014-155264,RP-19270,2014-10-19,Office Supplies,Paper,3,48.91,0.0,146.73
CA-2014-155264,RP-19270,2014-10-19,Office Supplies,Labels,5,3.75,0.0,18.75
CA-2014-155264,RP-19270,2014-10-19,Technology,Phones,3,39.19,0.2,117.58
CA-2016-119123,DB-13360,2016-03-13,Office Supplies,Binders,7,7.31,0.2,51.18
CA-2017-109085,CK-12325,2017-02-17,Furniture,Tables,5,91.19,0.4,455.97
CA-2017-109085,CK-12325,2017-02-17,Office Supplies,Binders,5,1.14,0.7,5.72
CA-2017-109085,CK-12325,2017-02-17,Technology,Phones,1,57.59,0.4,57.59
CA-2017-109085,CK-12325,2017-02-17,Furniture,Furnishings,2,15.07,0.2,30.14
CA-2017-109085,CK-12325,2017-02-17,Furniture,Chairs,5,179.89,0.3,899.43
CA-2016-114860,DN-13690,2016-12-22,Furniture,Furnishings,8,105.34,0.0,842.72
CA-2016-114860,DN-13690,2016-12-22,Furniture,Furnishings,2,20.98,0.0,41.96
CA-2016-159009,DP-13105,2016-09-23,Office Supplies,Binders,4,3.3,0.2,13.22
CA-2016-159009,DP-13105,2016-09-23,Furniture,Chairs,3,61.58,0.2,184.75
CA-2017-148411,RO-19780,2017-09-24,Furniture,Chairs,2,260.23,0.3,520.46
CA-2017-148411,RO-19780,2017-09-24,Office Supplies,Paper,3,3.81,0.2,11.42
CA-2015-110324,MA-17560,2015-12-01,Office Supplies,Paper,3,6.48,0.0,19.44
CA-2015-110324,MA-17560,2015-12-01,Office Supplies,Art,2,1.82,0.0,3.64
CA-2015-110324,MA-17560,2015-12-01,Office Supplies,Paper,2,9.27,0.0,18.54
CA-2016-168046,JD-15895,2016-01-25,Office Supplies,Binders,5,8.62,0.2,43.12
CA-2016-168046,JD-15895,2016-01-25,Furniture,Tables,3,104.57,0.4,313.72
CA-2016-168046,JD-15895,2016-01-25,Furniture,Furnishings,1,45.98,0.0,45.98
CA-2016-168046,JD-15895,2016-01-25,Office Supplies,Storage,7,61.24,0.0,428.68
CA-2017-111591,PS-18970,2017-03-21,Office Supplies,Binders,6,5.1,0.2,30.58
CA-2017-111591,PS-18970,2017-03-21,Office Supplies,Fasteners,7,1.86,0.0,13.02
CA-2017-111591,PS-18970,2017-03-21,Furniture,Furnishings,3,7.38,0.0,22.14
CA-2017-111591,PS-18970,2017-03-21,Office Supplies,Storage,4,89.83,0.0,359.32
US-2014-166828,JF-15415,2014-08-22,Office Supplies,Paper,2,5.78,0.0,11.56
CA-2014-108147,RD-19480,2014-06-08,Office Supplies,Binders,2,34.24,0.2,68.48
CA-2014-108147,RD-19480,2014-06-08,Office Supplies,Storage,6,279.48,0.0,1676.88
CA-2016-154998,ES-14080,2016-04-07,Office Supplies,Paper,2,18.97,0.0,37.94
CA-2017-113460,KN-16390,2017-11-07,Furniture,Chairs,3,90.99,0.0,272.97
CA-2015-111339,VP-21760,2015-05-29,Furniture,Furnishings,4,10.39,0.2,41.57
CA-2015-111339,VP-21760,2015-05-29,Furniture,Chairs,3,105.69,0.3,317.06
CA-2015-111339,VP-21760,2015-05-29,Office Supplies,Fasteners,5,1.61,0.2,8.04
CA-2017-102820,CS-11950,2017-05-07,Technology,Phones,7,59.99,0.2,419.94
CA-2016-149671,KB-16600,2016-06-05,Office Supplies,Supplies,6,10.23,0.0,61.38
CA-2015-126347,AJ-10945,2015-12-14,Technology,Accessories,2,25.0,0.0,50.0
CA-2017-108756,PO-18865,2017-12-25,Technology,Accessories,3,10.6,0.0,31.8
CA-2017-155362,DP-13105,2017-12-17,Office Supplies,Storage,2,16.28,0.0,32.56
CA-2016-117625,GM-14500,2016-05-10,Office Supplies,Envelopes,2,3.54,0.2,7.07
CA-2014-154158,CC-12670,2014-12-23,Office Supplies,Paper,3,15.18,0.2,45.53
CA-2014-154158,CC-12670,2014-12-23,Furniture,Chairs,1,64.78,0.2,64.78
CA-2014-154158,CC-12670,2014-12-23,Office Supplies,Storage,2,212.14,0.2,424.27
CA-2014-154158,CC-12670,2014-12-23,Office Supplies,Art,1,1.34,0.2,1.34
CA-2014-154158,CC-12670,2014-12-23,Office Supplies,Storage,5,16.78,0.2,83.92
CA-2017-100433,SJ-20125,2017-08-11,Office Supplies,Paper,4,6.48,0.0,25.92
CA-2017-163097,SF-20200,2017-08-27,Furniture,Furnishings,8,15.07,0.2,120.58
US-2017-127292,RM-19375,2017-01-19,Office Supplies,Paper,4,19.98,0.0,79.92
US-2017-127292,RM-19375,2017-01-19,Office Supplies,Paper,1,12.28,0.0,12.28
US-2017-127292,RM-19375,2017-01-19,Office Supplies,Appliances,3,180.98,0.0,542.94
US-2017-127292,RM-19375,2017-01-19,Office Supplies,Envelopes,1,2.04,0.0,2.04
CA-2015-163734,KM-16375,2015-06-19,Office Supplies,Storage,5,45.78,0.2,228.92
CA-2017-162474,FH-14275,2017-03-13,Technology,Phones,1,7.99,0.2,7.99
CA-2015-130848,DG-13300,2015-10-25,Furniture,Chairs,8,72.79,0.2,582.34
CA-2014-125997,MW-18220,2014-09-20,Technology,Phones,5,125.99,0.0,629.95
CA-2014-125997,MW-18220,2014-09-20,Furniture,Chairs,2,315.89,0.1,631.78
CA-2014-125997,MW-18220,2014-09-20,Furniture,Bookcases,2,400.78,0.2,801.57
CA-2014-125997,MW-18220,2014-09-20,Office Supplies,Labels,6,12.53,0.0,75.18
CA-2014-125997,MW-18220,2014-09-20,Office Supplies,Appliances,1,30.98,0.0,30.98
CA-2014-125997,MW-18220,2014-09-20,Technology,Phones,9,149.99,0.0,1349.91
CA-2016-103128,SC-20845,2016-11-11,Office Supplies,Art,6,2.35,0.2,14.11
CA-2015-167696,BD-11500,2015-09-16,Office Supplies,Envelopes,4,7.78,0.0,31.12
CA-2014-159814,LP-17080,2014-06-24,Furniture,Furnishings,2,2.14,0.2,4.27
CA-2016-105459,NP-18700,2016-08-12,Furniture,Tables,2,104.57,0.4,209.15
CA-2016-105459,NP-18700,2016-08-12,Office Supplies,Storage,6,265.17,0.0,1591.02
CA-2017-141663,DP-13105,2017-04-13,Office Supplies,Fasteners,5,1.58,0.2,7.92
CA-2014-152618,RB-19465,2014-03-14,Technology,Machines,2,287.46,0.3,574.91
CA-2014-152618,RB-19465,2014-03-14,Office Supplies,Paper,2,4.22,0.2,8.45
CA-2017-162789,LC-17140,2017-09-22,Technology,Accessories,9,119.0,0.0,1071.0
CA-2017-162789,LC-17140,2017-09-22,Furniture,Furnishings,1,12.07,0.0,12.07
US-2017-110149,WB-21850,2017-12-10,Office Supplies,Binders,1,3.27,0.7,3.27
US-2017-110149,WB-21850,2017-12-10,Furniture,Furnishings,5,17.58,0.2,87.92
CA-2016-108959,MH-17785,2016-03-10,Office Supplies,Storage,1,104.7,0.2,104.7
CA-2015-164777,SC-20305,2015-01-27,Furniture,Chairs,5,560.78,0.2,2803.92
CA-2016-132017,MH-17620,2016-09-26,Office Supplies,Binders,2,3.41,0.8,6.82
CA-2015-127824,JC-15775,2015-10-18,Technology,Phones,2,124.79,0.2,249.58
CA-2015-127824,JC-15775,2015-10-18,Office Supplies,Paper,3,5.98,0.0,17.94
CA-2015-127824,JC-15775,2015-10-18,Furniture,Furnishings,3,3.37,0.0,10.11
CA-2014-148285,RD-19810,2014-10-27,Office Supplies,Paper,2,5.18,0.2,10.37
CA-2014-148285,RD-19810,2014-10-27,Office Supplies,Paper,3,3.98,0.2,11.95
CA-2017-152926,SC-20695,2017-10-02,Office Supplies,Appliances,2,7.61,0.8,15.22
CA-2017-152926,SC-20695,2017-10-02,Office Supplies,Appliances,6,3.66,0.8,21.98
CA-2014-145254,NC-18535,2014-07-23,Technology,Phones,6,100.79,0.2,604.75
CA-2014-145254,NC-18535,2014-07-23,Office Supplies,Supplies,5,8.14,0.0,40.7
CA-2014-145254,NC-18535,2014-07-23,Technology,Phones,3,100.79,0.2,302.38
CA-2014-145254,NC-18535,2014-07-23,Technology,Accessories,3,15.0,0.0,45.0
CA-2014-116246,LW-17215,2014-09-12,Furniture,Chairs,6,630.88,0.1,3785.29
CA-2016-160479,AH-10585,2016-09-15,Office Supplies,Art,5,7.08,0.0,35.4
CA-2014-167486,JO-15145,2014-11-27,Furniture,Furnishings,5,39.98,0.0,199.9
CA-2014-152100,VW-21775,2014-05-11,Furniture,Chairs,8,151.62,0.3,1212.96
CA-2015-166219,BP-11185,2015-08-28,Technology,Phones,5,219.99,0.2,1099.96
CA-2015-166219,BP-11185,2015-08-28,Furniture,Tables,1,103.48,0.3,103.48
CA-2015-111864,PP-18955,2015-06-19,Office Supplies,Labels,2,2.95,0.2,5.9
CA-2015-119627,SC-20725,2015-08-17,Technology,Accessories,2,15.04,0.2,30.08
CA-2015-119627,SC-20725,2015-08-17,Office Supplies,Paper,7,5.18,0.2,36.29
CA-2015-119627,SC-20725,2015-08-17,Office Supplies,Art,3,3.42,0.2,10.27
CA-2015-119627,SC-20725,2015-08-17,Technology,Accessories,4,63.2,0.2,252.8
CA-2015-160787,BM-11785,2015-09-25,Office Supplies,Binders,2,1.47,0.7,2.95
CA-2017-107853,CD-11920,2017-05-26,Office Supplies,Paper,2,6.48,0.0,12.96
CA-2017-126144,GM-14680,2017-07-31,Technology,Phones,4,71.39,0.4,285.58
US-2014-154655,BP-11050,2014-10-12,Office Supplies,Supplies,2,11.12,0.2,22.24
CA-2014-100391,BW-11065,2014-05-25,Office Supplies,Paper,2,7.31,0.0,14.62
CA-2014-165477,RE-19405,2014-12-29,Office Supplies,Appliances,5,9.67,0.2,48.36
CA-2017-165904,HR-14770,2017-04-07,Office Supplies,Art,2,8.13,0.2,16.26
CA-2017-165904,HR-14770,2017-04-07,Technology,Phones,2,109.59,0.2,219.18
CA-2015-104052,TP-21565,2015-03-01,Technology,Phones,4,23.96,0.2,95.84
CA-2015-168277,KB-16315,2015-05-29,Office Supplies,Labels,3,4.13,0.0,12.39
CA-2016-158617,AC-10660,2016-09-22,Office Supplies,Paper,6,5.98,0.0,35.88
CA-2017-136882,DN-13690,2017-05-27,Furniture,Furnishings,5,95.46,0.0,477.3
US-2016-148957,CC-12430,2016-09-17,Office Supplies,Labels,4,3.08,0.0,12.32
CA-2014-140032,TS-21340,2014-09-08,Office Supplies,Binders,2,4.3,0.2,8.61
CA-2017-145506,MO-17800,2017-06-03,Office Supplies,Storage,9,15.14,0.0,136.26
CA-2015-129546,RP-19855,2015-09-28,Office Supplies,Appliances,3,62.05,0.0,186.15
CA-2015-129546,RP-19855,2015-09-28,Office Supplies,Binders,6,13.63,0.2,81.79
CA-2015-129546,RP-19855,2015-09-28,Office Supplies,Supplies,3,15.73,0.0,47.19
CA-2015-129546,RP-19855,2015-09-28,Technology,Phones,2,18.39,0.2,36.78
CA-2016-140977,JL-15175,2016-06-16,Technology,Machines,1,91.48,0.5,91.48
CA-2017-151855,BW-11110,2017-05-27,Technology,Accessories,3,9.06,0.2,27.19
CA-2017-151855,BW-11110,2017-05-27,Office Supplies,Binders,5,2.41,0.7,12.06
CA-2014-138240,SJ-20500,2014-10-09,Office Supplies,Art,3,48.2,0.0,144.6
CA-2014-138240,SJ-20500,2014-10-09,Technology,Phones,1,15.99,0.2,15.99
CA-2014-101833,FG-14260,2014-11-17,Office Supplies,Paper,3,11.48,0.0,34.44
CA-2014-100867,EH-14125,2014-10-19,Technology,Phones,6,53.59,0.2,321.55
US-2017-109610,BS-11590,2017-11-25,Furniture,Chairs,2,350.98,0.0,701.96
CA-2014-156545,JS-16030,2014-02-27,Office Supplies,Art,4,4.86,0.2,19.46
CA-2014-109127,JC-15775,2014-12-21,Office Supplies,Labels,6,2.88,0.0,17.28
CA-2016-126858,JM-15265,2016-11-19,Furniture,Furnishings,2,15.98,0.0,31.96
CA-2017-102925,CD-12280,2017-11-05,Office Supplies,Binders,6,27.45,0.2,164.69
CA-2017-102925,CD-12280,2017-11-05,Furniture,Tables,2,83.25,0.4,166.5
CA-2017-102925,CD-12280,2017-11-05,Office Supplies,Paper,2,6.48,0.0,12.96
CA-2017-102925,CD-12280,2017-11-05,Office Supplies,Paper,2,55.48,0.0,110.96
CA-2017-102925,CD-12280,2017-11-05,Technology,Phones,2,49.99,0.0,99.98
CA-2017-102925,CD-12280,2017-11-05,Office Supplies,Binders,1,11.42,0.2,11.42
CA-2017-102925,CD-12280,2017-11-05,Furniture,Chairs,2,64.06,0.1,128.12
CA-2017-102925,CD-12280,2017-11-05,Furniture,Furnishings,5,20.28,0.0,101.4
CA-2015-100818,JM-15265,2015-05-31,Office Supplies,Labels,2,2.95,0.2,5.9
CA-2015-100818,JM-15265,2015-05-31,Office Supplies,Paper,7,24.78,0.2,173.49
CA-2015-100818,JM-15265,2015-05-31,Furniture,Furnishings,2,25.78,0.6,51.56
CA-2015-100818,JM-15265,2015-05-31,Office Supplies,Binders,3,1.19,0.8,3.56
CA-2014-126193,SS-20410,2014-09-07,Office Supplies,Fasteners,5,2.63,0.2,13.16
CA-2014-126193,SS-20410,2014-09-07,Office Supplies,Binders,3,1.28,0.8,3.83
CA-2014-126193,SS-20410,2014-09-07,Office Supplies,Binders,5,61.0,0.8,304.99
CA-2017-150504,HG-14845,2017-11-06,Office Supplies,Storage,2,9.08,0.2,18.16
CA-2015-158351,BC-11125,2015-06-20,Technology,Accessories,2,159.99,0.2,319.98
CA-2014-122679,AB-10255,2014-07-22,Office Supplies,Art,6,3.28,0.0,19.68
CA-2016-164770,MY-18295,2016-12-02,Furniture,Bookcases,10,78.19,0.32,781.86
CA-2016-164770,MY-18295,2016-12-02,Office Supplies,Paper,9,3.42,0.2,30.82
CA-2017-130505,NF-18385,2017-10-12,Furniture,Tables,3,224.45,0.3,673.34
US-2017-125213,NB-18655,2017-12-11,Office Supplies,Fasteners,3,2.18,0.0,6.54
CA-2015-156566,EM-13960,2015-10-01,Technology,Phones,2,286.4,0.2,572.8
US-2016-102232,MF-17665,2016-08-05,Office Supplies,Art,7,28.15,0.0,197.05
CA-2017-111738,CM-12385,2017-01-03,Office Supplies,Binders,8,252.78,0.2,2022.27
CA-2017-111738,CM-12385,2017-01-03,Office Supplies,Art,3,3.04,0.0,9.12
CA-2017-163188,EC-14050,2017-11-07,Office Supplies,Binders,9,4.24,0.0,38.16
CA-2016-105207,BO-11350,2016-01-03,Furniture,Tables,7,227.55,0.0,1592.85
CA-2016-105207,BO-11350,2016-01-03,Office Supplies,Binders,2,5.94,0.0,11.88
US-2016-123610,VM-21835,2016-05-12,Technology,Accessories,6,20.0,0.0,120.0
US-2016-123610,VM-21835,2016-05-12,Office Supplies,Appliances,1,8.67,0.0,8.67
CA-2017-118213,AB-10060,2017-11-05,Office Supplies,Paper,1,4.41,0.0,4.41
CA-2017-118213,AB-10060,2017-11-05,Office Supplies,Paper,3,55.98,0.0,167.94
CA-2017-118213,AB-10060,2017-11-05,Office Supplies,Paper,10,6.78,0.0,67.8
CA-2016-149237,CM-12235,2016-05-26,Furniture,Furnishings,3,8.98,0.0,26.94
US-2015-158589,KW-16570,2015-11-20,Furniture,Furnishings,3,10.68,0.0,32.04
CA-2016-101329,MM-17920,2016-04-22,Office Supplies,Art,9,3.57,0.0,32.13
CA-2016-101329,MM-17920,2016-04-22,Office Supplies,Art,1,2.88,0.0,2.88
CA-2016-113607,PW-19030,2016-10-14,Technology,Phones,7,155.99,0.0,1091.93
CA-2016-113607,PW-19030,2016-10-14,Office Supplies,Paper,2,55.98,0.0,111.96
CA-2014-149104,RD-19900,2014-04-05,Office Supplies,Art,2,13.35,0.0,26.7
CA-2014-149104,RD-19900,2014-04-05,Office Supplies,Binders,5,8.04,0.0,40.2
CA-2014-149104,RD-19900,2014-04-05,Office Supplies,Art,3,4.63,0.0,13.89
CA-2014-149104,RD-19900,2014-04-05,Office Supplies,Storage,6,114.97,0.0,689.82
CA-2016-105263,LM-17065,2016-08-06,Office Supplies,Art,9,4.26,0.0,38.34
CA-2014-130575,CS-11845,2014-12-14,Office Supplies,Binders,3,3.09,0.8,9.26
CA-2017-142461,KT-16480,2017-05-30,Furniture,Bookcases,1,204.67,0.32,204.67
CA-2016-125220,BE-11410,2016-10-14,Technology,Accessories,5,329.95,0.0,1649.75
CA-2014-100293,NF-18475,2014-03-14,Office Supplies,Paper,6,15.18,0.2,91.06
CA-2014-154165,DL-13315,2014-02-17,Office Supplies,Art,14,3.87,0.2,54.21
CA-2015-123939,MS-17710,2015-08-24,Technology,Phones,3,8.99,0.4,26.98
CA-2015-123939,MS-17710,2015-08-24,Office Supplies,Labels,3,2.3,0.2,6.91
CA-2015-123939,MS-17710,2015-08-24,Office Supplies,Storage,3,145.17,0.2,435.5
US-2017-104451,MM-18055,2017-05-08,Office Supplies,Appliances,4,20.27,0.0,81.08
CA-2016-101189,JB-15400,2016-02-04,Office Supplies,Storage,2,46.51,0.0,93.02
CA-2014-169446,SG-20605,2014-12-19,Technology,Phones,3,107.99,0.2,323.98
CA-2014-169446,SG-20605,2014-12-19,Office Supplies,Paper,3,5.18,0.2,15.55
CA-2014-169446,SG-20605,2014-12-19,Office Supplies,Storage,3,10.86,0.2,32.59
CA-2017-156958,PB-18805,2017-12-05,Office Supplies,Binders,5,16.78,0.2,83.92
CA-2017-156958,PB-18805,2017-12-05,Furniture,Furnishings,5,39.98,0.0,199.9
CA-2017-156958,PB-18805,2017-12-05,Technology,Phones,3,10.39,0.2,31.18
CA-2017-156958,PB-18805,2017-12-05,Office Supplies,Binders,6,28.79,0.2,172.75
CA-2017-156958,PB-18805,2017-12-05,Office Supplies,Binders,2,4.65,0.2,9.3
CA-2017-101637,AC-10615,2017-03-24,Office Supplies,Storage,2,6.38,0.2,12.77
CA-2017-111759,MR-17545,2017-07-08,Office Supplies,Paper,2,26.38,0.0,52.76
CA-2017-102729,BF-11215,2017-10-26,Office Supplies,Storage,2,27.81,0.2,55.62
CA-2016-116596,BW-11200,2016-10-27,Furniture,Chairs,14,30.55,0.1,427.64
CA-2016-116596,BW-11200,2016-10-27,Office Supplies,Fasteners,7,5.81,0.0,40.67
CA-2016-116596,BW-11200,2016-10-27,Office Supplies,Storage,2,16.74,0.0,33.48
CA-2016-116596,BW-11200,2016-10-27,Office Supplies,Binders,2,4.86,0.2,9.73
CA-2017-124191,TS-21610,2017-06-12,Furniture,Furnishings,3,2.95,0.6,8.86
CA-2016-148747,AS-10045,2016-09-25,Furniture,Bookcases,2,238.83,0.15,477.67
US-2017-169488,AA-10375,2017-09-07,Office Supplies,Paper,5,3.38,0.0,16.9
US-2017-169488,AA-10375,2017-09-07,Office Supplies,Paper,2,19.98,0.0,39.96
CA-2015-135727,PS-18970,2015-05-11,Furniture,Chairs,7,27.42,0.2,191.97
CA-2015-135251,RP-19270,2015-08-06,Office Supplies,Labels,3,11.84,0.2,35.52
CA-2015-135251,RP-19270,2015-08-06,Office Supplies,Binders,5,1.25,0.8,6.23
CA-2015-135251,RP-19270,2015-08-06,Office Supplies,Paper,2,28.35,0.2,56.7
CA-2015-135251,RP-19270,2015-08-06,Furniture,Bookcases,3,123.07,0.32,369.2
CA-2014-166590,NC-18625,2014-10-29,Technology,Accessories,2,0.99,0.0,1.98
CA-2014-166590,NC-18625,2014-10-29,Office Supplies,Paper,2,37.94,0.0,75.88
CA-2016-131744,SC-20770,2016-06-18,Office Supplies,Paper,2,3.42,0.2,6.85
CA-2016-131744,SC-20770,2016-06-18,Office Supplies,Binders,2,2.31,0.7,4.63
CA-2016-131744,SC-20770,2016-06-18,Office Supplies,Appliances,3,151.2,0.2,453.6
CA-2015-160864,NF-18595,2015-05-03,Office Supplies,Binders,3,4.62,0.2,13.85
CA-2015-147690,SC-20020,2015-11-10,Office Supplies,Storage,6,96.26,0.2,577.58
CA-2015-163923,BD-11560,2015-05-30,Technology,Accessories,4,37.99,0.0,151.96
CA-2016-125724,SM-20950,2016-09-22,Furniture,Furnishings,7,9.78,0.2,68.43
CA-2015-111612,EB-14110,2015-11-28,Furniture,Furnishings,5,14.22,0.2,71.12
CA-2015-111612,EB-14110,2015-11-28,Office Supplies,Fasteners,2,1.5,0.2,3.01
CA-2015-156853,HP-14815,2015-12-03,Office Supplies,Paper,7,26.38,0.0,184.66
CA-2014-103086,EB-14170,2014-10-17,Furniture,Furnishings,2,2.66,0.6,5.31
CA-2016-129280,SM-20905,2016-05-03,Technology,Accessories,5,26.5,0.2,132.52
CA-2016-129280,SM-20905,2016-05-03,Office Supplies,Storage,5,39.13,0.2,195.64
CA-2016-129280,SM-20905,2016-05-03,Furniture,Furnishings,2,25.98,0.2,51.97
CA-2016-129280,SM-20905,2016-05-03,Technology,Accessories,3,143.99,0.2,431.98
CA-2016-129280,SM-20905,2016-05-03,Technology,Machines,3,74.98,0.7,224.94
CA-2016-129280,SM-20905,2016-05-03,Office Supplies,Labels,2,3.0,0.2,6.0
CA-2015-161242,CG-12040,2015-06-01,Office Supplies,Paper,2,5.88,0.0,11.76
CA-2014-130428,TG-21640,2014-03-31,Furniture,Chairs,7,160.78,0.2,1125.49
CA-2014-130428,TG-21640,2014-03-31,Office Supplies,Binders,5,2.53,0.7,12.64
CA-2014-130428,TG-21640,2014-03-31,Office Supplies,Art,2,2.02,0.2,4.03
CA-2017-104388,DK-12835,2017-07-05,Technology,Phones,4,19.99,0.0,79.96
CA-2015-113131,MB-17305,2015-09-24,Office Supplies,Binders,6,1.12,0.7,6.73
CA-2015-113131,MB-17305,2015-09-24,Office Supplies,Storage,2,16.78,0.2,33.57
CA-2015-113131,MB-17305,2015-09-24,Office Supplies,Envelopes,2,7.92,0.2,15.84
CA-2015-113131,MB-17305,2015-09-24,Office Supplies,Labels,1,24.42,0.2,24.42
CA-2015-113131,MB-17305,2015-09-24,Office Supplies,Art,5,3.42,0.2,17.12
CA-2015-148495,SF-20065,2015-08-13,Furniture,Furnishings,3,10.52,0.0,31.56
CA-2015-143147,PS-18760,2015-05-26,Furniture,Chairs,1,105.69,0.3,105.69
CA-2015-143147,PS-18760,2015-05-26,Technology,Machines,2,199.77,0.4,399.54
CA-2015-143147,PS-18760,2015-05-26,Furniture,Chairs,5,20.99,0.3,104.93
CA-2017-152975,RB-19705,2017-09-14,Technology,Phones,3,359.95,0.0,1079.85
CA-2017-152975,RB-19705,2017-09-14,Office Supplies,Storage,1,70.98,0.0,70.98
CA-2017-152975,RB-19705,2017-09-14,Office Supplies,Art,5,5.99,0.0,29.95
CA-2017-152975,RB-19705,2017-09-14,Furniture,Chairs,5,117.88,0.1,589.41
CA-2016-107475,RS-19870,2016-06-07,Office Supplies,Fasteners,6,1.61,0.2,9.65
CA-2017-116127,SB-20185,2017-06-25,Furniture,Bookcases,1,400.78,0.2,400.78
CA-2017-132584,HJ-14875,2017-08-26,Office Supplies,Storage,4,13.43,0.0,53.72
CA-2016-160598,SV-20815,2016-08-26,Office Supplies,Paper,1,31.01,0.2,31.01
CA-2016-108630,BE-11410,2016-11-18,Office Supplies,Binders,5,12.22,0.2,61.12
US-2017-129203,BM-11575,2017-04-17,Office Supplies,Storage,4,48.78,0.2,195.14
CA-2017-110940,AZ-10750,2017-07-23,Office Supplies,Art,4,30.38,0.2,121.54
CA-2014-119172,HD-14785,2014-05-11,Office Supplies,Paper,3,5.82,0.2,17.47
CA-2014-119172,HD-14785,2014-05-11,Office Supplies,Binders,9,11.62,0.8,104.58
US-2016-105452,BF-11005,2016-07-28,Furniture,Furnishings,5,4.94,0.6,24.7
US-2016-105452,BF-11005,2016-07-28,Furniture,Furnishings,5,60.54,0.6,302.72
CA-2017-108931,HZ-14950,2017-09-14,Office Supplies,Paper,2,4.28,0.0,8.56
CA-2017-108931,HZ-14950,2017-09-14,Office Supplies,Paper,2,5.78,0.0,11.56
CA-2017-104619,KD-16495,2017-01-24,Office Supplies,Appliances,3,8.62,0.0,25.86
CA-2017-104619,KD-16495,2017-01-24,Office Supplies,Binders,2,138.39,0.2,276.78
CA-2017-104619,KD-16495,2017-01-24,Technology,Phones,3,36.78,0.2,110.35
CA-2015-149517,FC-14245,2015-09-19,Furniture,Furnishings,3,20.28,0.0,60.84
CA-2015-116841,TP-21130,2015-04-14,Office Supplies,Appliances,1,35.21,0.2,35.21
CA-2017-107797,EB-13705,2017-05-08,Office Supplies,Paper,8,5.18,0.2,41.47
CA-2016-117604,JP-15520,2016-09-04,Office Supplies,Paper,5,47.9,0.0,239.5
CA-2014-130155,TD-20995,2014-05-19,Office Supplies,Supplies,5,6.84,0.0,34.2
CA-2016-129861,DM-13345,2016-06-17,Furniture,Tables,3,125.62,0.4,376.87
CA-2015-138625,EG-13900,2015-11-02,Office Supplies,Appliances,4,49.43,0.0,197.72
US-2017-122672,HG-14965,2017-11-04,Technology,Accessories,4,17.68,0.2,70.72
US-2017-122672,HG-14965,2017-11-04,Office Supplies,Storage,3,64.78,0.2,194.35
CA-2017-117128,BF-11080,2017-12-05,Office Supplies,Paper,6,3.6,0.0,21.6
CA-2017-117128,BF-11080,2017-12-05,Office Supplies,Labels,3,3.69,0.0,11.07
CA-2016-130638,SC-20095,2016-05-16,Furniture,Furnishings,4,70.71,0.0,282.84
CA-2016-130638,SC-20095,2016-05-16,Office Supplies,Labels,9,3.08,0.0,27.72
CA-2017-144365,CS-11950,2017-10-24,Office Supplies,Fasteners,4,2.92,0.0,11.68
CA-2016-110086,BD-11320,2016-09-18,Technology,Phones,2,119.99,0.2,239.98
CA-2014-128524,MZ-17515,2014-11-11,Office Supplies,Appliances,1,22.98,0.0,22.98
CA-2014-128524,MZ-17515,2014-11-11,Technology,Accessories,7,14.59,0.0,102.13
CA-2014-128524,MZ-17515,2014-11-11,Office Supplies,Binders,2,1016.79,0.2,2033.58
CA-2016-140256,PW-19030,2016-08-22,Office Supplies,Art,2,2.88,0.0,5.76
CA-2017-160633,BS-11380,2017-11-16,Technology,Copiers,3,299.99,0.4,899.98
CA-2017-160633,BS-11380,2017-11-16,Office Supplies,Art,3,28.78,0.2,86.35
CA-2017-160633,BS-11380,2017-11-16,Technology,Accessories,5,27.99,0.2,139.96
CA-2014-115133,DA-13450,2014-09-26,Office Supplies,Appliances,6,2.78,0.2,16.7
CA-2014-115133,DA-13450,2014-09-26,Technology,Accessories,2,1.58,0.2,3.15
CA-2014-115133,DA-13450,2014-09-26,Office Supplies,Paper,4,8.22,0.2,32.9
CA-2017-137449,ME-17725,2017-06-29,Office Supplies,Appliances,2,10.7,0.8,21.39
CA-2017-137449,ME-17725,2017-06-29,Furniture,Tables,3,102.44,0.3,307.31
CA-2017-137449,ME-17725,2017-06-29,Furniture,Bookcases,3,136.67,0.32,410.0
CA-2017-103520,MH-17785,2017-09-23,Office Supplies,Paper,2,4.62,0.2,9.25
CA-2014-139283,BT-11440,2014-11-23,Office Supplies,Binders,3,4.89,0.0,14.67
CA-2014-118192,MM-17920,2014-01-13,Office Supplies,Paper,7,5.34,0.2,37.41
CA-2014-118192,MM-17920,2014-01-13,Office Supplies,Binders,2,1.72,0.7,3.44
CA-2016-168844,NM-18520,2016-05-31,Office Supplies,Binders,3,2.38,0.2,7.15
CA-2016-168844,NM-18520,2016-05-31,Technology,Phones,6,29.95,0.0,179.7
CA-2017-154809,MH-17455,2017-02-13,Office Supplies,Appliances,8,11.33,0.0,90.64
CA-2014-151330,TC-21295,2014-10-14,Technology,Accessories,3,59.0,0.0,177.0
CA-2014-151330,TC-21295,2014-10-14,Office Supplies,Storage,7,11.35,0.0,79.45
CA-2014-151330,TC-21295,2014-10-14,Furniture,Chairs,9,180.98,0.0,1628.82
CA-2014-124702,MH-17785,2014-11-18,Furniture,Furnishings,2,68.77,0.0,137.54
CA-2014-124702,MH-17785,2014-11-18,Furniture,Tables,4,182.55,0.0,730.2
US-2017-125808,EP-13915,2017-11-12,Office Supplies,Paper,2,5.78,0.0,11.56
CA-2015-116638,JH-15985,2015-01-28,Furniture,Tables,13,330.59,0.4,4297.64
CA-2014-104563,CM-12715,2014-03-07,Office Supplies,Art,5,4.13,0.0,20.65
CA-2014-104563,CM-12715,2014-03-07,Office Supplies,Storage,5,40.98,0.0,204.9
CA-2014-104563,CM-12715,2014-03-07,Furniture,Chairs,6,72.78,0.2,436.7
CA-2014-104563,CM-12715,2014-03-07,Furniture,Chairs,2,240.78,0.2,481.57
US-2017-107979,FO-14305,2017-06-08,Technology,Accessories,7,12.79,0.2,89.54
US-2017-107979,FO-14305,2017-06-08,Office Supplies,Storage,2,17.58,0.2,35.17
US-2017-107979,FO-14305,2017-06-08,Office Supplies,Binders,2,36.29,0.7,72.59
CA-2014-150518,MW-18220,2014-11-19,Office Supplies,Storage,4,55.29,0.0,221.16
CA-2014-150518,MW-18220,2014-11-19,Technology,Phones,3,93.99,0.0,281.97
CA-2016-107104,MS-17365,2016-11-26,Furniture,Bookcases,8,425.83,0.15,3406.66
CA-2016-107104,MS-17365,2016-11-26,Office Supplies,Art,9,4.13,0.0,37.17
CA-2016-107104,MS-17365,2016-11-26,Office Supplies,Appliances,2,32.48,0.0,64.96
CA-2016-107104,MS-17365,2016-11-26,Furniture,Furnishings,6,99.23,0.0,595.38
CA-2017-161893,HP-14815,2017-01-23,Technology,Accessories,2,47.99,0.2,95.98
CA-2017-161893,HP-14815,2017-01-23,Office Supplies,Binders,2,2.47,0.7,4.94
CA-2014-156160,AS-10090,2014-09-22,Furniture,Furnishings,3,32.48,0.0,97.44
CA-2014-156160,AS-10090,2014-09-22,Office Supplies,Binders,1,3.98,0.2,3.98
CA-2014-156160,AS-10090,2014-09-22,Office Supplies,Art,4,3.26,0.0,13.04
CA-2014-156160,AS-10090,2014-09-22,Furniture,Chairs,4,144.88,0.1,579.53
CA-2014-100860,CS-12505,2014-03-26,Office Supplies,Labels,5,3.75,0.0,18.75
CA-2016-160717,ME-17320,2016-06-06,Technology,Phones,9,335.99,0.2,3023.93
CA-2016-160717,ME-17320,2016-06-06,Technology,Accessories,2,13.48,0.0,26.96
CA-2016-160717,ME-17320,2016-06-06,Technology,Phones,3,159.2,0.2,477.6
CA-2017-132619,MS-17770,2017-08-31,Office Supplies,Storage,3,64.65,0.0,193.95
US-2015-120957,KH-16690,2015-12-07,Office Supplies,Paper,2,6.48,0.0,12.96
CA-2017-157448,LC-16885,2017-11-16,Furniture,Furnishings,3,39.98,0.0,119.94
CA-2017-157448,LC-16885,2017-11-16,Furniture,Furnishings,3,4.14,0.0,12.42
CA-2016-126270,AF-10870,2016-04-23,Office Supplies,Binders,7,2.58,0.2,18.09
CA-2016-126270,AF-10870,2016-04-23,Office Supplies,Envelopes,3,23.99,0.0,71.97
CA-2017-145275,AH-10465,2017-04-02,Office Supplies,Labels,3,4.98,0.0,14.94
CA-2015-133396,GK-14620,2015-08-13,Office Supplies,Art,7,9.24,0.2,64.68
US-2017-140312,KL-16645,2017-11-13,Technology,Phones,5,4.4,0.2,22.0
CA-2016-114867,FM-14290,2016-12-23,Office Supplies,Paper,2,3.98,0.2,7.97
CA-2016-114867,FM-14290,2016-12-23,Technology,Phones,5,299.99,0.4,1499.97
US-2014-164644,JL-15850,2014-07-22,Office Supplies,Storage,1,26.63,0.2,26.63
CA-2016-137393,GM-14500,2016-05-06,Furniture,Furnishings,4,10.4,0.0,41.6
US-2014-120175,MC-17635,2014-11-28,Office Supplies,Envelopes,6,10.67,0.0,64.02
CA-2016-144785,CS-12490,2016-04-18,Office Supplies,Art,3,2.33,0.0,6.99
CA-2016-144785,CS-12490,2016-04-18,Office Supplies,Supplies,1,6.84,0.0,6.84
CA-2015-130113,AH-10030,2015-12-27,Office Supplies,Storage,2,161.55,0.0,323.1
CA-2015-130113,AH-10030,2015-12-27,Technology,Phones,9,74.24,0.2,668.16
CA-2017-122770,EP-13915,2017-12-13,Office Supplies,Labels,3,2.88,0.0,8.64
CA-2017-122770,EP-13915,2017-12-13,Office Supplies,Paper,6,6.48,0.0,38.88
CA-2017-122770,EP-13915,2017-12-13,Furniture,Furnishings,8,25.13,0.0,201.04
CA-2017-122770,EP-13915,2017-12-13,Office Supplies,Paper,2,6.48,0.0,12.96
CA-2017-118668,FW-14395,2017-01-02,Technology,Accessories,1,16.59,0.0,16.59
CA-2017-116498,KA-16525,2017-05-30,Office Supplies,Art,6,5.85,0.0,35.1
US-2017-130603,SC-20050,2017-09-30,Office Supplies,Binders,9,1.29,0.8,11.65
US-2017-135986,PG-18895,2017-06-20,Office Supplies,Paper,5,6.48,0.0,32.4
US-2017-135986,PG-18895,2017-06-20,Technology,Phones,4,125.99,0.0,503.96
CA-2017-140536,TA-21385,2017-04-04,Office Supplies,Art,4,1.76,0.0,7.04
CA-2015-130183,PO-18850,2015-11-13,Furniture,Bookcases,3,204.67,0.32,614.0
CA-2015-107902,SM-20950,2015-08-28,Office Supplies,Storage,11,42.76,0.0,470.36
CA-2017-130148,NK-18490,2017-09-24,Office Supplies,Paper,6,5.18,0.0,31.08
CA-2017-130148,NK-18490,2017-09-24,Office Supplies,Supplies,2,3.65,0.0,7.3
US-2016-151260,SC-20695,2016-12-11,Office Supplies,Appliances,4,18.38,0.2,73.54
CA-2014-144281,HK-14890,2014-06-10,Office Supplies,Labels,5,98.31,0.0,491.55
CA-2016-122511,BT-11485,2016-03-11,Furniture,Furnishings,4,7.58,0.2,30.34
CA-2017-154116,KM-16660,2017-12-15,Office Supplies,Paper,3,7.61,0.0,22.83
CA-2017-154116,KM-16660,2017-12-15,Office Supplies,Appliances,4,13.58,0.0,54.32
CA-2017-154116,KM-16660,2017-12-15,Technology,Phones,3,65.59,0.2,196.78
CA-2016-105291,SP-20920,2016-10-30,Office Supplies,Fasteners,2,1.81,0.0,3.62
CA-2017-147032,LB-16795,2017-07-31,Office Supplies,Paper,1,11.54,0.0,11.54
CA-2017-147032,LB-16795,2017-07-31,Office Supplies,Binders,5,169.99,0.0,849.95
CA-2017-147032,LB-16795,2017-07-31,Office Supplies,Binders,3,3.67,0.0,11.01
CA-2017-125990,JS-16030,2017-10-19,Office Supplies,Binders,3,13.21,0.2,39.62
CA-2016-161746,CS-11950,2016-10-21,Furniture,Chairs,3,80.71,0.2,242.14
CA-2016-161746,CS-11950,2016-10-21,Office Supplies,Art,3,4.13,0.0,12.39
CA-2016-161746,CS-11950,2016-10-21,Furniture,Furnishings,2,9.98,0.0,19.96
CA-2016-161746,CS-11950,2016-10-21,Office Supplies,Storage,3,113.64,0.0,340.92
CA-2014-114251,MD-17350,2014-11-05,Furniture,Furnishings,2,136.78,0.2,273.57
CA-2014-114251,MD-17350,2014-11-05,Office Supplies,Binders,2,6.6,0.7,13.19
CA-2014-114251,MD-17350,2014-11-05,Office Supplies,Storage,6,180.02,0.2,1080.1
CA-2014-114251,MD-17350,2014-11-05,Technology,Accessories,5,10.31,0.2,51.56
CA-2014-114251,MD-17350,2014-11-05,Technology,Accessories,2,29.21,0.2,58.42
CA-2016-116379,LD-17005,2016-11-07,Office Supplies,Binders,2,28.79,0.2,57.58
US-2016-144477,DB-13270,2016-08-12,Office Supplies,Art,4,9.33,0.2,37.31
CA-2016-108210,AT-10735,2016-05-30,Technology,Phones,5,15.99,0.2,79.96
CA-2016-108210,AT-10735,2016-05-30,Technology,Accessories,5,44.79,0.2,223.96
CA-2017-166835,DK-13375,2017-11-12,Office Supplies,Storage,2,110.51,0.2,221.02
CA-2016-119641,CS-12250,2016-09-22,Furniture,Furnishings,2,9.48,0.0,18.96
CA-2016-105781,JF-15565,2016-02-16,Furniture,Chairs,3,108.88,0.1,326.65
CA-2016-105781,JF-15565,2016-02-16,Technology,Accessories,3,29.99,0.0,89.97
CA-2014-101364,TW-21025,2014-12-22,Office Supplies,Binders,13,22.82,0.2,296.71
CA-2015-117898,TB-21250,2015-12-05,Office Supplies,Envelopes,2,6.11,0.2,12.22
CA-2017-142293,SC-20380,2017-09-17,Technology,Accessories,3,29.99,0.0,89.97
CA-2017-167395,KM-16720,2017-12-02,Office Supplies,Appliances,7,40.98,0.0,286.86
CA-2017-167395,KM-16720,2017-12-02,Technology,Phones,5,195.99,0.0,979.95
CA-2017-167395,KM-16720,2017-12-02,Office Supplies,Supplies,2,2.18,0.0,4.36
CA-2014-111962,EB-14170,2014-09-29,Office Supplies,Binders,2,5.02,0.2,10.05
CA-2014-111962,EB-14170,2014-09-29,Office Supplies,Storage,5,161.55,0.0,807.75
CA-2017-124261,JE-15715,2017-11-14,Office Supplies,Art,8,4.28,0.0,34.24
CA-2014-114321,NC-18535,2014-08-20,Furniture,Chairs,13,38.48,0.0,500.24
CA-2014-114321,NC-18535,2014-08-20,Office Supplies,Paper,2,10.06,0.0,20.12
CA-2014-114321,NC-18535,2014-08-20,Office Supplies,Binders,1,896.99,0.0,896.99
CA-2014-128062,AD-10180,2014-11-19,Office Supplies,Paper,1,5.88,0.2,5.88
US-2015-100069,NF-18475,2015-06-29,Technology,Phones,2,134.99,0.0,269.98
CA-2017-129294,KD-16615,2017-03-16,Office Supplies,Storage,2,155.06,0.0,310.12
CA-2017-129294,KD-16615,2017-03-16,Office Supplies,Binders,6,11.74,0.2,70.46
CA-2017-129294,KD-16615,2017-03-16,Office Supplies,Binders,5,3.94,0.2,19.68
CA-2017-129294,KD-16615,2017-03-16,Office Supplies,Appliances,3,46.89,0.0,140.67
CA-2015-117086,QJ-19255,2015-11-08,Furniture,Bookcases,5,880.98,0.0,4404.9
CA-2017-131303,EP-13915,2017-11-28,Office Supplies,Labels,5,12.53,0.0,62.65
CA-2016-137127,JJ-15445,2016-06-16,Office Supplies,Labels,3,3.15,0.0,9.45
CA-2017-141782,BE-11410,2017-01-21,Office Supplies,Envelopes,4,67.14,0.2,268.58
CA-2017-137505,BP-11290,2017-11-24,Furniture,Tables,2,182.04,0.2,364.08
CA-2017-137505,BP-11290,2017-11-24,Furniture,Tables,2,35.54,0.2,71.09
US-2014-140914,BH-11710,2014-11-11,Furniture,Furnishings,2,5.49,0.6,10.98
US-2014-140914,BH-11710,2014-11-11,Furniture,Chairs,4,199.49,0.3,797.94
CA-2016-158358,EM-13810,2016-03-04,Technology,Accessories,2,79.99,0.0,159.98
CA-2016-113390,EP-13915,2016-10-11,Office Supplies,Art,2,2.67,0.2,5.34
CA-2016-113390,EP-13915,2016-10-11,Office Supplies,Art,3,9.24,0.2,27.72
US-2016-158680,NZ-18565,2016-07-01,Office Supplies,Binders,1,2.5,0.2,2.5
CA-2017-113705,LC-16870,2017-03-27,Office Supplies,Labels,2,4.13,0.0,8.26
CA-2017-113705,LC-16870,2017-03-27,Office Supplies,Binders,2,8.88,0.0,17.76
CA-2017-113705,LC-16870,2017-03-27,Office Supplies,Storage,3,110.98,0.0,332.94
CA-2017-113705,LC-16870,2017-03-27,Furniture,Tables,2,146.05,0.0,292.1
CA-2017-113705,LC-16870,2017-03-27,Technology,Phones,5,41.22,0.0,206.1
CA-2017-113705,LC-16870,2017-03-27,Office Supplies,Paper,4,4.41,0.0,17.64
CA-2016-146913,SF-20965,2016-10-31,Furniture,Chairs,5,280.78,0.2,1403.92
CA-2017-159135,KM-16375,2017-11-04,Office Supplies,Art,2,2.15,0.0,4.3
CA-2014-121762,ML-17395,2014-02-14,Technology,Accessories,3,79.99,0.0,239.97
CA-2014-121762,ML-17395,2014-02-14,Office Supplies,Appliances,2,40.98,0.0,81.96
CA-2014-121762,ML-17395,2014-02-14,Office Supplies,Supplies,2,119.31,0.0,238.62
CA-2014-123855,MC-18100,2014-06-18,Technology,Phones,5,27.96,0.2,139.8
CA-2017-101959,DB-13660,2017-02-28,Office Supplies,Binders,2,4.92,0.0,9.84
CA-2017-101959,DB-13660,2017-02-28,Office Supplies,Paper,1,7.78,0.0,7.78
CA-2017-102659,LW-17215,2017-12-09,Office Supplies,Binders,5,10.98,0.0,54.9
CA-2017-142328,TC-21535,2017-12-07,Office Supplies,Paper,6,8.34,0.0,50.04
CA-2016-123533,SC-20050,2016-11-24,Furniture,Bookcases,5,67.98,0.2,339.92
CA-2016-123533,SC-20050,2016-11-24,Office Supplies,Paper,4,2.63,0.2,10.53
CA-2016-123533,SC-20050,2016-11-24,Office Supplies,Appliances,2,21.19,0.2,42.38
CA-2016-104983,FM-14215,2016-07-03,Office Supplies,Paper,5,24.78,0.2,123.92
CA-2016-160234,PF-19225,2016-06-26,Technology,Phones,1,135.95,0.0,135.95
CA-2014-169019,LF-17185,2014-07-26,Office Supplies,Binders,8,272.2,0.8,2177.58
CA-2014-169019,LF-17185,2014-07-26,Furniture,Furnishings,3,5.83,0.6,17.5
CA-2014-169019,LF-17185,2014-07-26,Office Supplies,Binders,4,4.2,0.8,16.78
CA-2014-169019,LF-17185,2014-07-26,Technology,Accessories,9,47.9,0.2,431.14
CA-2014-169019,LF-17185,2014-07-26,Office Supplies,Binders,5,1.78,0.8,8.88
CA-2014-169019,LF-17185,2014-07-26,Office Supplies,Appliances,2,2.42,0.8,4.84
CA-2016-153178,CL-12565,2016-09-14,Technology,Phones,3,145.95,0.0,437.85
CA-2016-153178,CL-12565,2016-09-14,Office Supplies,Binders,2,336.78,0.2,673.57
CA-2015-149748,EM-13825,2015-05-31,Office Supplies,Paper,5,54.96,0.0,274.8
CA-2015-149748,EM-13825,2015-05-31,Office Supplies,Storage,1,62.18,0.0,62.18
CA-2015-149748,EM-13825,2015-05-31,Furniture,Furnishings,2,4.14,0.0,8.28
CA-2015-155635,ME-17725,2015-05-09,Office Supplies,Binders,3,16.27,0.0,48.81
US-2014-114377,BG-11035,2014-11-05,Furniture,Chairs,5,29.98,0.0,149.9
CA-2017-144491,CJ-12010,2017-03-27,Furniture,Bookcases,5,204.67,0.32,1023.33
CA-2017-144491,CJ-12010,2017-03-27,Furniture,Chairs,3,200.19,0.3,600.56
CA-2017-144491,CJ-12010,2017-03-27,Technology,Accessories,1,39.99,0.2,39.99
CA-2017-144491,CJ-12010,2017-03-27,Furniture,Chairs,2,105.62,0.3,211.25
CA-2014-127166,KH-16360,2014-05-21,Office Supplies,Envelopes,6,9.34,0.2,56.06
CA-2014-127166,KH-16360,2014-05-21,Furniture,Chairs,2,53.89,0.3,107.77
CA-2014-127166,KH-16360,2014-05-21,Office Supplies,Paper,1,4.83,0.2,4.83
CA-2014-127166,KH-16360,2014-05-21,Office Supplies,Binders,3,6.08,0.8,18.24
CA-2016-125920,SH-19975,2016-05-21,Office Supplies,Binders,3,1.27,0.8,3.8
CA-2015-128608,CS-12490,2015-01-12,Office Supplies,Art,2,5.18,0.2,10.37
CA-2015-128608,CS-12490,2015-01-12,Technology,Phones,2,117.59,0.4,235.19
CA-2015-128608,CS-12490,2015-01-12,Technology,Phones,4,6.59,0.4,26.38
CA-2015-128608,CS-12490,2015-01-12,Technology,Accessories,2,5.19,0.2,10.38
CA-2015-128608,CS-12490,2015-01-12,Technology,Phones,3,35.71,0.4,107.12
CA-2017-137918,JK-15730,2017-09-29,Office Supplies,Supplies,7,13.9,0.0,97.3
CA-2015-122973,PJ-19015,2015-07-18,Office Supplies,Binders,2,1.66,0.2,3.33
CA-2015-122973,PJ-19015,2015-07-18,Technology,Phones,1,135.99,0.0,135.99
CA-2015-122973,PJ-19015,2015-07-18,Furniture,Furnishings,1,7.38,0.0,7.38
CA-2016-136322,AP-10720,2016-10-21,Furniture,Furnishings,2,22.78,0.2,45.57
CA-2016-136322,AP-10720,2016-10-21,Office Supplies,Binders,8,3.59,0.7,28.75
CA-2017-107209,JW-15955,2017-07-27,Furniture,Chairs,4,48.71,0.2,194.85
CA-2017-145093,PT-19090,2017-07-21,Office Supplies,Binders,2,1.06,0.8,2.11
US-2014-139640,TB-21595,2014-11-07,Office Supplies,Paper,5,5.18,0.2,25.92
US-2014-139640,TB-21595,2014-11-07,Office Supplies,Art,4,30.19,0.2,120.77
CA-2016-117583,CB-12025,2016-11-27,Office Supplies,Paper,4,6.48,0.0,25.92
CA-2016-117583,CB-12025,2016-11-27,Office Supplies,Art,3,11.55,0.0,34.65
CA-2016-117583,CB-12025,2016-11-27,Office Supplies,Paper,5,40.99,0.0,204.95
CA-2016-117583,CB-12025,2016-11-27,Office Supplies,Binders,5,15.99,0.0,79.95
CA-2015-162201,AG-10495,2015-06-08,Office Supplies,Paper,7,24.78,0.2,173.49
CA-2015-162201,AG-10495,2015-06-08,Office Supplies,Storage,4,129.24,0.2,516.96
CA-2015-162201,AG-10495,2015-06-08,Furniture,Furnishings,7,24.74,0.2,173.21
CA-2015-162201,AG-10495,2015-06-08,Office Supplies,Art,2,2.22,0.2,4.45
CA-2015-162201,AG-10495,2015-06-08,Office Supplies,Labels,3,3.0,0.2,9.0
CA-2015-162201,AG-10495,2015-06-08,Office Supplies,Paper,10,4.22,0.2,42.24
CA-2015-162201,AG-10495,2015-06-08,Office Supplies,Binders,2,9.13,0.7,18.26
US-2014-164406,BD-11605,2014-08-15,Office Supplies,Appliances,3,50.97,0.0,152.91
US-2014-164406,BD-11605,2014-08-15,Office Supplies,Paper,3,30.98,0.0,92.94
US-2014-164406,BD-11605,2014-08-15,Office Supplies,Binders,4,4.46,0.2,17.86
US-2014-164406,BD-11605,2014-08-15,Office Supplies,Binders,3,15.48,0.2,46.44
US-2014-164406,BD-11605,2014-08-15,Furniture,Chairs,4,48.78,0.2,195.14
CA-2017-169999,JS-15685,2017-06-19,Office Supplies,Storage,2,64.65,0.0,129.3
CA-2017-169999,JS-15685,2017-06-19,Office Supplies,Binders,3,3.86,0.2,11.57
US-2017-152842,NF-18385,2017-07-16,Furniture,Chairs,3,80.78,0.2,242.35
CA-2014-113257,SC-20305,2014-12-16,Technology,Accessories,4,79.99,0.2,319.97
CA-2014-113257,SC-20305,2014-12-16,Furniture,Furnishings,7,1.23,0.6,8.62
CA-2014-133963,GA-14515,2014-05-18,Office Supplies,Paper,1,3.98,0.2,3.98
CA-2017-130302,CY-12745,2017-09-14,Technology,Accessories,7,127.99,0.2,895.94
CA-2016-126627,WB-21850,2016-10-10,Furniture,Furnishings,4,3.5,0.6,14.0
CA-2016-126627,WB-21850,2016-10-10,Office Supplies,Binders,2,8.2,0.8,16.39
US-2016-125402,DL-12865,2016-09-25,Office Supplies,Paper,5,2.18,0.0,10.9
US-2016-125402,DL-12865,2016-09-25,Office Supplies,Labels,2,14.8,0.0,29.6
US-2016-125402,DL-12865,2016-09-25,Office Supplies,Labels,1,4.98,0.0,4.98
US-2016-125402,DL-12865,2016-09-25,Technology,Copiers,3,159.99,0.2,479.98
US-2016-125402,DL-12865,2016-09-25,Technology,Phones,8,5.59,0.2,44.74
US-2016-125402,DL-12865,2016-09-25,Office Supplies,Art,2,2.88,0.0,5.76
US-2016-125402,DL-12865,2016-09-25,Furniture,Chairs,4,120.78,0.2,483.14
CA-2014-163867,RE-19450,2014-06-03,Office Supplies,Labels,4,3.98,0.2,15.94
CA-2014-163867,RE-19450,2014-06-03,Furniture,Furnishings,7,8.79,0.6,61.54
CA-2014-163867,RE-19450,2014-06-03,Office Supplies,Storage,3,44.23,0.2,132.7
CA-2017-169327,MH-17290,2017-09-02,Office Supplies,Appliances,5,8.62,0.0,43.1
CA-2017-169327,MH-17290,2017-09-02,Furniture,Furnishings,5,102.3,0.0,511.5
CA-2017-169327,MH-17290,2017-09-02,Office Supplies,Binders,5,29.58,0.2,147.92
CA-2014-142979,EH-13765,2014-04-12,Office Supplies,Art,2,19.84,0.0,39.68
CA-2016-158155,EH-13765,2016-05-02,Furniture,Furnishings,2,6.28,0.0,12.56
CA-2016-158155,EH-13765,2016-05-02,Office Supplies,Binders,3,30.16,0.2,90.48
CA-2016-158155,EH-13765,2016-05-02,Office Supplies,Paper,2,6.54,0.0,13.08
CA-2016-158155,EH-13765,2016-05-02,Furniture,Furnishings,5,42.94,0.0,214.7
CA-2017-138870,GA-14515,2017-06-19,Furniture,Furnishings,4,12.58,0.0,50.32
CA-2017-138870,GA-14515,2017-06-19,Office Supplies,Paper,2,12.28,0.0,24.56
CA-2014-120950,GA-14515,2014-11-06,Office Supplies,Paper,6,7.28,0.0,43.68
CA-2015-164301,EB-13840,2015-03-26,Furniture,Tables,8,424.21,0.0,3393.68
CA-2017-113278,HR-14770,2017-01-14,Office Supplies,Storage,5,13.48,0.0,67.4
CA-2017-113278,HR-14770,2017-01-14,Office Supplies,Fasteners,2,1.26,0.0,2.52
CA-2017-113278,HR-14770,2017-01-14,Technology,Phones,4,16.95,0.0,67.8
CA-2017-113278,HR-14770,2017-01-14,Office Supplies,Storage,2,9.38,0.0,18.76
CA-2017-113278,HR-14770,2017-01-14,Technology,Accessories,4,3.03,0.0,12.12
CA-2017-113278,HR-14770,2017-01-14,Office Supplies,Paper,1,11.34,0.0,11.34
CA-2017-113278,HR-14770,2017-01-14,Technology,Accessories,4,39.95,0.0,159.8
CA-2017-113278,HR-14770,2017-01-14,Furniture,Furnishings,2,9.48,0.0,18.96
US-2015-116981,SM-20950,2015-03-26,Office Supplies,Storage,7,155.06,0.0,1085.42
US-2015-116981,SM-20950,2015-03-26,Office Supplies,Appliances,3,4.37,0.0,13.11
CA-2014-114195,EA-14035,2014-11-01,Furniture,Furnishings,2,34.35,0.2,68.7
CA-2014-114195,EA-14035,2014-11-01,Office Supplies,Binders,2,1.57,0.7,3.13
CA-2014-114195,EA-14035,2014-11-01,Office Supplies,Binders,3,7.48,0.7,22.43
CA-2017-146269,MH-17455,2017-10-06,Office Supplies,Storage,2,145.17,0.2,290.34
CA-2017-146269,MH-17455,2017-10-06,Office Supplies,Art,2,9.58,0.2,19.15
CA-2016-100587,SL-20155,2016-12-10,Office Supplies,Paper,1,6.48,0.0,6.48
CA-2016-166653,NP-18685,2016-09-22,Office Supplies,Envelopes,2,31.98,0.2,63.97
CA-2015-130855,RF-19840,2015-12-29,Office Supplies,Supplies,2,3.18,0.0,6.36
US-2017-166324,BE-11455,2017-04-20,Office Supplies,Storage,4,212.14,0.2,848.54
US-2017-166324,BE-11455,2017-04-20,Office Supplies,Binders,5,1.74,0.7,8.7
US-2017-166324,BE-11455,2017-04-20,Technology,Phones,3,40.79,0.4,122.38
CA-2016-122581,JK-15370,2016-08-21,Furniture,Chairs,7,81.88,0.1,573.17
CA-2015-104297,CC-12100,2015-05-29,Office Supplies,Paper,3,28.35,0.2,85.06
CA-2014-153927,LL-16840,2014-08-12,Office Supplies,Binders,3,4.68,0.0,14.04
CA-2014-153927,LL-16840,2014-08-12,Technology,Accessories,13,20.97,0.0,272.61
CA-2014-112291,KE-16420,2014-04-03,Office Supplies,Envelopes,2,5.58,0.0,11.16
CA-2014-112291,KE-16420,2014-04-03,Technology,Accessories,3,20.77,0.0,62.31
CA-2014-112291,KE-16420,2014-04-03,Technology,Accessories,2,79.99,0.0,159.98
CA-2014-146997,SG-20605,2014-01-23,Office Supplies,Fasteners,3,1.98,0.0,5.94
CA-2017-169607,CA-12265,2017-10-12,Office Supplies,Paper,2,4.98,0.0,9.96
CA-2015-127544,RD-19585,2015-08-08,Technology,Accessories,1,79.99,0.0,79.99
CA-2017-166499,VG-21805,2017-03-19,Office Supplies,Art,3,2.98,0.0,8.94
US-2016-115441,SH-19975,2016-07-25,Office Supplies,Paper,2,10.31,0.0,20.62
US-2016-115441,SH-19975,2016-07-25,Technology,Accessories,7,17.75,0.0,124.25
US-2016-115441,SH-19975,2016-07-25,Technology,Phones,5,59.51,0.0,297.55
US-2016-115441,SH-19975,2016-07-25,Furniture,Chairs,4,100.89,0.0,403.56
US-2016-115441,SH-19975,2016-07-25,Furniture,Furnishings,5,19.04,0.0,95.2
CA-2014-115049,MM-17920,2014-09-26,Technology,Accessories,11,13.98,0.2,153.82
CA-2014-156342,JF-15415,2014-06-17,Office Supplies,Paper,2,31.01,0.2,62.02
CA-2016-112830,LP-17095,2016-06-06,Furniture,Furnishings,3,155.44,0.2,466.32
CA-2016-112830,LP-17095,2016-06-06,Furniture,Furnishings,2,41.32,0.2,82.64
US-2014-117380,MP-18175,2014-03-28,Furniture,Tables,1,330.59,0.4,330.59
CA-2017-117646,SC-20845,2017-08-21,Office Supplies,Storage,3,79.03,0.2,237.1
CA-2017-117646,SC-20845,2017-08-21,Furniture,Furnishings,3,7.58,0.2,22.75
CA-2017-117646,SC-20845,2017-08-21,Office Supplies,Paper,1,6.67,0.2,6.67
CA-2014-122609,DP-13000,2014-11-12,Furniture,Furnishings,3,8.38,0.6,25.13
CA-2014-122609,DP-13000,2014-11-12,Technology,Accessories,2,63.99,0.2,127.98
US-2015-129007,KD-16615,2015-09-13,Furniture,Furnishings,7,18.84,0.0,131.88
US-2015-129007,KD-16615,2015-09-13,Office Supplies,Binders,3,8.34,0.2,25.03
US-2015-129007,KD-16615,2015-09-13,Furniture,Chairs,3,239.24,0.2,717.72
US-2015-129007,KD-16615,2015-09-13,Furniture,Furnishings,5,41.47,0.0,207.35
US-2015-129007,KD-16615,2015-09-13,Furniture,Furnishings,3,14.89,0.0,44.67
US-2015-129007,KD-16615,2015-09-13,Office Supplies,Paper,2,104.85,0.0,209.7
US-2014-157231,RP-19855,2014-04-05,Office Supplies,Binders,7,16.48,0.0,115.36
CA-2015-132388,KN-16390,2015-10-10,Furniture,Chairs,3,120.71,0.2,362.14
CA-2015-132388,KN-16390,2015-10-10,Office Supplies,Labels,3,10.35,0.0,31.05
CA-2017-160927,TM-21010,2017-01-29,Office Supplies,Paper,2,6.48,0.0,12.96
CA-2017-160927,TM-21010,2017-01-29,Office Supplies,Paper,5,18.97,0.0,94.85
CA-2017-160927,TM-21010,2017-01-29,Office Supplies,Storage,1,13.48,0.0,13.48
CA-2017-160927,TM-21010,2017-01-29,Furniture,Furnishings,3,4.97,0.0,14.91
CA-2015-105508,JF-15190,2015-09-24,Office Supplies,Envelopes,1,39.98,0.0,39.98
CA-2016-149272,MY-18295,2016-03-15,Furniture,Chairs,5,105.69,0.3,528.43
CA-2016-149272,MY-18295,2016-03-15,Office Supplies,Binders,7,3.2,0.8,22.39
CA-2014-111360,AT-10435,2014-11-24,Office Supplies,Binders,3,1.91,0.7,5.74
US-2017-162124,JF-15490,2017-05-06,Technology,Accessories,4,47.99,0.2,191.97
CA-2015-159534,DH-13075,2015-03-20,Office Supplies,Binders,3,16.62,0.2,49.85
CA-2015-159534,DH-13075,2015-03-20,Office Supplies,Envelopes,1,23.99,0.0,23.99
CA-2015-159534,DH-13075,2015-03-20,Office Supplies,Binders,8,135.99,0.2,1087.94
CA-2015-159534,DH-13075,2015-03-20,Technology,Phones,2,99.99,0.0,199.98
CA-2015-159534,DH-13075,2015-03-20,Office Supplies,Storage,4,20.98,0.0,83.92
CA-2016-129630,IM-15055,2016-09-04,Furniture,Furnishings,3,8.09,0.0,24.27
CA-2016-129630,IM-15055,2016-09-04,Technology,Copiers,5,559.99,0.2,2799.96
CA-2015-104948,KH-16510,2015-11-13,Office Supplies,Binders,2,4.94,0.2,9.87
CA-2015-104948,KH-16510,2015-11-13,Furniture,Bookcases,4,170.83,0.15,683.33
CA-2015-104948,KH-16510,2015-11-13,Office Supplies,Paper,7,4.28,0.0,29.96
CA-2014-166555,JK-15205,2014-07-11,Technology,Phones,3,54.95,0.0,164.85
CA-2016-114405,AS-10240,2016-04-07,Office Supplies,Appliances,3,11.18,0.2,33.53
CA-2016-114405,AS-10240,2016-04-07,Office Supplies,Storage,3,12.25,0.2,36.74
CA-2017-132955,SC-20575,2017-06-24,Office Supplies,Binders,3,34.31,0.0,102.93
CA-2016-164889,CP-12340,2016-06-03,Furniture,Tables,2,35.54,0.2,71.09
CA-2016-169824,NS-18640,2016-12-12,Furniture,Furnishings,5,12.07,0.0,60.35
CA-2016-169824,NS-18640,2016-12-12,Office Supplies,Supplies,4,8.88,0.0,35.52
CA-2016-169824,NS-18640,2016-12-12,Office Supplies,Art,7,1.6,0.0,11.2
CA-2017-164028,JL-15835,2017-11-24,Technology,Accessories,14,15.97,0.0,223.58
CA-2014-143371,MD-17350,2014-12-28,Office Supplies,Storage,9,110.98,0.0,998.82
CA-2014-143371,MD-17350,2014-12-28,Office Supplies,Supplies,5,10.23,0.0,51.15
CA-2015-145415,RD-19660,2015-04-12,Office Supplies,Storage,3,13.58,0.0,40.74
CA-2014-111157,NH-18610,2014-03-02,Office Supplies,Paper,1,3.42,0.2,3.42
CA-2014-111157,NH-18610,2014-03-02,Technology,Accessories,3,50.4,0.2,151.2
CA-2017-121559,HW-14935,2017-06-01,Furniture,Chairs,6,320.98,0.0,1925.88
CA-2017-121559,HW-14935,2017-06-01,Office Supplies,Appliances,8,300.65,0.0,2405.2
CA-2017-121559,HW-14935,2017-06-01,Technology,Accessories,3,27.99,0.0,83.97
CA-2017-121559,HW-14935,2017-06-01,Technology,Accessories,1,39.89,0.0,39.89
CA-2017-121559,HW-14935,2017-06-01,Office Supplies,Binders,2,8.69,0.0,17.38
CA-2015-141593,DB-12970,2015-12-14,Office Supplies,Binders,2,27.63,0.2,55.26
CA-2015-141593,DB-12970,2015-12-14,Office Supplies,Paper,1,6.48,0.0,6.48
CA-2015-141593,DB-12970,2015-12-14,Office Supplies,Binders,3,11.42,0.2,34.25
CA-2015-141593,DB-12970,2015-12-14,Furniture,Tables,2,136.78,0.2,273.57
US-2014-143287,KN-16705,2014-11-11,Office Supplies,Paper,5,9.27,0.0,46.35
US-2014-143287,KN-16705,2014-11-11,Office Supplies,Paper,4,55.98,0.0,223.92
US-2014-143287,KN-16705,2014-11-11,Office Supplies,Supplies,2,3.65,0.0,7.3
CA-2017-137421,AJ-10945,2017-10-06,Office Supplies,Art,2,4.67,0.2,9.34
CA-2017-141446,CL-12700,2017-09-16,Technology,Accessories,1,18.0,0.0,18.0
CA-2015-168088,CM-12655,2015-03-19,Office Supplies,Paper,2,32.79,0.2,65.58
CA-2015-168088,CM-12655,2015-03-19,Furniture,Bookcases,4,95.87,0.32,383.47
CA-2015-143700,AS-10240,2015-07-26,Office Supplies,Paper,2,5.18,0.2,10.37
CA-2016-146374,HE-14800,2016-12-05,Furniture,Furnishings,1,13.4,0.0,13.4
CA-2016-146374,HE-14800,2016-12-05,Office Supplies,Paper,1,4.98,0.0,4.98
CA-2016-146374,HE-14800,2016-12-05,Office Supplies,Envelopes,7,15.67,0.0,109.69
CA-2017-153871,RB-19435,2017-12-11,Office Supplies,Binders,5,8.04,0.0,40.2
CA-2017-153871,RB-19435,2017-12-11,Office Supplies,Binders,2,367.99,0.0,735.98
CA-2017-153871,RB-19435,2017-12-11,Office Supplies,Appliances,7,3.25,0.0,22.75
CA-2015-103772,MP-17470,2015-06-28,Office Supplies,Binders,2,59.78,0.0,119.56
CA-2015-103772,MP-17470,2015-06-28,Office Supplies,Art,5,28.15,0.0,140.75
CA-2016-130225,RC-19960,2016-09-11,Office Supplies,Envelopes,2,49.78,0.2,99.57
US-2016-103674,AP-10720,2016-12-06,Technology,Phones,5,54.39,0.2,271.96
US-2016-103674,AP-10720,2016-12-06,Office Supplies,Art,7,2.67,0.0,18.69
US-2016-103674,AP-10720,2016-12-06,Office Supplies,Paper,2,6.68,0.0,13.36
US-2016-103674,AP-10720,2016-12-06,Technology,Phones,2,124.79,0.2,249.58
US-2016-103674,AP-10720,2016-12-06,Office Supplies,Fasteners,7,1.98,0.0,13.86
US-2016-103674,AP-10720,2016-12-06,Office Supplies,Binders,4,3.34,0.2,13.38
US-2016-103674,AP-10720,2016-12-06,Office Supplies,Binders,14,31.25,0.2,437.47
US-2015-151435,SW-20455,2015-09-06,Furniture,Tables,1,85.98,0.0,85.98
CA-2017-163566,TB-21055,2017-08-03,Office Supplies,Labels,5,3.3,0.2,16.52
US-2016-157728,RC-19960,2016-09-22,Office Supplies,Paper,7,5.08,0.0,35.56
US-2016-157728,RC-19960,2016-09-22,Technology,Phones,2,48.99,0.0,97.98
CA-2015-100251,DV-13465,2015-05-17,Office Supplies,Labels,10,3.15,0.0,31.5
CA-2015-100251,DV-13465,2015-05-17,Office Supplies,Supplies,4,13.9,0.0,55.6
CA-2016-125794,ML-17410,2016-09-29,Technology,Accessories,1,36.24,0.0,36.24
CA-2017-163629,RA-19885,2017-11-17,Technology,Accessories,1,79.99,0.0,79.99
CA-2017-163629,RA-19885,2017-11-17,Technology,Phones,5,41.22,0.0,206.1
CA-2014-110422,TB-21400,2014-01-21,Furniture,Furnishings,3,8.42,0.2,25.25
CA-2017-121258,DB-13060,2017-02-26,Furniture,Furnishings,2,45.98,0.0,91.96
CA-2017-121258,DB-13060,2017-02-26,Technology,Phones,2,129.29,0.2,258.58
CA-2017-121258,DB-13060,2017-02-26,Office Supplies,Paper,4,7.4,0.0,29.6
CA-2017-119914,CC-12220,2017-05-04,Office Supplies,Appliances,2,121.58,0.0,243.16
